HmRegion_Num,Chr,Start,End,Center,Length,Overlap_Genes,NOvrlap_Transposase,num_HmAln_All,num_HmAln_PR_BelowSeqID100,num_HmAln_PR_MinSeqID99,HmRegionNum,HmRegionID,NOvrlap_IS6110_Label,PR_SetID,Norm_Donor_Count,N_Events_Mapped,N_Events_Putative,EventSkew,DonAccCt,EventSkew_Norm,GCE_FractionMapped,Num_PR_SNPs_All,Num_PR_SNPs_Unq
0,NC_000962.3,80184,80523,80353.5,339,Rv0071,0,1,1,1,0,PR_HmRegion_000,0,PR_Set_1,0.0,0,0,0.0,0.0,0.0,0.0,20,20
1,NC_000962.3,80623,82664,81643.5,2041,"Rv0072,Rv0073",0,1,1,1,1,PR_HmRegion_001,0,PR_Set_2,0.0,0,0,0.0,0.0,0.0,0.0,374,374
2,NC_000962.3,103705,105130,104417.5,1425,"Rv0094c,Rv0095c",0,2,2,2,2,PR_HmRegion_002,0,PR_Set_3,10.5,19,31,8.5,29.5,0.288135593220339,0.6129032258064516,68,68
3,NC_000962.3,149571,149808,149689.5,237,PE_PGRS2,0,1,1,1,3,PR_HmRegion_003,0,PR_Set_4,0.0,0,0,0.0,0.0,0.0,0.0,38,38
4,NC_000962.3,177203,177447,177325.0,244,_,0,1,1,1,4,PR_HmRegion_004,0,PR_Set_5,0.0,0,0,0.0,0.0,0.0,0.0,21,21
5,NC_000962.3,196950,204585,200767.5,7635,"yrbE1A,yrbE1B,mce1A,mce1B,mce1C,mce1D,lprK",0,1,1,1,5,PR_HmRegion_005,0,PR_Set_6,0.0,0,0,0.0,0.0,0.0,0.0,1589,1589
6,NC_000962.3,272850,272955,272902.5,105,_,0,1,1,1,6,PR_HmRegion_006,0,PR_Set_7,0.0,0,0,0.0,0.0,0.0,0.0,6,6
7,NC_000962.3,308996,309532,309264.0,536,PPE2,0,1,1,1,7,PR_HmRegion_007,0,PR_Set_8,0.0,0,0,0.0,0.0,0.0,0.0,109,109
8,NC_000962.3,309898,310101,309999.5,203,Rv0257,0,3,3,3,8,PR_HmRegion_008,0,PR_Set_9,0.0,0,0,0.0,0.0,0.0,0.0,44,34
9,NC_000962.3,332698,336379,334538.5,3681,"vapC25,vapB25,PE_PGRS3",0,4,4,4,9,PR_HmRegion_009,0,PR_Set_10_B,8.0,4,4,-4.0,12.0,-0.3333333333333333,1.0,1300,958
10,NC_000962.3,336565,339142,337853.5,2577,PE_PGRS4,0,2,2,2,10,PR_HmRegion_010,0,PR_Set_10_A,2.0,6,10,4.0,8.0,0.5,0.6,730,730
11,NC_000962.3,339372,339909,339640.5,537,PPE3,0,1,1,1,11,PR_HmRegion_011,0,PR_Set_8,0.0,0,0,0.0,0.0,0.0,0.0,109,109
12,NC_000962.3,361334,362020,361677.0,686,PE_PGRS5,0,1,1,1,12,PR_HmRegion_012,0,PR_Set_11,0.0,0,0,0.0,0.0,0.0,0.0,131,131
13,NC_000962.3,366432,368602,367517.0,2170,PPE5,0,1,1,1,13,PR_HmRegion_013,0,PR_Set_12,0.0,0,0,0.0,0.0,0.0,0.0,864,665
14,NC_000962.3,373173,375119,374146.0,1946,PPE6,0,1,1,1,14,PR_HmRegion_014,0,PR_Set_12,0.0,0,0,0.0,0.0,0.0,0.0,1452,960
15,NC_000962.3,400151,401701,400926.0,1550,Rv0336,0,1,1,0,15,PR_HmRegion_015,0,PR_Set_13,0.0,0,0,0.0,0.0,0.0,0.0,1,1
16,NC_000962.3,424843,425566,425204.5,723,PPE8,0,1,1,1,16,PR_HmRegion_016,0,PR_Set_14,0.0,0,0,0.0,0.0,0.0,0.0,139,139
17,NC_000962.3,433399,434095,433747.0,696,PPE8,0,1,1,1,17,PR_HmRegion_017,0,PR_Set_14,0.0,0,0,0.0,0.0,0.0,0.0,139,139
18,NC_000962.3,473743,474099,473921.0,356,Rv0393,0,1,1,1,18,PR_HmRegion_018,0,PR_Set_15,2.0,2,2,0.0,4.0,0.0,1.0,18,18
19,NC_000962.3,475809,476177,475993.0,368,Rv0397,0,1,1,1,19,PR_HmRegion_019,0,PR_Set_15,2.0,2,2,0.0,4.0,0.0,1.0,18,18
20,NC_000962.3,562306,562394,562350.0,88,Rv0471c,0,1,1,1,20,PR_HmRegion_020,0,PR_Set_16,0.0,0,0,0.0,0.0,0.0,0.0,0,0
24,NC_000962.3,580730,580814,580772.0,84,regX3,0,1,0,0,24,PR_HmRegion_024,0,PR_Set_18,0.0,0,0,0.0,0.0,0.0,0.0,0,0
25,NC_000962.3,606510,608060,607285.0,1550,"Rv0515,Rv0516c",0,1,1,0,25,PR_HmRegion_025,0,PR_Set_13,0.0,0,0,0.0,0.0,0.0,0.0,1,1
26,NC_000962.3,642713,642814,642763.5,101,fadD8,0,1,1,1,26,PR_HmRegion_026,0,PR_Set_19,0.0,0,0,0.0,0.0,0.0,0.0,4,4
28,NC_000962.3,701363,702728,702045.5,1365,"Rv0605,Rv0606",1,1,1,1,28,PR_HmRegion_028,0,PR_Set_20,0.0,0,0,0.0,0.0,0.0,0.0,229,229
29,NC_000962.3,718763,719929,719346.0,1166,Rv0628c,0,1,1,1,29,PR_HmRegion_029,0,PR_Set_21,0.0,0,0,0.0,0.0,0.0,0.0,168,168
30,NC_000962.3,832044,832356,832200.0,312,Rv0740,0,1,1,1,30,PR_HmRegion_030,0,PR_Set_22,3.0,0,0,-3.0,3.0,-1.0,0.0,11,11
31,NC_000962.3,835775,836519,836147.0,744,PE_PGRS9,0,2,2,2,31,PR_HmRegion_031,0,PR_Set_23,0.0,0,0,0.0,0.0,0.0,0.0,194,142
32,NC_000962.3,838485,841665,840075.0,3180,"PE_PGRS10,vapB31,vapC31",0,8,8,8,32,PR_HmRegion_032,0,PR_Set_10_B,3.0,3,5,0.0,6.0,0.0,0.6,2039,1525
36,NC_000962.3,921579,921893,921736.0,314,"Rv0828c,Rv0829",1,3,3,3,36,PR_HmRegion_036,0,PR_Set_20,0.0,2,2,2.0,2.0,1.0,1.0,63,46
37,NC_000962.3,925071,927514,926292.5,2443,"PE_PGRS12,PE_PGRS13",0,3,3,3,37,PR_HmRegion_037,0,PR_Set_10_A,0.0,0,1,0.0,0.0,0.0,0.0,919,648
38,NC_000962.3,960166,960326,960246.0,160,_,0,8,5,5,38,PR_HmRegion_038,0,PR_Set_26,0.0,0,0,0.0,0.0,0.0,0.0,18,18
39,NC_000962.3,972557,973723,973140.0,1166,Rv0874c,0,1,1,1,39,PR_HmRegion_039,0,PR_Set_21,0.0,0,0,0.0,0.0,0.0,0.0,168,168
40,NC_000962.3,1093195,1094592,1093893.5,1397,PE_PGRS17,0,2,2,2,40,PR_HmRegion_040,0,PR_Set_27,6.0,4,4,-2.0,10.0,-0.2,1.0,82,73
41,NC_000962.3,1094827,1096692,1095759.5,1865,"Rv0979c,rpmF,PE_PGRS18",0,2,2,2,41,PR_HmRegion_041,0,PR_Set_27,3.0,8,9,5.0,11.0,0.4545454545454545,0.8888888888888888,92,83
44,NC_000962.3,1169296,1170733,1170014.5,1437,Rv1047,1,5,3,0,44,PR_HmRegion_044,0,PR_Set_30,0.0,0,0,0.0,0.0,0.0,0.0,5,3
45,NC_000962.3,1188420,1190175,1189297.5,1755,PE_PGRS19,0,1,1,1,45,PR_HmRegion_045,0,PR_Set_31,0.0,0,0,0.0,0.0,0.0,0.0,91,91
46,NC_000962.3,1190756,1191899,1191327.5,1143,PE_PGRS20,0,1,1,1,46,PR_HmRegion_046,0,PR_Set_31,0.0,0,0,0.0,0.0,0.0,0.0,91,91
47,NC_000962.3,1211526,1212209,1211867.5,683,PE_PGRS21,0,1,1,1,47,PR_HmRegion_047,0,PR_Set_32,0.0,0,1,0.0,0.0,0.0,0.0,99,99
48,NC_000962.3,1216433,1217118,1216775.5,685,PE_PGRS22,0,1,1,1,48,PR_HmRegion_048,0,PR_Set_32,0.0,0,0,0.0,0.0,0.0,0.0,99,99
49,NC_000962.3,1275924,1276053,1275988.5,129,_,0,1,1,1,49,PR_HmRegion_049,0,PR_Set_33,0.0,0,0,0.0,0.0,0.0,0.0,5,5
51,NC_000962.3,1277842,1278820,1278331.0,978,"Rv1149,Rv1150",2,1,0,0,51,PR_HmRegion_051,0,PR_Set_29,0.0,0,0,0.0,0.0,0.0,0.0,0,0
52,NC_000962.3,1287354,1288094,1287724.0,740,narG,0,1,1,1,52,PR_HmRegion_052,0,PR_Set_35,0.0,0,0,0.0,0.0,0.0,0.0,99,99
53,NC_000962.3,1338923,1340433,1339678.0,1510,"PE13,PPE18",0,2,2,2,53,PR_HmRegion_053,0,PR_Set_36,6.0,7,7,1.0,13.0,0.0769230769230769,1.0,240,240
55,NC_000962.3,1341295,1342730,1342012.5,1435,Rv1199c,1,5,4,0,55,PR_HmRegion_055,0,PR_Set_30,0.0,0,0,0.0,0.0,0.0,0.0,7,4
56,NC_000962.3,1357376,1357613,1357494.5,237,PE14,0,1,1,1,56,PR_HmRegion_056,0,PR_Set_4,0.0,0,0,0.0,0.0,0.0,0.0,38,38
58,NC_000962.3,1468141,1469654,1468897.5,1513,Rv1313c,1,1,1,1,58,PR_HmRegion_058,0,PR_Set_38,1.0,0,0,-1.0,1.0,-1.0,0.0,5,5
59,NC_000962.3,1489087,1489833,1489460.0,746,PE_PGRS24,0,1,1,1,59,PR_HmRegion_059,0,PR_Set_10_A,0.0,0,0,0.0,0.0,0.0,0.0,167,167
61,NC_000962.3,1541948,1543318,1542633.0,1370,"Rv1369c,Rv1370c",2,15,1,0,61,PR_HmRegion_061,1,PR_Set_24,0.0,0,0,0.0,0.0,0.0,0.0,1,1
62,NC_000962.3,1573170,1573856,1573513.0,686,PE_PGRS25,0,1,1,1,62,PR_HmRegion_062,0,PR_Set_11,0.0,0,0,0.0,0.0,0.0,0.0,131,131
63,NC_000962.3,1631389,1632123,1631756.0,734,PE_PGRS27,0,1,1,1,63,PR_HmRegion_063,0,PR_Set_39,0.0,0,0,0.0,0.0,0.0,0.0,130,130
64,NC_000962.3,1633310,1634790,1634050.0,1480,PE_PGRS27,0,2,2,2,64,PR_HmRegion_064,0,PR_Set_23,19.0,14,19,-5.0,33.0,-0.1515151515151515,0.7368421052631579,187,187
65,NC_000962.3,1636705,1639561,1638133.0,2856,"PE_PGRS28,Rv1453",0,3,3,3,65,PR_HmRegion_065,0,PR_Set_23,14.0,19,21,5.0,33.0,0.1515151515151515,0.9047619047619048,426,426
66,NC_000962.3,1644262,1644365,1644313.5,103,Rv1459c,0,2,2,2,66,PR_HmRegion_066,0,PR_Set_40,0.0,0,0,0.0,0.0,0.0,0.0,22,12
67,NC_000962.3,1701374,1702581,1701977.5,1207,Rv1510,0,1,1,1,67,PR_HmRegion_067,0,PR_Set_41,0.0,0,0,0.0,0.0,0.0,0.0,247,247
68,NC_000962.3,1702675,1702849,1702762.0,174,_,0,2,2,2,68,PR_HmRegion_068,0,PR_Set_9,0.0,0,0,0.0,0.0,0.0,0.0,28,23
69,NC_000962.3,1722178,1728375,1725276.5,6197,pks5,0,2,2,2,69,PR_HmRegion_069,0,PR_Set_42,0.0,0,0,0.0,0.0,0.0,0.0,2820,2409
70,NC_000962.3,1735509,1735826,1735667.5,317,_,0,1,1,1,70,PR_HmRegion_070,0,PR_Set_43,0.0,0,0,0.0,0.0,0.0,0.0,42,42
71,NC_000962.3,1779808,1780054,1779931.0,246,Rv1574,0,1,1,1,71,PR_HmRegion_071,0,PR_Set_44,0.0,0,0,0.0,0.0,0.0,0.0,41,36
72,NC_000962.3,1780334,1780580,1780457.0,246,Rv1575,0,2,2,2,72,PR_HmRegion_072,0,PR_Set_44,0.0,0,0,0.0,0.0,0.0,0.0,68,61
73,NC_000962.3,1780615,1782817,1781716.0,2202,"Rv1575,Rv1576c,Rv1577c,Rv1578c",0,1,1,1,73,PR_HmRegion_073,0,PR_Set_45,0.0,0,0,0.0,0.0,0.0,0.0,250,250
74,NC_000962.3,1788513,1789865,1789189.0,1352,"Rv1587c,Rv1588c",0,2,2,1,74,PR_HmRegion_074,0,PR_Set_3,11.5,8,10,-3.5,19.5,-0.1794871794871795,0.8,35,35
75,NC_000962.3,1814852,1815128,1814990.0,276,_,0,3,3,3,75,PR_HmRegion_075,0,PR_Set_9,0.0,0,0,0.0,0.0,0.0,0.0,52,49
76,NC_000962.3,1875403,1878873,1877138.0,3470,pks7,0,3,3,3,76,PR_HmRegion_076,0,PR_Set_46,0.0,0,0,0.0,0.0,0.0,0.0,1319,1069
77,NC_000962.3,1879290,1879378,1879334.0,88,pks7,0,1,1,1,77,PR_HmRegion_077,0,PR_Set_16,0.0,0,0,0.0,0.0,0.0,0.0,0,0
80,NC_000962.3,1895523,1895591,1895557.0,68,_,0,1,0,0,80,PR_HmRegion_080,0,PR_Set_47,0.0,0,0,0.0,0.0,0.0,0.0,0,0
81,NC_000962.3,1946848,1947023,1946935.5,175,_,0,1,1,1,81,PR_HmRegion_081,0,PR_Set_48,0.0,0,0,0.0,0.0,0.0,0.0,3,3
84,NC_000962.3,1996098,1998612,1997355.0,2514,"Rv1763,Rv1764,Rv1765c",2,16,1,0,84,PR_HmRegion_084,1,PR_Set_24,0.0,0,0,0.0,0.0,0.0,0.0,0,0
85,NC_000962.3,2025301,2026163,2025732.0,862,PPE25,0,1,1,1,85,PR_HmRegion_085,0,PR_Set_49,3.0,2,2,-1.0,5.0,-0.2,1.0,9,9
86,NC_000962.3,2028425,2029242,2028833.5,817,PPE27,0,1,1,1,86,PR_HmRegion_086,0,PR_Set_49,2.0,3,4,1.0,5.0,0.2,0.75,9,9
87,NC_000962.3,2030331,2030983,2030657.0,652,"esxM,esxN",0,4,4,4,87,PR_HmRegion_087,0,PR_Set_28,1.0,4,4,3.0,5.0,0.6,1.0,126,81
88,NC_000962.3,2047595,2047908,2047751.5,313,Rv1805c,0,1,1,1,88,PR_HmRegion_088,0,PR_Set_43,0.0,0,0,0.0,0.0,0.0,0.0,41,41
89,NC_000962.3,2059429,2059579,2059504.0,150,_,0,2,2,2,89,PR_HmRegion_089,0,PR_Set_19,0.0,0,0,0.0,0.0,0.0,0.0,6,6
90,NC_000962.3,2074435,2074521,2074478.0,86,Rv1829,0,1,1,1,90,PR_HmRegion_090,0,PR_Set_50,0.0,0,0,0.0,0.0,0.0,0.0,0,0
91,NC_000962.3,2074547,2074633,2074590.0,86,_,0,1,1,1,91,PR_HmRegion_091,0,PR_Set_50,0.0,0,0,0.0,0.0,0.0,0.0,2,2
92,NC_000962.3,2165326,2165433,2165379.5,107,PPE34,0,0,0,0,92,PR_HmRegion_092,0,PR_Set_51,0.0,0,0,0.0,0.0,0.0,0.0,0,0
93,NC_000962.3,2165476,2165583,2165529.5,107,PPE34,0,1,1,1,93,PR_HmRegion_093,0,PR_Set_51,0.0,0,0,0.0,0.0,0.0,0.0,6,3
95,NC_000962.3,2198686,2198815,2198750.5,129,Rv1948c,0,1,1,1,95,PR_HmRegion_095,0,PR_Set_33,0.0,0,0,0.0,0.0,0.0,0.0,5,5
96,NC_000962.3,2262009,2263169,2262589.0,1160,Rv2015c,0,1,0,0,96,PR_HmRegion_096,0,PR_Set_24,0.0,0,0,0.0,0.0,0.0,0.0,0,0
97,NC_000962.3,2294816,2298269,2296542.5,3453,pks12,0,1,1,1,97,PR_HmRegion_097,0,PR_Set_46,2.0,2,2,0.0,4.0,0.0,1.0,486,486
98,NC_000962.3,2299196,2300826,2300011.0,1630,pks12,0,2,2,2,98,PR_HmRegion_098,0,PR_Set_46,0.0,2,2,2.0,2.0,1.0,1.0,414,414
99,NC_000962.3,2300912,2306889,2303900.5,5977,pks12,0,3,3,3,99,PR_HmRegion_099,0,PR_Set_46,4.0,2,3,-2.0,6.0,-0.3333333333333333,0.6666666666666666,1341,1341
100,NC_000962.3,2337936,2338094,2338015.0,158,Rv2081c,0,1,1,1,100,PR_HmRegion_100,0,PR_Set_52,0.0,0,0,0.0,0.0,0.0,0.0,12,12
101,NC_000962.3,2340529,2340687,2340608.0,158,Rv2082,0,1,1,1,101,PR_HmRegion_101,0,PR_Set_52,0.0,0,0,0.0,0.0,0.0,0.0,12,12
102,NC_000962.3,2341059,2341697,2341378.0,638,Rv2083,0,1,1,1,102,PR_HmRegion_102,0,PR_Set_53,0.0,0,0,0.0,0.0,0.0,0.0,110,110
106,NC_000962.3,2430113,2431474,2430793.5,1361,"Rv2167c,Rv2168c",2,15,0,0,106,PR_HmRegion_106,1,PR_Set_24,0.0,0,0,0.0,0.0,0.0,0.0,0,0
107,NC_000962.3,2439139,2439948,2439543.5,809,"pknL,Rv2177c",1,1,1,1,107,PR_HmRegion_107,0,PR_Set_55,1.0,2,2,1.0,3.0,0.3333333333333333,1.0,13,13
108,NC_000962.3,2461319,2461390,2461354.5,71,qcrB,0,1,1,1,108,PR_HmRegion_108,0,PR_Set_56,0.0,0,0,0.0,0.0,0.0,0.0,0,0
109,NC_000962.3,2461434,2461504,2461469.0,70,Rv2197c,0,1,1,1,109,PR_HmRegion_109,0,PR_Set_56,0.0,0,0,0.0,0.0,0.0,0.0,0,0
111,NC_000962.3,2532005,2532209,2532107.0,204,_,0,2,2,1,111,PR_HmRegion_111,0,PR_Set_40,0.0,0,0,0.0,0.0,0.0,0.0,16,14
112,NC_000962.3,2550005,2551370,2550687.5,1365,"Rv2277c,Rv2278,Rv2279",2,15,2,0,112,PR_HmRegion_112,1,PR_Set_24,0.0,0,0,0.0,0.0,0.0,0.0,2,2
113,NC_000962.3,2625885,2626683,2626284.0,798,"esxO,esxP,Rv2348c",0,4,4,4,113,PR_HmRegion_113,0,PR_Set_28,4.75,10,10,5.25,14.75,0.3559322033898305,1.0,103,71
114,NC_000962.3,2634780,2637028,2635904.0,2248,"PPE39,Rv2354,Rv2355",2,17,3,2,114,PR_HmRegion_114,1,PR_Set_24,0.0,0,0,0.0,0.0,0.0,0.0,174,174
115,NC_000962.3,2637068,2637535,2637301.5,467,_,0,3,3,3,115,PR_HmRegion_115,0,PR_Set_9,0.0,0,0,0.0,0.0,0.0,0.0,79,74
116,NC_000962.3,2637928,2639613,2638770.5,1685,PPE40,0,3,3,3,116,PR_HmRegion_116,0,PR_Set_24,0.0,0,0,0.0,0.0,0.0,0.0,394,362
119,NC_000962.3,2720634,2721442,2721038.0,808,"Rv2423,Rv2424c",1,1,1,1,119,PR_HmRegion_119,0,PR_Set_55,2.0,1,1,-1.0,3.0,-0.3333333333333333,1.0,13,13
120,NC_000962.3,2784600,2785977,2785288.5,1377,"Rv2478c,Rv2479c,Rv2480c",2,15,2,0,120,PR_HmRegion_120,1,PR_Set_24,0.0,0,0,0.0,0.0,0.0,0.0,5,5
122,NC_000962.3,2805574,2806355,2805964.5,781,PE_PGRS43,0,1,1,1,122,PR_HmRegion_122,0,PR_Set_57,0.0,0,0,0.0,0.0,0.0,0.0,154,153
123,NC_000962.3,2828493,2829936,2829214.5,1443,Rv2512c,1,5,4,0,123,PR_HmRegion_123,0,PR_Set_30,0.0,0,0,0.0,0.0,0.0,0.0,7,4
124,NC_000962.3,2866468,2867121,2866794.5,653,lppA,0,1,1,1,124,PR_HmRegion_124,0,PR_Set_58,0.0,0,2,0.0,0.0,0.0,0.0,56,56
125,NC_000962.3,2867124,2867777,2867450.5,653,"lppA,lppB",0,1,1,1,125,PR_HmRegion_125,0,PR_Set_58,0.0,0,3,0.0,0.0,0.0,0.0,56,56
126,NC_000962.3,2882289,2884330,2883309.5,2041,"Rv2563,glnQ",0,1,1,1,126,PR_HmRegion_126,0,PR_Set_2,0.0,0,0,0.0,0.0,0.0,0.0,374,374
128,NC_000962.3,2971756,2971987,2971871.5,231,Rv2647,0,1,1,1,128,PR_HmRegion_128,0,PR_Set_44,0.0,0,0,0.0,0.0,0.0,0.0,23,23
130,NC_000962.3,2973775,2975987,2974881.0,2212,"Rv2650c,Rv2651c,Rv2652c",0,1,1,1,130,PR_HmRegion_130,0,PR_Set_45,0.0,0,0,0.0,0.0,0.0,0.0,250,250
131,NC_000962.3,2982934,2983854,2983394.0,920,"Rv2665,Rv2666",1,5,5,0,131,PR_HmRegion_131,0,PR_Set_30,0.0,0,0,0.0,0.0,0.0,0.0,5,3
132,NC_000962.3,2996010,2996160,2996085.0,150,Rv2680,0,2,2,2,132,PR_HmRegion_132,0,PR_Set_26,0.0,0,0,0.0,0.0,0.0,0.0,6,6
133,NC_000962.3,3000614,3001893,3001253.5,1279,arsA,0,1,1,1,133,PR_HmRegion_133,0,PR_Set_59,0.0,0,0,0.0,0.0,0.0,0.0,235,235
134,NC_000962.3,3001983,3003262,3002622.5,1279,arsB1,0,1,1,1,134,PR_HmRegion_134,0,PR_Set_59,0.0,0,0,0.0,0.0,0.0,0.0,234,234
136,NC_000962.3,3082465,3082769,3082617.0,304,Rv2774c,0,1,1,1,136,PR_HmRegion_136,0,PR_Set_1,0.0,0,0,0.0,0.0,0.0,0.0,20,20
138,NC_000962.3,3112883,3113179,3113031.0,296,"Rv2804c,Rv2805",0,0,0,0,138,PR_HmRegion_138,0,PR_Set_60,0.0,0,0,0.0,0.0,0.0,0.0,0,0
139,NC_000962.3,3113641,3113937,3113789.0,296,Rv2807,0,1,1,1,139,PR_HmRegion_139,0,PR_Set_60,0.0,0,0,0.0,0.0,0.0,0.0,35,35
142,NC_000962.3,3135787,3136351,3136069.0,564,"Rv2828c,Rv2828A",0,1,1,1,142,PR_HmRegion_142,0,PR_Set_61,2.0,5,6,3.0,7.0,0.4285714285714285,0.8333333333333334,8,8
143,NC_000962.3,3155882,3155981,3155931.5,99,_,0,1,0,0,143,PR_HmRegion_143,0,PR_Set_62,0.0,0,0,0.0,0.0,0.0,0.0,0,0
145,NC_000962.3,3171448,3171627,3171537.5,179,"Rv2859c,glnA4",0,4,4,4,145,PR_HmRegion_145,0,PR_Set_63,0.0,0,0,0.0,0.0,0.0,0.0,43,18
146,NC_000962.3,3192203,3192354,3192278.5,151,_,0,8,7,7,146,PR_HmRegion_146,0,PR_Set_26,0.0,0,0,0.0,0.0,0.0,0.0,34,29
147,NC_000962.3,3194137,3196202,3195169.5,2065,"Rv2884,Rv2885c,Rv2886c",1,3,3,3,147,PR_HmRegion_147,0,PR_Set_20,2.0,1,1,-1.0,3.0,-0.3333333333333333,1.0,781,585
148,NC_000962.3,3239454,3239775,3239614.5,321,fpg,0,4,4,4,148,PR_HmRegion_148,0,PR_Set_63,0.0,0,0,0.0,0.0,0.0,0.0,48,29
149,NC_000962.3,3246396,3248376,3247386.0,1980,ppsA,0,1,1,1,149,PR_HmRegion_149,0,PR_Set_64,1.0,1,2,0.0,2.0,0.0,0.5,305,305
150,NC_000962.3,3251819,3253802,3252810.5,1983,ppsB,0,1,1,1,150,PR_HmRegion_150,0,PR_Set_64,1.0,1,1,0.0,2.0,0.0,1.0,308,308
152,NC_000962.3,3317533,3317739,3317636.0,206,_,0,1,1,1,152,PR_HmRegion_152,0,PR_Set_5,0.0,0,0,0.0,0.0,0.0,0.0,7,7
153,NC_000962.3,3319468,3319670,3319569.0,202,pca,0,4,4,4,153,PR_HmRegion_153,0,PR_Set_19,0.0,0,0,0.0,0.0,0.0,0.0,11,11
157,NC_000962.3,3381311,3382749,3382030.0,1438,Rv3023c,1,5,3,0,157,PR_HmRegion_157,0,PR_Set_30,0.0,0,0,0.0,0.0,0.0,0.0,5,3
160,NC_000962.3,3527948,3529180,3528564.0,1232,PPE53,0,2,2,2,160,PR_HmRegion_160,0,PR_Set_24,0.0,0,1,0.0,0.0,0.0,0.0,300,283
161,NC_000962.3,3551212,3552587,3551899.5,1375,"Rv3184,Rv3185",2,15,2,0,161,PR_HmRegion_161,1,PR_Set_24,0.0,0,0,0.0,0.0,0.0,0.0,2,2
163,NC_000962.3,3594262,3594343,3594302.5,81,_,0,1,1,1,163,PR_HmRegion_163,0,PR_Set_66,0.0,0,0,0.0,0.0,0.0,0.0,6,6
164,NC_000962.3,3594374,3594455,3594414.5,81,_,0,1,1,1,164,PR_HmRegion_164,0,PR_Set_66,0.0,0,0,0.0,0.0,0.0,0.0,1,1
165,NC_000962.3,3710379,3712822,3711600.5,2443,"Rv3325,Rv3326,Rv3327",3,15,1,0,165,PR_HmRegion_165,1,PR_Set_24,0.0,0,0,0.0,0.0,0.0,0.0,1,1
166,NC_000962.3,3730350,3731064,3730707.0,714,PPE54,0,2,2,2,166,PR_HmRegion_166,0,PR_Set_67,5.0,2,2,-3.0,7.0,-0.4285714285714285,1.0,30,29
167,NC_000962.3,3732078,3732792,3732435.0,714,PPE54,0,1,1,1,167,PR_HmRegion_167,0,PR_Set_67,1.0,0,0,-1.0,1.0,-1.0,0.0,10,10
168,NC_000962.3,3735635,3736314,3735974.5,679,PPE54,0,1,1,1,168,PR_HmRegion_168,0,PR_Set_67,1.0,5,8,4.0,6.0,0.6666666666666666,0.625,20,20
170,NC_000962.3,3743243,3743501,3743372.0,258,Rv3346c,0,1,1,1,170,PR_HmRegion_170,0,PR_Set_68,0.0,0,0,0.0,0.0,0.0,0.0,7,7
171,NC_000962.3,3743709,3753178,3748443.5,9469,PPE55,0,16,16,16,171,PR_HmRegion_171,0,PR_Set_24,7.0,6,8,-1.0,13.0,-0.0769230769230769,0.75,4766,3214
173,NC_000962.3,3755950,3767119,3761534.5,11169,PPE56,0,14,14,14,173,PR_HmRegion_173,0,PR_Set_24,3.0,4,5,1.0,7.0,0.1428571428571428,0.8,6547,4282
174,NC_000962.3,3769559,3769853,3769706.0,294,"Rv3355c,folD",0,1,1,1,174,PR_HmRegion_174,0,PR_Set_68,0.0,0,0,0.0,0.0,0.0,0.0,7,7
175,NC_000962.3,3795041,3796426,3795733.5,1385,"Rv3380c,Rv3381c",2,15,3,0,175,PR_HmRegion_175,1,PR_Set_24,0.0,0,0,0.0,0.0,0.0,0.0,7,6
177,NC_000962.3,3841532,3842904,3842218.0,1372,"Rv3424c,PPE57",0,2,2,2,177,PR_HmRegion_177,0,PR_Set_48,3.0,1,3,-2.0,4.0,-0.5,0.3333333333333333,211,170
179,NC_000962.3,3846460,3847892,3847176.0,1432,"PPE59,Rv3430c",1,2,2,2,179,PR_HmRegion_179,0,PR_Set_48,1.0,3,3,2.0,4.0,0.5,1.0,114,114
180,NC_000962.3,3883535,3884921,3884228.0,1386,"Rv3466,Rv3467",0,2,2,1,180,PR_HmRegion_180,0,PR_Set_3,13.0,8,17,-5.0,21.0,-0.238095238095238,0.4705882352941176,37,35
181,NC_000962.3,3890771,3892140,3891455.5,1369,"Rv3474,Rv3475",2,15,2,0,181,PR_HmRegion_181,2,PR_Set_24,0.0,0,0,0.0,0.0,0.0,0.0,1,1
182,NC_000962.3,3894016,3895588,3894802.0,1572,"PE31,PPE60",0,2,2,2,182,PR_HmRegion_182,0,PR_Set_36,6.5,8,8,1.5,14.5,0.1034482758620689,1.0,249,249
185,NC_000962.3,3945777,3951329,3948553.0,5552,"PE_PGRS57,fadD19",0,4,4,4,185,PR_HmRegion_185,0,PR_Set_10_A,3.0,2,3,-1.0,5.0,-0.2,0.6666666666666666,2676,1850
186,NC_000962.3,4052970,4053216,4053093.0,246,Rv3611,0,2,0,0,186,PR_HmRegion_186,0,PR_Set_70,0.0,0,0,0.0,0.0,0.0,0.0,0,0
187,NC_000962.3,4053303,4053549,4053426.0,246,"Rv3611,Rv3612c",0,2,0,0,187,PR_HmRegion_187,0,PR_Set_70,0.0,0,0,0.0,0.0,0.0,0.0,0,0
188,NC_000962.3,4053631,4054094,4053862.5,463,"Rv3612c,Rv3613c",0,3,3,3,188,PR_HmRegion_188,0,PR_Set_9,0.0,0,0,0.0,0.0,0.0,0.0,89,68
189,NC_000962.3,4059983,4060591,4060287.0,608,"esxV,esxW",0,4,4,3,189,PR_HmRegion_189,0,PR_Set_28,3.25,1,1,-2.25,4.25,-0.5294117647058824,1.0,75,65
190,NC_000962.3,4069248,4070458,4069853.0,1210,Rv3630,0,1,1,1,190,PR_HmRegion_190,0,PR_Set_41,0.0,0,0,0.0,0.0,0.0,0.0,247,247
192,NC_000962.3,4134600,4134729,4134664.5,129,Rv3693,0,1,1,1,192,PR_HmRegion_192,0,PR_Set_7,0.0,0,0,0.0,0.0,0.0,0.0,6,6
196,NC_000962.3,4301541,4303432,4302486.5,1891,"fadD23,Rv3827c,Rv3828c,Rv3829c",1,2,2,2,196,PR_HmRegion_196,0,PR_Set_20,0.0,0,0,0.0,0.0,0.0,0.0,620,495
