RunID	SampleName	LineageCall_Illumina	F2_Illumina	IlluminaWGSToH37rv_AvrgCov	PrimaryLineage_Ill	Dataset_Tag
SRR10397218	SRR10397218	lineage4,lineage4.2,lineage4.2.1	0.024989841527834213	58	lineage4	TBP_TGen_1K
SRR10397230	SRR10397230	lineage4,lineage4.2,lineage4.2.1	0.024843260188087773	93	lineage4	TBP_TGen_1K
SRR7516345	SRR7516345	lineage4,lineage4.2,lineage4.2.1	0.023240459527267925	54	lineage4	TBP_TGen_1K
SRR10379936	SRR10379936	lineage4,lineage4.1	0.022834762045521727	98	lineage4	TBP_TGen_1K
SRR7516429	SRR7516429	lineage4,lineage4.2,lineage4.2.1	0.022705992509363296	46	lineage4	TBP_TGen_1K
SRR10380194	SRR10380194	lineage2,lineage2.2,lineage2.2.1	0.022567338024751277	125	lineage2	TBP_TGen_1K
SRR10397215	SRR10397215	lineage4,lineage4.2,lineage4.2.1	0.022007209258205276	39	lineage4	TBP_TGen_1K
SRR10380252	SRR10380252	lineage4,lineage4.2,lineage4.2.1	0.021078956770275097	37	lineage4	TBP_TGen_1K
SRR10380056	SRR10380056	lineage4,lineage4.2,lineage4.2.1	0.020787929589270747	72	lineage4	TBP_TGen_1K
SRR6807671	SRR6807671	lineage4,lineage4.1,lineage4.1.2,lineage4.1.2.1	0.020629557175884758	67	lineage4	TBP_TGen_1K
SRR10397181	SRR10397181	lineage4,lineage4.2,lineage4.2.1	0.020548682087143624	114	lineage4	TBP_TGen_1K
SRR10380083	SRR10380083	lineage4,lineage4.2,lineage4.2.1	0.020493115593980142	41	lineage4	TBP_TGen_1K
SRR10380134	SRR10380134	lineage4,lineage4.1,lineage4.1.2,lineage4.1.2.1	0.019463087248322148	53	lineage4	TBP_TGen_1K
SRR6807669	SRR6807669	lineage4,lineage4.2,lineage4.2.1	0.019377729257641918	44	lineage4	TBP_TGen_1K
SRR10379962	SRR10379962	lineage4,lineage4.1,lineage4.1.2,lineage4.1.2.1	0.0191866527632951	58	lineage4	TBP_TGen_1K
SRR10379974	SRR10379974	lineage2,lineage2.2,lineage2.2.1	0.01908795188117596	82	lineage2	TBP_TGen_1K
SRR6807728	SRR6807728	lineage4,lineage4.1,lineage4.1.2	0.0190138875943704	77	lineage4	TBP_TGen_1K
SRR10380080	SRR10380080	lineage4,lineage4.2,lineage4.2.1	0.019013666072489603	42	lineage4	TBP_TGen_1K
SRR6807714	SRR6807714	lineage4,lineage4.2,lineage4.2.1	0.018725099601593624	38	lineage4	TBP_TGen_1K
SRR10397202	SRR10397202	lineage4,lineage4.2,lineage4.2.1	0.018691588785046728	94	lineage4	TBP_TGen_1K
SRR10379919	SRR10379919	lineageBOV,lineageBOV_AFRI	0.01854615220635259	115	lineageBOV	TBP_TGen_1K
SRR10380030	SRR10380030	lineage2,lineage2.2,lineage2.2.1	0.01836110166609996	66	lineage2	TBP_TGen_1K
SRR10380038	SRR10380038	lineage4,lineage4.2,lineage4.2.1	0.01834407535944472	87	lineage4	TBP_TGen_1K
SRR6807748	SRR6807748	lineage4,lineage4.2,lineage4.2.1	0.018243243243243244	43	lineage4	TBP_TGen_1K
SRR6357008	SRR6357008	lineage4,lineage4.2,lineage4.2.1	0.01821748878923767	88	lineage4	TBP_TGen_1K
SRR10380230	SRR10380230	lineage4,lineage4.1,lineage4.1.2,lineage4.1.2.1	0.018059596669007725	120	lineage4	TBP_TGen_1K
SRR6807683	SRR6807683	lineage4,lineage4.2,lineage4.2.1	0.01804257528556594	55	lineage4	TBP_TGen_1K
SRR10397257	SRR10397257	lineage4,lineage4.2,lineage4.2.1	0.018022724304557917	93	lineage4	TBP_TGen_1K
SRR6356949	SRR6356949	lineage4,lineage4.2,lineage4.2.1	0.017754365427763145	123	lineage4	TBP_TGen_1K
SRR10380192	SRR10380192	lineage4,lineage4.2,lineage4.2.1	0.017690283951737273	81	lineage4	TBP_TGen_1K
SRR10380195	SRR10380195	lineage4,lineage4.1,lineage4.1.2,lineage4.1.2.1	0.017522245037645448	88	lineage4	TBP_TGen_1K
SRR10379954	SRR10379954	lineage4,lineage4.2,lineage4.2.1	0.017346226697238558	119	lineage4	TBP_TGen_1K
SRR6807704	SRR6807704	lineage4,lineage4.2,lineage4.2.1	0.01730674138783583	71	lineage4	TBP_TGen_1K
SRR10380090	SRR10380090	lineage4,lineage4.2,lineage4.2.1	0.017226017226017225	42	lineage4	TBP_TGen_1K
SRR10430327	SRR10430327	lineageBOV,lineageBOV_AFRI	0.017135996507312814	93	lineageBOV	TBP_TGen_1K
SRR10397120	SRR10397120	lineage2,lineage2.2,lineage2.2.1	0.01710296684118674	37	lineage2	TBP_TGen_1K
SRR7516417	SRR7516417	lineage4,lineage4.2,lineage4.2.1	0.01694031795673703	46	lineage4	TBP_TGen_1K
SRR10379883	SRR10379883	lineage4,lineage4.2,lineage4.2.1	0.01688609044075558	43	lineage4	TBP_TGen_1K
SRR10380012	SRR10380012	lineage4,lineage4.2,lineage4.2.1	0.016851317381994232	114	lineage4	TBP_TGen_1K
SRR10380001	SRR10380001	lineage4,lineage4.2,lineage4.2.1	0.016791044776119403	114	lineage4	TBP_TGen_1K
SRR10380210	SRR10380210	lineage4,lineage4.1,lineage4.1.2,lineage4.1.2.1	0.01678525816456851	67	lineage4	TBP_TGen_1K
SRR10380198	SRR10380198	lineage4,lineage4.1,lineage4.1.2,lineage4.1.2.1	0.01662663957140218	65	lineage4	TBP_TGen_1K
SRR10380108	SRR10380108	lineage4,lineage4.1,lineage4.1.2,lineage4.1.2.1	0.0164756446991404	85	lineage4	TBP_TGen_1K
SRR10380018	SRR10380018	lineage4,lineage4.2,lineage4.2.1	0.016405747372935882	66	lineage4	TBP_TGen_1K
SRR10379942	SRR10379942	lineage4,lineage4.2,lineage4.2.1	0.016381418092909536	49	lineage4	TBP_TGen_1K
SRR10397149	SRR10397149	lineage2,lineage2.2,lineage2.2.1	0.016286644951140062	37	lineage2	TBP_TGen_1K
SRR10380060	SRR10380060	lineage4,lineage4.2,lineage4.2.1	0.016236306729264474	40	lineage4	TBP_TGen_1K
SRR10380094	SRR10380094	lineage4,lineage4.2,lineage4.2.1	0.016205435053602592	49	lineage4	TBP_TGen_1K
SRR10379888	SRR10379888	lineage4,lineage4.1,lineage4.1.2,lineage4.1.2.1	0.016150943396226414	81	lineage4	TBP_TGen_1K
SRR10397273	SRR10397273	lineage2,lineage2.2,lineage2.2.1	0.016087516087516088	40	lineage2	TBP_TGen_1K
SRR6807711	SRR6807711	lineage4,lineage4.2,lineage4.2.1	0.016062683643486782	39	lineage4	TBP_TGen_1K
SRR10379976	SRR10379976	lineage4,lineage4.2,lineage4.2.1	0.016052720513687058	45	lineage4	TBP_TGen_1K
SRR10397254	SRR10397254	lineage4,lineage4.2,lineage4.2.1	0.01600328272466147	36	lineage4	TBP_TGen_1K
SRR10380206	SRR10380206	lineage4,lineage4.2,lineage4.2.1	0.015879163439194422	74	lineage4	TBP_TGen_1K
SRR10379998	SRR10379998	lineage4,lineage4.2,lineage4.2.1	0.015852613538988862	67	lineage4	TBP_TGen_1K
SRR10380041	SRR10380041	lineage4,lineage4.2,lineage4.2.1	0.01584892935424043	44	lineage4	TBP_TGen_1K
SRR10380028	SRR10380028	lineage4,lineage4.2,lineage4.2.1	0.015843210890740526	104	lineage4	TBP_TGen_1K
SRR6807689	SRR6807689	lineage4,lineage4.2,lineage4.2.1	0.015813686026451983	82	lineage4	TBP_TGen_1K
SRR10379900	SRR10379900	lineage4,lineage4.2,lineage4.2.1	0.015765383963383624	70	lineage4	TBP_TGen_1K
SRR10380251	SRR10380251	lineage4,lineage4.2,lineage4.2.1	0.015764222069910898	53	lineage4	TBP_TGen_1K
SRR10379903	SRR10379903	lineage4,lineage4.2,lineage4.2.1	0.015717092337917484	111	lineage4	TBP_TGen_1K
SRR10379889	SRR10379889	lineage4,lineage4.2,lineage4.2.1	0.015648397723869417	96	lineage4	TBP_TGen_1K
SRR6807687	SRR6807687	lineage4,lineage4.2,lineage4.2.1	0.015595989602673596	36	lineage4	TBP_TGen_1K
SRR10380223	SRR10380223	lineage4,lineage4.2,lineage4.2.1	0.01555663587749149	99	lineage4	TBP_TGen_1K
SRR6807700	SRR6807700	lineage4,lineage4.2,lineage4.2.1	0.015534754033061144	38	lineage4	TBP_TGen_1K
SRR10379935	SRR10379935	lineage4,lineage4.1,lineage4.1.2,lineage4.1.2.1	0.015490096495683087	49	lineage4	TBP_TGen_1K
SRR10379963	SRR10379963	lineage4,lineage4.2,lineage4.2.1	0.015454545454545457	56	lineage4	TBP_TGen_1K
SRR10397102	SRR10397102	lineage4,lineage4.3,lineage4.3.3	0.015370284117373078	44	lineage4	TBP_TGen_1K
SRR10380139	SRR10380139	lineage4,lineage4.2,lineage4.2.1	0.015330923594665338	59	lineage4	TBP_TGen_1K
SRR10380057	SRR10380057	lineage4,lineage4.2,lineage4.2.1	0.015323926566530116	48	lineage4	TBP_TGen_1K
SRR10380153	SRR10380153	lineage4,lineage4.2,lineage4.2.1	0.015295987286452125	61	lineage4	TBP_TGen_1K
SRR10380076	SRR10380076	lineage4,lineage4.2,lineage4.2.1	0.015284146172016119	51	lineage4	TBP_TGen_1K
SRR6807690	SRR6807690	lineage4,lineage4.2,lineage4.2.1	0.015222806531967894	44	lineage4	TBP_TGen_1K
SRR10397138	SRR10397138	lineage2,lineage2.2,lineage2.2.1	0.0151673640167364	43	lineage2	TBP_TGen_1K
SRR6807702	SRR6807702	lineage4,lineage4.2,lineage4.2.1	0.015146239554317547	43	lineage4	TBP_TGen_1K
SRR10430333	SRR10430333	lineage4,lineage4.2,lineage4.2.1	0.015080990504561534	67	lineage4	TBP_TGen_1K
SRR10397228	SRR10397228	lineage2,lineage2.2,lineage2.2.1	0.01505432648252389	123	lineage2	TBP_TGen_1K
SRR10397100	SRR10397100	lineage2,lineage2.2,lineage2.2.1	0.015030946065428825	42	lineage2	TBP_TGen_1K
SRR10379934	SRR10379934	lineage4,lineage4.2,lineage4.2.1	0.015023721665788088	48	lineage4	TBP_TGen_1K
SRR6807676	SRR6807676	lineage4,lineage4.2,lineage4.2.1	0.01502233049127081	38	lineage4	TBP_TGen_1K
SRR10380245	SRR10380245	lineage4,lineage4.2,lineage4.2.1	0.015008013988051872	49	lineage4	TBP_TGen_1K
SRR10430332	SRR10430332	lineage4,lineage4.5	0.015005637956457629	54	lineage4	TBP_TGen_1K
SRR10380212	SRR10380212	lineage4,lineage4.1,lineage4.1.2,lineage4.1.2.1	0.014910146747233776	153	lineage4	TBP_TGen_1K
SRR10397155	SRR10397155	lineage2,lineage2.2,lineage2.2.1	0.01481725386894962	39	lineage2	TBP_TGen_1K
SRR10397113	SRR10397113	lineage2,lineage2.2,lineage2.2.1	0.014812001519179644	36	lineage2	TBP_TGen_1K
SRR10379957	SRR10379957	lineage4,lineage4.2,lineage4.2.1	0.014769370597591456	55	lineage4	TBP_TGen_1K
SRR10379876	SRR10379876	lineage4,lineage4.2,lineage4.2.1	0.01476846057571965	49	lineage4	TBP_TGen_1K
SRR10380147	SRR10380147	lineage4,lineage4.2,lineage4.2.1	0.014693684085792157	61	lineage4	TBP_TGen_1K
SRR10397223	SRR10397223	lineage2,lineage2.2,lineage2.2.1	0.014621646065722037	41	lineage2	TBP_TGen_1K
SRR10379950	SRR10379950	lineage4,lineage4.2,lineage4.2.1	0.014599961066770488	38	lineage4	TBP_TGen_1K
SRR6807732	SRR6807732	lineage4,lineage4.2,lineage4.2.1	0.014532178395017541	99	lineage4	TBP_TGen_1K
SRR6807670	SRR6807670	lineage4,lineage4.2,lineage4.2.1	0.014496088357109988	53	lineage4	TBP_TGen_1K
SRR10380095	SRR10380095	lineage4,lineage4.2,lineage4.2.1	0.014481934905942071	49	lineage4	TBP_TGen_1K
SRR6807735	SRR6807735	lineage4,lineage4.2,lineage4.2.1	0.014468558708959375	64	lineage4	TBP_TGen_1K
SRR10380167	SRR10380167	lineage4,lineage4.2,lineage4.2.1	0.014435496125208934	48	lineage4	TBP_TGen_1K
SRR10379890	SRR10379890	lineage4,lineage4.2,lineage4.2.1	0.014403859407305309	104	lineage4	TBP_TGen_1K
SRR10379912	SRR10379912	lineage4,lineage4.2,lineage4.2.1	0.014390831542619003	108	lineage4	TBP_TGen_1K
SRR10379951	SRR10379951	lineage4,lineage4.2,lineage4.2.1	0.014374700527072353	103	lineage4	TBP_TGen_1K
SRR10397262	SRR10397262	lineage2,lineage2.2,lineage2.2.1	0.014359914451573481	45	lineage2	TBP_TGen_1K
SRR10380010	SRR10380010	lineage4,lineage4.2,lineage4.2.1	0.014359829534926809	76	lineage4	TBP_TGen_1K
SRR10380085	SRR10380085	lineage4,lineage4.2,lineage4.2.1	0.014356005788712012	123	lineage4	TBP_TGen_1K
SRR10380003	SRR10380003	lineage4,lineage4.2,lineage4.2.1	0.014345287739783153	129	lineage4	TBP_TGen_1K
SRR10379928	SRR10379928	lineage4,lineage4.2,lineage4.2.1	0.014343186986181563	42	lineage4	TBP_TGen_1K
SRR10380213	SRR10380213	lineage4,lineage4.2,lineage4.2.1	0.014327502835651602	119	lineage4	TBP_TGen_1K
SRR10379933	SRR10379933	lineage4,lineage4.2,lineage4.2.1	0.0143239625167336	90	lineage4	TBP_TGen_1K
SRR10380093	SRR10380093	lineage4,lineage4.2,lineage4.2.1	0.0142935678944475	65	lineage4	TBP_TGen_1K
SRR10397131	SRR10397131	lineage2,lineage2.2,lineage2.2.1	0.014293276866066703	47	lineage2	TBP_TGen_1K
SRR10380037	SRR10380037	lineage4,lineage4.2,lineage4.2.1	0.014288716116831269	104	lineage4	TBP_TGen_1K
SRR10380240	SRR10380240	lineage4,lineage4.2,lineage4.2.1	0.014271028602527663	118	lineage4	TBP_TGen_1K
SRR10380200	SRR10380200	lineage4,lineage4.1,lineage4.1.2,lineage4.1.2.1	0.014269333673079376	94	lineage4	TBP_TGen_1K
SRR6807759	SRR6807759	lineage4,lineage4.2,lineage4.2.1	0.014228499156829682	67	lineage4	TBP_TGen_1K
SRR10397240	SRR10397240	lineage2,lineage2.2,lineage2.2.1	0.014209030628354909	41	lineage2	TBP_TGen_1K
SRR10397265	SRR10397265	lineage2,lineage2.2,lineage2.2.1	0.014195183776932829	49	lineage2	TBP_TGen_1K
SRR10397143	SRR10397143	lineage2,lineage2.2,lineage2.2.1	0.014189693801344288	50	lineage2	TBP_TGen_1K
SRR10397172	SRR10397172	lineage2,lineage2.2,lineage2.2.1	0.014180206794682425	44	lineage2	TBP_TGen_1K
SRR10397106	SRR10397106	lineage2,lineage2.2,lineage2.2.1	0.014172471775162144	51	lineage2	TBP_TGen_1K
SRR10397140	SRR10397140	lineage2,lineage2.2,lineage2.2.1	0.01412911084043849	48	lineage2	TBP_TGen_1K
SRR10397115	SRR10397115	lineage2,lineage2.2,lineage2.2.1	0.014127297584687832	42	lineage2	TBP_TGen_1K
SRR10379877	SRR10379877	lineage4,lineage4.2,lineage4.2.1	0.014104957477701718	37	lineage4	TBP_TGen_1K
SRR10380107	SRR10380107	lineage4,lineage4.2,lineage4.2.1	0.014099676882404778	74	lineage4	TBP_TGen_1K
SRR10380160	SRR10380160	lineage4,lineage4.2,lineage4.2.1	0.01409282700421941	87	lineage4	TBP_TGen_1K
SRR10380014	SRR10380014	lineage4,lineage4.2,lineage4.2.1	0.01409217782013752	105	lineage4	TBP_TGen_1K
SRR10379995	SRR10379995	lineage4,lineage4.2,lineage4.2.1	0.014090413486538625	86	lineage4	TBP_TGen_1K
SRR6807718	SRR6807718	lineage4,lineage4.2,lineage4.2.1	0.014068825910931173	71	lineage4	TBP_TGen_1K
SRR10379994	SRR10379994	lineage4,lineage4.1,lineage4.1.2,lineage4.1.2.1	0.014029850746268656	83	lineage4	TBP_TGen_1K
SRR10380117	SRR10380117	lineage4,lineage4.2,lineage4.2.1	0.014026299311208516	59	lineage4	TBP_TGen_1K
SRR6807736	SRR6807736	lineage4,lineage4.2,lineage4.2.1	0.014024245305443307	91	lineage4	TBP_TGen_1K
SRR10380161	SRR10380161	lineage4,lineage4.2,lineage4.2.1	0.01395620925956878	88	lineage4	TBP_TGen_1K
SRR10379913	SRR10379913	lineage4,lineage4.2,lineage4.2.1	0.013928317955997159	80	lineage4	TBP_TGen_1K
SRR10397147	SRR10397147	lineage2,lineage2.2,lineage2.2.1	0.013892599519102324	45	lineage2	TBP_TGen_1K
SRR10379979	SRR10379979	lineage4,lineage4.2,lineage4.2.1	0.013867749027566378	43	lineage4	TBP_TGen_1K
SRR6807738	SRR6807738	lineage4,lineage4.1,lineage4.1.2,lineage4.1.2.1	0.013838748495788207	62	lineage4	TBP_TGen_1K
SRR10379906	SRR10379906	lineage4,lineage4.2,lineage4.2.1	0.013817113637599956	131	lineage4	TBP_TGen_1K
SRR10397142	SRR10397142	lineage2,lineage2.2,lineage2.2.1	0.013816925734024179	50	lineage2	TBP_TGen_1K
SRR6807694	SRR6807694	lineage4,lineage4.2,lineage4.2.1	0.01378838255427342	74	lineage4	TBP_TGen_1K
SRR10397243	SRR10397243	lineage2,lineage2.2,lineage2.2.1	0.013760095722405023	41	lineage2	TBP_TGen_1K
SRR10430352	SRR10430352	lineage2,lineage2.2,lineage2.2.1	0.013746420203072115	77	lineage2	TBP_TGen_1K
SRR10380097	SRR10380097	lineage4,lineage4.2,lineage4.2.1	0.013742224793866628	50	lineage4	TBP_TGen_1K
SRR10380024	SRR10380024	lineage4,lineage4.2,lineage4.2.1	0.013729977116704805	73	lineage4	TBP_TGen_1K
SRR10380050	SRR10380050	lineage2,lineage2.2,lineage2.2.1	0.013721413721413722	35	lineage2	TBP_TGen_1K
SRR10379916	SRR10379916	lineage4,lineage4.2,lineage4.2.1	0.013688095970470623	93	lineage4	TBP_TGen_1K
SRR10380055	SRR10380055	lineage4,lineage4.8	0.013671578307762418	69	lineage4	TBP_TGen_1K
SRR10380047	SRR10380047	lineage4,lineage4.2,lineage4.2.1	0.01366725204245247	94	lineage4	TBP_TGen_1K
SRR10380154	SRR10380154	lineage4,lineage4.2,lineage4.2.1	0.01364572605561277	94	lineage4	TBP_TGen_1K
SRR10397112	SRR10397112	lineage2,lineage2.2,lineage2.2.1	0.013644524236983842	37	lineage2	TBP_TGen_1K
SRR10397165	SRR10397165	lineage2,lineage2.2,lineage2.2.1	0.013641755634638195	42	lineage2	TBP_TGen_1K
SRR10379899	SRR10379899	lineage4,lineage4.2,lineage4.2.1	0.013629283489096571	111	lineage4	TBP_TGen_1K
SRR10379939	SRR10379939	lineage4,lineage4.2,lineage4.2.1	0.013600635873885013	82	lineage4	TBP_TGen_1K
SRR10379971	SRR10379971	lineage4,lineage4.2,lineage4.2.1	0.013568596794907588	128	lineage4	TBP_TGen_1K
SRR10380109	SRR10380109	lineage4,lineage4.2,lineage4.2.1	0.01356677972316436	79	lineage4	TBP_TGen_1K
SRR10380059	SRR10380059	lineage4,lineage4.2,lineage4.2.1	0.013563108345300782	76	lineage4	TBP_TGen_1K
SRR10397099	SRR10397099	lineage2,lineage2.2,lineage2.2.1	0.013550135501355014	47	lineage2	TBP_TGen_1K
SRR10380165	SRR10380165	lineage4,lineage4.2,lineage4.2.1	0.013545474091593205	67	lineage4	TBP_TGen_1K
SRR6807677	SRR6807677	lineage4,lineage4.2,lineage4.2.1	0.013541959023294976	101	lineage4	TBP_TGen_1K
SRR6807719	SRR6807719	lineage4,lineage4.2,lineage4.2.1	0.013535233905760934	84	lineage4	TBP_TGen_1K
SRR6807675	SRR6807675	lineage4,lineage4.2,lineage4.2.1	0.013528909142694391	50	lineage4	TBP_TGen_1K
SRR10380043	SRR10380043	lineage4,lineage4.2,lineage4.2.1	0.01350547863756052	85	lineage4	TBP_TGen_1K
SRR10397110	SRR10397110	lineage2,lineage2.2,lineage2.2.1	0.013499745287824758	49	lineage2	TBP_TGen_1K
SRR10380081	SRR10380081	lineage4,lineage4.2,lineage4.2.1	0.013492063492063493	45	lineage4	TBP_TGen_1K
SRR10397157	SRR10397157	lineage2,lineage2.2,lineage2.2.1	0.01348973607038123	42	lineage2	TBP_TGen_1K
SRR10380011	SRR10380011	lineage4,lineage4.2,lineage4.2.1	0.013453968626990187	123	lineage4	TBP_TGen_1K
SRR10380130	SRR10380130	lineage4,lineage4.2,lineage4.2.1	0.013451610557696505	101	lineage4	TBP_TGen_1K
SRR10379982	SRR10379982	lineage4,lineage4.2,lineage4.2.1	0.013445007714348688	65	lineage4	TBP_TGen_1K
SRR10397249	SRR10397249	lineage2,lineage2.2,lineage2.2.1	0.01342473578977435	43	lineage2	TBP_TGen_1K
SRR10380054	SRR10380054	lineage4,lineage4.1,lineage4.1.2,lineage4.1.2.1	0.01341606573872212	73	lineage4	TBP_TGen_1K
SRR10397145	SRR10397145	lineage2,lineage2.2,lineage2.2.1	0.013397529830437514	116	lineage2	TBP_TGen_1K
SRR10397175	SRR10397175	lineage2,lineage2.2,lineage2.2.1	0.013349514563106795	132	lineage2	TBP_TGen_1K
SRR6807757	SRR6807757	lineage4,lineage4.2,lineage4.2.1	0.013335265980576895	49	lineage4	TBP_TGen_1K
SRR6807679	SRR6807679	lineage4,lineage4.2,lineage4.2.1	0.013329383886255923	73	lineage4	TBP_TGen_1K
SRR10380005	SRR10380005	lineage4,lineage4.2,lineage4.2.1	0.013297515110812626	106	lineage4	TBP_TGen_1K
SRR10379956	SRR10379956	lineage4,lineage4.2,lineage4.2.1	0.01329022988505747	61	lineage4	TBP_TGen_1K
SRR10397098	SRR10397098	lineage2,lineage2.2,lineage2.2.1	0.013288009888751545	41	lineage2	TBP_TGen_1K
SRR7516362	SRR7516362	lineage2,lineage2.2,lineage2.2.1	0.013267429760665974	47	lineage2	TBP_TGen_1K
SRR10379908	SRR10379908	lineage4,lineage4.2,lineage4.2.1	0.013267336837271009	139	lineage4	TBP_TGen_1K
SRR10380144	SRR10380144	lineage4,lineage4.2,lineage4.2.1	0.01324654562064634	66	lineage4	TBP_TGen_1K
SRR10380121	SRR10380121	lineage4,lineage4.2,lineage4.2.1	0.013230556833870227	62	lineage4	TBP_TGen_1K
SRR7516338	SRR7516338	lineage2,lineage2.2,lineage2.2.1	0.013218098627351295	47	lineage2	TBP_TGen_1K
SRR7516400	SRR7516400	lineage4,lineage4.2,lineage4.2.1	0.013215859030837005	83	lineage4	TBP_TGen_1K
SRR10397180	SRR10397180	lineage2,lineage2.2,lineage2.2.1	0.01318319143092557	46	lineage2	TBP_TGen_1K
SRR10380002	SRR10380002	lineage4,lineage4.2,lineage4.2.1	0.013129995106834122	88	lineage4	TBP_TGen_1K
SRR10380120	SRR10380120	lineage4,lineage4.2,lineage4.2.1	0.01310237619364868	64	lineage4	TBP_TGen_1K
SRR6807713	SRR6807713	lineage4,lineage4.2,lineage4.2.1	0.013092813500145477	52	lineage4	TBP_TGen_1K
SRR10379941	SRR10379941	lineage4,lineage4.2,lineage4.2.1	0.013086454127801754	53	lineage4	TBP_TGen_1K
SRR10379896	SRR10379896	lineage4,lineage4.2,lineage4.2.1	0.013082155939298795	97	lineage4	TBP_TGen_1K
SRR7516353	SRR7516353	lineage4,lineage4.1,lineage4.1.2,lineage4.1.2.1	0.013047138047138048	58	lineage4	TBP_TGen_1K
SRR6807755	SRR6807755	lineage4,lineage4.2,lineage4.2.1	0.013041065482796892	52	lineage4	TBP_TGen_1K
SRR10380122	SRR10380122	lineage4,lineage4.2,lineage4.2.1	0.013016596160104131	67	lineage4	TBP_TGen_1K
SRR6807731	SRR6807731	lineage4,lineage4.2,lineage4.2.1	0.013015184381778741	99	lineage4	TBP_TGen_1K
SRR10380118	SRR10380118	lineage4,lineage4.2,lineage4.2.1	0.012998818289246431	80	lineage4	TBP_TGen_1K
SRR10397173	SRR10397173	lineage2,lineage2.2,lineage2.2.1	0.012948207171314742	38	lineage2	TBP_TGen_1K
SRR6807693	SRR6807693	lineage4,lineage4.2,lineage4.2.1	0.012946558940913074	74	lineage4	TBP_TGen_1K
SRR6807737	SRR6807737	lineage4,lineage4.2,lineage4.2.1	0.01294269914107542	61	lineage4	TBP_TGen_1K
SRR10380022	SRR10380022	lineage4,lineage4.2,lineage4.2.1	0.012924948408819376	68	lineage4	TBP_TGen_1K
SRR10380148	SRR10380148	lineage4,lineage4.2,lineage4.2.1	0.012898686679174485	63	lineage4	TBP_TGen_1K
SRR10379948	SRR10379948	lineage4,lineage4.2,lineage4.2.1	0.012894661989191241	76	lineage4	TBP_TGen_1K
SRR10380052	SRR10380052	lineage4,lineage4.2,lineage4.2.1	0.012884538553735515	71	lineage4	TBP_TGen_1K
SRR10379953	SRR10379953	lineage4,lineage4.2,lineage4.2.1	0.012883008356545959	42	lineage4	TBP_TGen_1K
SRR10380156	SRR10380156	lineage4,lineage4.2,lineage4.2.1	0.012861169837914023	68	lineage4	TBP_TGen_1K
SRR10379990	SRR10379990	lineage4,lineage4.2,lineage4.2.1	0.012860941074630558	114	lineage4	TBP_TGen_1K
SRR7516411	SRR7516411	lineage2,lineage2.2,lineage2.2.1	0.012823868097356712	48	lineage2	TBP_TGen_1K
SRR10380070	SRR10380070	lineage4,lineage4.2,lineage4.2.1	0.01282051282051282	44	lineage4	TBP_TGen_1K
SRR10397206	SRR10397206	lineage2,lineage2.2,lineage2.2.1	0.01281864530225783	85	lineage2	TBP_TGen_1K
SRR7516435	SRR7516435	lineage2,lineage2.2,lineage2.2.1	0.012804097311139564	57	lineage2	TBP_TGen_1K
SRR6807742	SRR6807742	lineage4,lineage4.2,lineage4.2.1	0.012802275960170695	83	lineage4	TBP_TGen_1K
SRR6807688	SRR6807688	lineage4,lineage4.2,lineage4.2.1	0.01279757809274804	53	lineage4	TBP_TGen_1K
SRR10380226	SRR10380226	lineage4,lineage4.2,lineage4.2.1	0.01279519106912838	85	lineage4	TBP_TGen_1K
SRR10379949	SRR10379949	lineage4,lineage4.2,lineage4.2.1	0.01278772378516624	55	lineage4	TBP_TGen_1K
SRR10380073	SRR10380073	lineage4,lineage4.2,lineage4.2.1	0.012750716332378223	50	lineage4	TBP_TGen_1K
SRR10380241	SRR10380241	lineage4,lineage4.2,lineage4.2.1	0.01272510790296175	97	lineage4	TBP_TGen_1K
SRR10397190	SRR10397190	lineage2,lineage2.2,lineage2.2.1	0.012712826333711692	53	lineage2	TBP_TGen_1K
SRR10380013	SRR10380013	lineage4,lineage4.2,lineage4.2.1	0.012703056432365849	92	lineage4	TBP_TGen_1K
SRR10380051	SRR10380051	lineage4,lineage4.2,lineage4.2.1	0.012697959766015123	52	lineage4	TBP_TGen_1K
SRR10380004	SRR10380004	lineage4,lineage4.2,lineage4.2.1	0.01269169751454257	81	lineage4	TBP_TGen_1K
SRR10397144	SRR10397144	lineage2,lineage2.2,lineage2.2.1	0.012689393939393941	65	lineage2	TBP_TGen_1K
SRR10397153	SRR10397153	lineage2,lineage2.2,lineage2.2.1	0.012651265126512651	44	lineage2	TBP_TGen_1K
SRR6807674	SRR6807674	lineage4,lineage4.2,lineage4.2.1	0.01264808052017458	80	lineage4	TBP_TGen_1K
SRR7516312	SRR7516312	lineage2,lineage2.2,lineage2.2.1	0.012645722189290654	60	lineage2	TBP_TGen_1K
SRR7516401	SRR7516401	lineage2,lineage2.2,lineage2.2.1	0.012628920227320563	58	lineage2	TBP_TGen_1K
SRR10379944	SRR10379944	lineage4,lineage4.2,lineage4.2.1	0.012616822429906542	93	lineage4	TBP_TGen_1K
SRR6807746	SRR6807746	lineage4,lineage4.2,lineage4.2.1	0.012598425196850394	39	lineage4	TBP_TGen_1K
SRR10397092	SRR10397092	lineage4,lineage4.3,lineage4.3.3	0.012586084065542626	100	lineage4	TBP_TGen_1K
SRR10397209	SRR10397209	lineage2,lineage2.2,lineage2.2.1	0.012573224746392341	86	lineage2	TBP_TGen_1K
SRR10380169	SRR10380169	lineage4,lineage4.2,lineage4.2.1	0.012559467174119886	65	lineage4	TBP_TGen_1K
SRR6807729	SRR6807729	lineage4,lineage4.2,lineage4.2.1	0.01254385032422664	68	lineage4	TBP_TGen_1K
SRR7516346	SRR7516346	lineage2,lineage2.2,lineage2.2.1	0.012530712530712529	52	lineage2	TBP_TGen_1K
SRR10380253	SRR10380253	lineage4,lineage4.2,lineage4.2.1	0.012525687444955476	74	lineage4	TBP_TGen_1K
SRR10380009	SRR10380009	lineage4,lineage4.2,lineage4.2.1	0.012475574928603638	96	lineage4	TBP_TGen_1K
SRR10380058	SRR10380058	lineage4,lineage4.2,lineage4.2.1	0.012461059190031152	67	lineage4	TBP_TGen_1K
SRR10380166	SRR10380166	lineage4,lineage4.2,lineage4.2.1	0.012449424214130094	69	lineage4	TBP_TGen_1K
SRR10397137	SRR10397137	lineage2,lineage2.2,lineage2.2.1	0.012441679626749613	55	lineage2	TBP_TGen_1K
SRR10379901	SRR10379901	lineage4,lineage4.2,lineage4.2.1	0.012419211760233176	96	lineage4	TBP_TGen_1K
SRR6807726	SRR6807726	lineage4,lineage4.2,lineage4.2.1	0.012409989275317909	40	lineage4	TBP_TGen_1K
SRR10379965	SRR10379965	lineage4,lineage4.2,lineage4.2.1	0.012372409526755336	47	lineage4	TBP_TGen_1K
SRR10380044	SRR10380044	lineage4,lineage4.2,lineage4.2.1	0.012365376944555246	91	lineage4	TBP_TGen_1K
SRR6807698	SRR6807698	lineage4,lineage4.2,lineage4.2.1	0.01230992034757422	42	lineage4	TBP_TGen_1K
SRR10379972	SRR10379972	lineage4,lineage4.2,lineage4.2.1	0.01230604601391118	81	lineage4	TBP_TGen_1K
SRR10397271	SRR10397271	lineage2,lineage2.2,lineage2.2.2	0.012291723572794318	46	lineage2	TBP_TGen_1K
SRR10397132	SRR10397132	lineage2,lineage2.2,lineage2.2.1	0.012277867528271405	40	lineage2	TBP_TGen_1K
SRR6807684	SRR6807684	lineage4,lineage4.2,lineage4.2.1	0.012269938650306749	60	lineage4	TBP_TGen_1K
SRR10397179	SRR10397179	lineage2,lineage2.2,lineage2.2.1	0.012269938650306749	44	lineage2	TBP_TGen_1K
SRR6807716	SRR6807716	lineage4,lineage4.2,lineage4.2.1	0.012256224466199029	90	lineage4	TBP_TGen_1K
SRR10380168	SRR10380168	lineage4,lineage4.2,lineage4.2.1	0.01224603395491233	79	lineage4	TBP_TGen_1K
SRR7516344	SRR7516344	lineage2,lineage2.2,lineage2.2.1	0.012215105020110232	78	lineage2	TBP_TGen_1K
SRR10397183	SRR10397183	lineage4,lineage4.3,lineage4.3.3	0.012212792382529498	38	lineage4	TBP_TGen_1K
SRR10380035	SRR10380035	lineage4,lineage4.2,lineage4.2.1	0.012186580753606948	51	lineage4	TBP_TGen_1K
SRR10380049	SRR10380049	lineage4,lineage4.1,lineage4.1.2,lineage4.1.2.1	0.012178845512178843	84	lineage4	TBP_TGen_1K
SRR10379983	SRR10379983	lineage4,lineage4.2,lineage4.2.1	0.012171090761562536	62	lineage4	TBP_TGen_1K
SRR10380228	SRR10380228	lineage4,lineage4.2,lineage4.2.1	0.01211047112686457	84	lineage4	TBP_TGen_1K
SRR6807692	SRR6807692	lineage4,lineage4.2,lineage4.2.1	0.012096271355530614	58	lineage4	TBP_TGen_1K
SRR10379937	SRR10379937	lineage4,lineage4.1,lineage4.1.2,lineage4.1.2.1	0.012082785022131831	102	lineage4	TBP_TGen_1K
SRR10379987	SRR10379987	lineage4,lineage4.2,lineage4.2.1	0.012060576988967312	106	lineage4	TBP_TGen_1K
SRR7516386	SRR7516386	lineage2,lineage2.2,lineage2.2.1	0.012049737213177798	95	lineage2	TBP_TGen_1K
SRR10379966	SRR10379966	lineage4,lineage4.2,lineage4.2.1	0.012048192771084338	56	lineage4	TBP_TGen_1K
SRR10380138	SRR10380138	lineage4,lineage4.2,lineage4.2.1	0.012042045106643536	71	lineage4	TBP_TGen_1K
SRR10380071	SRR10380071	lineage4,lineage4.2,lineage4.2.1	0.012027278363298205	59	lineage4	TBP_TGen_1K
SRR6807749	SRR6807749	lineage4,lineage4.2,lineage4.2.1	0.011907164480322906	38	lineage4	TBP_TGen_1K
SRR7516310	SRR7516310	lineage2,lineage2.2,lineage2.2.1	0.011904761904761904	45	lineage2	TBP_TGen_1K
SRR10397241	SRR10397241	lineage2,lineage2.2,lineage2.2.1	0.011873920552677029	55	lineage2	TBP_TGen_1K
SRR10379917	SRR10379917	lineage4,lineage4.2,lineage4.2.1	0.011849505815540872	131	lineage4	TBP_TGen_1K
SRR10380091	SRR10380091	lineage4,lineage4.2,lineage4.2.1	0.011821661787885613	53	lineage4	TBP_TGen_1K
SRR10397188	SRR10397188	lineage2,lineage2.2,lineage2.2.1	0.011817226890756302	46	lineage2	TBP_TGen_1K
SRR10379955	SRR10379955	lineage4,lineage4.2,lineage4.2.1	0.01177730192719486	55	lineage4	TBP_TGen_1K
SRR10397134	SRR10397134	lineage2,lineage2.2,lineage2.2.1	0.011771747805267359	60	lineage2	TBP_TGen_1K
SRR10430344	SRR10430344	lineage2,lineage2.2,lineage2.2.1	0.011715593859412874	47	lineage2	TBP_TGen_1K
SRR10397123	SRR10397123	lineage2,lineage2.2,lineage2.2.1	0.011714855433698905	48	lineage2	TBP_TGen_1K
SRR10397231	SRR10397231	lineage2,lineage2.2,lineage2.2.1	0.011694538650450241	107	lineage2	TBP_TGen_1K
SRR10380034	SRR10380034	lineage4,lineage4.2,lineage4.2.1	0.0116724420937443	41	lineage4	TBP_TGen_1K
SRR7516347	SRR7516347	lineage2,lineage2.2,lineage2.2.1	0.011654478976234004	53	lineage2	TBP_TGen_1K
SRR7516395	SRR7516395	lineage2,lineage2.2,lineage2.2.1	0.011647254575707157	45	lineage2	TBP_TGen_1K
SRR10397177	SRR10397177	lineage4,lineage4.3,lineage4.3.3	0.011634349030470914	39	lineage4	TBP_TGen_1K
SRR10397261	SRR10397261	lineage2,lineage2.2,lineage2.2.1	0.01156773211567732	81	lineage2	TBP_TGen_1K
SRR10397250	SRR10397250	lineage4,lineage4.1,lineage4.1.2,lineage4.1.2.1	0.011563215883058798	96	lineage4	TBP_TGen_1K
SRR6807712	SRR6807712	lineage4,lineage4.2,lineage4.2.1	0.011530249110320284	51	lineage4	TBP_TGen_1K
SRR7516404	SRR7516404	lineage2,lineage2.2,lineage2.2.1	0.011513157894736841	52	lineage2	TBP_TGen_1K
SRR10397260	SRR10397260	lineage2,lineage2.2,lineage2.2.1	0.011497326203208556	47	lineage2	TBP_TGen_1K
SRR6807691	SRR6807691	lineage4,lineage4.2,lineage4.2.1	0.011445086705202313	62	lineage4	TBP_TGen_1K
SRR10397244	SRR10397244	lineage2,lineage2.2,lineage2.2.1	0.011427052883337762	95	lineage2	TBP_TGen_1K
SRR10397234	SRR10397234	lineage2,lineage2.2,lineage2.2.1	0.011372950819672132	121	lineage2	TBP_TGen_1K
SRR7516332	SRR7516332	lineage2,lineage2.2,lineage2.2.1	0.011365593249526434	69	lineage2	TBP_TGen_1K
SRR7516300	SRR7516300	lineage2,lineage2.2,lineage2.2.1	0.011344678011344677	72	lineage2	TBP_TGen_1K
SRR10397207	SRR10397207	lineage2,lineage2.2,lineage2.2.1	0.011323838431006305	103	lineage2	TBP_TGen_1K
SRR10380062	SRR10380062	lineage4,lineage4.2,lineage4.2.1	0.011320754716981131	74	lineage4	TBP_TGen_1K
SRR7516325	SRR7516325	lineage2,lineage2.2,lineage2.2.1	0.01131401349741961	61	lineage2	TBP_TGen_1K
SRR7516387	SRR7516387	lineage2,lineage2.2,lineage2.2.1	0.011311569301260023	87	lineage2	TBP_TGen_1K
SRR10397126	SRR10397126	lineage2,lineage2.2,lineage2.2.1	0.01128690920084652	124	lineage2	TBP_TGen_1K
SRR7516406	SRR7516406	lineage2,lineage2.2,lineage2.2.1	0.011226494527083918	44	lineage2	TBP_TGen_1K
SRR10380098	SRR10380098	lineage4,lineage4.2,lineage4.2.1	0.01122586439155815	36	lineage4	TBP_TGen_1K
SRR7516403	SRR7516403	lineage2,lineage2.2,lineage2.2.1	0.011171032357473036	63	lineage2	TBP_TGen_1K
SRR10380159	SRR10380159	lineage2,lineage2.2,lineage2.2.1	0.011166253101736972	70	lineage2	TBP_TGen_1K
SRR7516308	SRR7516308	lineage2,lineage2.2,lineage2.2.1	0.011160714285714286	56	lineage2	TBP_TGen_1K
SRR10380227	SRR10380227	lineage4,lineage4.3,lineage4.3.4,lineage4.3.4.1	0.011159631246967493	73	lineage4	TBP_TGen_1K
SRR7516317	SRR7516317	lineage2,lineage2.2,lineage2.2.1	0.0111155220325526	61	lineage2	TBP_TGen_1K
SRR7516441	SRR7516441	lineage2,lineage2.2,lineage2.2.1	0.01110370863868532	55	lineage2	TBP_TGen_1K
SRR6356956	SRR6356956	lineage2,lineage2.2,lineage2.2.1	0.011094108645753636	65	lineage2	TBP_TGen_1K
SRR7516305	SRR7516305	lineage2,lineage2.2,lineage2.2.1	0.0110792741165234	64	lineage2	TBP_TGen_1K
SRR10397122	SRR10397122	lineage2,lineage2.2,lineage2.2.1	0.011049723756906077	53	lineage2	TBP_TGen_1K
SRR6807722	SRR6807722	lineage4,lineage4.1,lineage4.1.2,lineage4.1.2.1	0.01102469874369712	56	lineage4	TBP_TGen_1K
SRR10397192	SRR10397192	lineage2,lineage2.2,lineage2.2.1	0.011020024190297005	94	lineage2	TBP_TGen_1K
SRR10397224	SRR10397224	lineage2,lineage2.2,lineage2.2.1	0.011018609206660136	51	lineage2	TBP_TGen_1K
SRR7516355	SRR7516355	lineage2,lineage2.2,lineage2.2.1	0.010990466101694915	92	lineage2	TBP_TGen_1K
SRR10379932	SRR10379932	lineage4,lineage4.2,lineage4.2.1	0.01098454027664768	90	lineage4	TBP_TGen_1K
SRR10379918	SRR10379918	lineage2,lineage2.2,lineage2.2.1	0.010983440351470091	98	lineage2	TBP_TGen_1K
SRR6356926	SRR6356926	lineage2,lineage2.2,lineage2.2.1	0.0109794353433252	70	lineage2	TBP_TGen_1K
SRR7516328	SRR7516328	lineage2,lineage2.2,lineage2.2.1	0.010960016237061092	58	lineage2	TBP_TGen_1K
SRR6356999	SRR6356999	lineage2,lineage2.2,lineage2.2.1	0.01094479317559955	74	lineage2	TBP_TGen_1K
SRR7516343	SRR7516343	lineage2,lineage2.2,lineage2.2.1	0.010944260626113514	46	lineage2	TBP_TGen_1K
SRR7516304	SRR7516304	lineage2,lineage2.2,lineage2.2.1	0.010933806146572104	82	lineage2	TBP_TGen_1K
SRR10397174	SRR10397174	lineage2,lineage2.2,lineage2.2.1	0.010918619886446351	46	lineage2	TBP_TGen_1K
SRR10397136	SRR10397136	lineage2,lineage2.2,lineage2.2.1	0.01091093631058107	47	lineage2	TBP_TGen_1K
SRR10397097	SRR10397097	lineage2,lineage2.2,lineage2.2.1	0.010909884355225836	57	lineage2	TBP_TGen_1K
SRR7516296	SRR7516296	lineage2,lineage2.2,lineage2.2.1	0.010887316276537834	66	lineage2	TBP_TGen_1K
SRR10380072	SRR10380072	lineage4,lineage4.2,lineage4.2.1	0.010870923403723604	59	lineage4	TBP_TGen_1K
SRR10397212	SRR10397212	lineage2,lineage2.2,lineage2.2.1	0.010867025005842487	104	lineage2	TBP_TGen_1K
SRR10397162	SRR10397162	lineage2,lineage2.2,lineage2.2.1	0.010860175243736888	100	lineage2	TBP_TGen_1K
SRR7516420	SRR7516420	lineage4,lineage4.8	0.010853293413173652	94	lineage4	TBP_TGen_1K
SRR10397236	SRR10397236	lineage2,lineage2.2,lineage2.2.1	0.010841157680766624	128	lineage2	TBP_TGen_1K
SRR10380170	SRR10380170	lineage2,lineage2.2,lineage2.2.1	0.010820244328097731	71	lineage2	TBP_TGen_1K
SRR10397167	SRR10397167	lineage2,lineage2.2,lineage2.2.1	0.010817941952506595	46	lineage2	TBP_TGen_1K
SRR10397211	SRR10397211	lineage2,lineage2.2,lineage2.2.1	0.010798221469405041	115	lineage2	TBP_TGen_1K
SRR7516292	SRR7516292	lineage2,lineage2.2,lineage2.2.1	0.010795454545454546	62	lineage2	TBP_TGen_1K
SRR10397233	SRR10397233	lineage2,lineage2.2,lineage2.2.1	0.010759337125896613	103	lineage2	TBP_TGen_1K
SRR10397152	SRR10397152	lineage2,lineage2.2,lineage2.2.1	0.010751359367276322	101	lineage2	TBP_TGen_1K
SRR10430330	SRR10430330	lineage2,lineage2.2,lineage2.2.1	0.010741943542343242	52	lineage2	TBP_TGen_1K
SRR10380039	SRR10380039	lineage4,lineage4.2,lineage4.2.1	0.010733726903319788	95	lineage4	TBP_TGen_1K
SRR7516372	SRR7516372	lineage2,lineage2.2,lineage2.2.1	0.010715816545220748	57	lineage2	TBP_TGen_1K
SRR10430377	SRR10430377	lineage2,lineage2.2,lineage2.2.1	0.01068605754030983	81	lineage2	TBP_TGen_1K
SRR10380162	SRR10380162	lineage2,lineage2.2,lineage2.2.1	0.010675086453164938	81	lineage2	TBP_TGen_1K
SRR7516327	SRR7516327	lineage2,lineage2.2,lineage2.2.1	0.010669420065393221	70	lineage2	TBP_TGen_1K
SRR10379978	SRR10379978	lineage4,lineage4.2,lineage4.2.1	0.010658728634530441	77	lineage4	TBP_TGen_1K
SRR7516442	SRR7516442	lineage2,lineage2.2,lineage2.2.1	0.01065809507697513	69	lineage2	TBP_TGen_1K
SRR10397219	SRR10397219	lineage2,lineage2.2,lineage2.2.1	0.010654112983151637	51	lineage2	TBP_TGen_1K
SRR7516323	SRR7516323	lineage2,lineage2.2,lineage2.2.1	0.010649312231918357	84	lineage2	TBP_TGen_1K
SRR10397184	SRR10397184	lineage2,lineage2.2,lineage2.2.1	0.010643167772945756	104	lineage2	TBP_TGen_1K
SRR10397168	SRR10397168	lineage2,lineage2.2,lineage2.2.1	0.010627530364372471	49	lineage2	TBP_TGen_1K
SRR10397101	SRR10397101	lineage2,lineage2.2,lineage2.2.1	0.010627530364372471	48	lineage2	TBP_TGen_1K
SRR10397187	SRR10397187	lineage2,lineage2.2,lineage2.2.1	0.010613751730503	133	lineage2	TBP_TGen_1K
SRR7516431	SRR7516431	lineage2,lineage2.2,lineage2.2.1	0.010598578826930024	103	lineage2	TBP_TGen_1K
SRR10379894	SRR10379894	lineage2,lineage2.2,lineage2.2.1	0.010587612493382742	114	lineage2	TBP_TGen_1K
SRR10397232	SRR10397232	lineage2,lineage2.2,lineage2.2.1	0.01056338028169014	115	lineage2	TBP_TGen_1K
SRR6807745	SRR6807745	lineage4,lineage4.2,lineage4.2.1	0.01055833929849678	66	lineage4	TBP_TGen_1K
SRR6807685	SRR6807685	lineage2,lineage2.2,lineage2.2.1	0.010555415933651672	48	lineage2	TBP_TGen_1K
SRR7516451	SRR7516451	lineage2,lineage2.2,lineage2.2.1	0.010551305724083356	91	lineage2	TBP_TGen_1K
SRR10397119	SRR10397119	lineage4,lineage4.3,lineage4.3.3	0.010519671786240269	36	lineage4	TBP_TGen_1K
SRR10380225	SRR10380225	lineage4,lineage4.1,lineage4.1.2,lineage4.1.2.1	0.010489739723333115	71	lineage4	TBP_TGen_1K
SRR10397182	SRR10397182	lineage2,lineage2.2,lineage2.2.1	0.010488462691039856	40	lineage2	TBP_TGen_1K
SRR10430370	SRR10430370	lineage2,lineage2.2,lineage2.2.1	0.010448824507242936	54	lineage2	TBP_TGen_1K
SRR10397139	SRR10397139	lineage2,lineage2.2,lineage2.2.1	0.010439970171513796	49	lineage2	TBP_TGen_1K
SRR7516336	SRR7516336	lineage2,lineage2.2,lineage2.2.1	0.010436432637571158	41	lineage2	TBP_TGen_1K
SRR7516361	SRR7516361	lineage2,lineage2.2,lineage2.2.1	0.010414997596539015	76	lineage2	TBP_TGen_1K
SRR10397111	SRR10397111	lineage2,lineage2.2,lineage2.2.1	0.0103954802259887	109	lineage2	TBP_TGen_1K
SRR10397213	SRR10397213	lineage2,lineage2.2,lineage2.2.1	0.010373049105443472	129	lineage2	TBP_TGen_1K
SRR6807705	SRR6807705	lineage2,lineage2.2,lineage2.2.1	0.01036682615629984	47	lineage2	TBP_TGen_1K
SRR6807756	SRR6807756	lineage2,lineage2.2,lineage2.2.1	0.01035692410490562	103	lineage2	TBP_TGen_1K
SRR10397093	SRR10397093	lineage2,lineage2.2,lineage2.2.1	0.0103480714957667	93	lineage2	TBP_TGen_1K
SRR10380214	SRR10380214	lineage2,lineage2.2,lineage2.2.1	0.01032657803020524	96	lineage2	TBP_TGen_1K
SRR10397217	SRR10397217	lineage4,lineage4.3,lineage4.3.3	0.010321864594894559	113	lineage4	TBP_TGen_1K
SRR6357006	SRR6357006	lineage2,lineage2.2,lineage2.2.1	0.010320134793597304	57	lineage2	TBP_TGen_1K
SRR7516289	SRR7516289	lineage2,lineage2.2,lineage2.2.1	0.01029347349978099	57	lineage2	TBP_TGen_1K
SRR7516314	SRR7516314	lineage2,lineage2.2,lineage2.2.1	0.01028913779630112	95	lineage2	TBP_TGen_1K
SRR7516443	SRR7516443	lineage2,lineage2.2,lineage2.2.1	0.010278372591006424	58	lineage2	TBP_TGen_1K
SRR7516383	SRR7516383	lineage2,lineage2.2,lineage2.2.1	0.010271460014673514	101	lineage2	TBP_TGen_1K
SRR7516311	SRR7516311	lineage2,lineage2.2,lineage2.2.1	0.010260795211628902	56	lineage2	TBP_TGen_1K
SRR10397239	SRR10397239	lineage2,lineage2.2,lineage2.2.1	0.010258311704362873	101	lineage2	TBP_TGen_1K
SRR10397125	SRR10397125	lineage2,lineage2.2,lineage2.2.1	0.01025390625	49	lineage2	TBP_TGen_1K
SRR10379924	SRR10379924	lineage4,lineage4.1,lineage4.1.2,lineage4.1.2.1	0.01025245287178922	43	lineage4	TBP_TGen_1K
SRR10397203	SRR10397203	lineage2,lineage2.2,lineage2.2.1	0.0102478881041407	87	lineage2	TBP_TGen_1K
SRR10397198	SRR10397198	lineage2,lineage2.2,lineage2.2.1	0.010240112994350282	36	lineage2	TBP_TGen_1K
SRR10380087	SRR10380087	lineage2,lineage2.2,lineage2.2.1	0.010223298358891578	45	lineage2	TBP_TGen_1K
SRR10397185	SRR10397185	lineage2,lineage2.2,lineage2.2.1	0.010221465076660987	86	lineage2	TBP_TGen_1K
SRR6356997	SRR6356997	lineage2,lineage2.2,lineage2.2.1	0.01022090339597758	39	lineage2	TBP_TGen_1K
SRR7516322	SRR7516322	lineage2,lineage2.2,lineage2.2.1	0.010208889586932621	78	lineage2	TBP_TGen_1K
SRR10380015	SRR10380015	lineage4,lineage4.2,lineage4.2.1	0.010199683953454964	51	lineage4	TBP_TGen_1K
SRR7516427	SRR7516427	lineage2,lineage2.2,lineage2.2.1	0.010186757215619695	45	lineage2	TBP_TGen_1K
SRR10397159	SRR10397159	lineage2,lineage2.2,lineage2.2.1	0.01015228426395939	37	lineage2	TBP_TGen_1K
SRR10397135	SRR10397135	lineage2,lineage2.2,lineage2.2.1	0.01014970819588937	49	lineage2	TBP_TGen_1K
SRR7516396	SRR7516396	lineage2,lineage2.2,lineage2.2.1	0.010147804985660713	55	lineage2	TBP_TGen_1K
SRR6356958	SRR6356958	lineage2,lineage2.2,lineage2.2.1	0.010141364474492931	81	lineage2	TBP_TGen_1K
SRR10397235	SRR10397235	lineage2,lineage2.2,lineage2.2.1	0.01010993325480958	126	lineage2	TBP_TGen_1K
SRR7516363	SRR7516363	lineage4,lineage4.3,lineage4.3.3	0.010089526786983091	48	lineage4	TBP_TGen_1K
SRR7516299	SRR7516299	lineage2,lineage2.2,lineage2.2.1	0.010086455331412105	52	lineage2	TBP_TGen_1K
SRR7516359	SRR7516359	lineage2,lineage2.2,lineage2.2.1	0.010057039927949565	82	lineage2	TBP_TGen_1K
SRR10397118	SRR10397118	lineage2,lineage2.2,lineage2.2.1	0.010049683830171637	108	lineage2	TBP_TGen_1K
SRR7516456	SRR7516456	lineage2,lineage2.2,lineage2.2.1	0.010046367851622877	60	lineage2	TBP_TGen_1K
SRR7516452	SRR7516452	lineage2,lineage2.2,lineage2.2.1	0.010036870135190496	59	lineage2	TBP_TGen_1K
SRR7516330	SRR7516330	lineage2,lineage2.2,lineage2.2.1	0.01000322684737012	63	lineage2	TBP_TGen_1K
SRR10430324	SRR10430324	lineage2,lineage2.2,lineage2.2.1	0.009994683678894205	112	lineage2	TBP_TGen_1K
SRR10397127	SRR10397127	lineage2,lineage2.2,lineage2.2.1	0.009992111490928214	46	lineage2	TBP_TGen_1K
SRR10397259	SRR10397259	lineage2,lineage2.2,lineage2.2.1	0.009980039920159679	76	lineage2	TBP_TGen_1K
SRR10397176	SRR10397176	lineage4,lineage4.3,lineage4.3.3	0.00997365449755363	40	lineage4	TBP_TGen_1K
SRR6356988	SRR6356988	lineage2,lineage2.2,lineage2.2.1	0.009970993473531543	69	lineage2	TBP_TGen_1K
SRR10397242	SRR10397242	lineage2,lineage2.2,lineage2.2.1	0.009961071673918022	107	lineage2	TBP_TGen_1K
SRR10397150	SRR10397150	lineage2,lineage2.2,lineage2.2.1	0.009942857142857142	108	lineage2	TBP_TGen_1K
SRR10397222	SRR10397222	lineage2,lineage2.2,lineage2.2.1	0.009933774834437088	67	lineage2	TBP_TGen_1K
SRR7516432	SRR7516432	lineage2,lineage2.2,lineage2.2.1	0.009925558312655087	63	lineage2	TBP_TGen_1K
SRR10397264	SRR10397264	lineage2,lineage2.2,lineage2.2.1	0.009917884184707262	115	lineage2	TBP_TGen_1K
SRR10379969	SRR10379969	lineage2,lineage2.2,lineage2.2.1	0.009915865384615384	41	lineage2	TBP_TGen_1K
SRR10397154	SRR10397154	lineage2,lineage2.2,lineage2.2.1	0.009904054472299598	40	lineage2	TBP_TGen_1K
SRR10380063	SRR10380063	lineage2,lineage2.2,lineage2.2.1	0.009837601499063086	80	lineage2	TBP_TGen_1K
SRR10380099	SRR10380099	lineage2,lineage2.2,lineage2.2.1	0.009832036050798855	59	lineage2	TBP_TGen_1K
SRR7516341	SRR7516341	lineage2,lineage2.2,lineage2.2.1	0.009828009828009828	91	lineage2	TBP_TGen_1K
SRR10379989	SRR10379989	lineage2,lineage2.2,lineage2.2.1	0.00982666848642009	91	lineage2	TBP_TGen_1K
SRR10397169	SRR10397169	lineage2,lineage2.2,lineage2.2.1	0.009812900693444985	94	lineage2	TBP_TGen_1K
SRR7516419	SRR7516419	lineage2,lineage2.2,lineage2.2.1	0.009791027327195674	83	lineage2	TBP_TGen_1K
SRR10430389	SRR10430389	lineage2,lineage2.2,lineage2.2.1	0.00978220745662606	66	lineage2	TBP_TGen_1K
SRR10397200	SRR10397200	lineage2,lineage2.2,lineage2.2.1	0.009769713886950452	53	lineage2	TBP_TGen_1K
SRR10397116	SRR10397116	lineage2,lineage2.2,lineage2.2.1	0.009767836919592298	86	lineage2	TBP_TGen_1K
SRR10397096	SRR10397096	lineage2,lineage2.2,lineage2.2.1	0.00976124521830893	92	lineage2	TBP_TGen_1K
SRR7516393	SRR7516393	lineage2,lineage2.2,lineage2.2.1	0.009760237640568641	57	lineage2	TBP_TGen_1K
SRR10380196	SRR10380196	lineage2,lineage2.2,lineage2.2.1	0.009748488984207448	64	lineage2	TBP_TGen_1K
SRR10379922	SRR10379922	lineage2,lineage2.2,lineage2.2.1	0.009748022806694871	68	lineage2	TBP_TGen_1K
SRR7516356	SRR7516356	lineage4,lineage4.3,lineage4.3.3	0.009743135518157659	54	lineage4	TBP_TGen_1K
SRR10380114	SRR10380114	lineage2,lineage2.2,lineage2.2.1	0.009735973597359737	74	lineage2	TBP_TGen_1K
SRR7516433	SRR7516433	lineage2,lineage2.2,lineage2.2.1	0.009715660932346909	67	lineage2	TBP_TGen_1K
SRR10379980	SRR10379980	lineage2,lineage2.2,lineage2.2.1	0.009714158106297454	110	lineage2	TBP_TGen_1K
SRR7516458	SRR7516458	lineage2,lineage2.2,lineage2.2.1	0.009712105445716268	42	lineage2	TBP_TGen_1K
SRR10380171	SRR10380171	lineage2,lineage2.2,lineage2.2.1	0.009703864815124644	77	lineage2	TBP_TGen_1K
SRR10380149	SRR10380149	lineage2,lineage2.2,lineage2.2.1	0.009703302855010264	66	lineage2	TBP_TGen_1K
SRR6807686	SRR6807686	lineage2,lineage2.2,lineage2.2.1	0.0097020097020097	73	lineage2	TBP_TGen_1K
SRR10380187	SRR10380187	lineage2,lineage2.2,lineage2.2.1	0.009691367228268973	84	lineage2	TBP_TGen_1K
SRR10379973	SRR10379973	lineage2,lineage2.2,lineage2.2.1	0.00967659791189203	48	lineage2	TBP_TGen_1K
SRR10380157	SRR10380157	lineage2,lineage2.2,lineage2.2.1	0.009651368918652748	62	lineage2	TBP_TGen_1K
SRR7516423	SRR7516423	lineage2,lineage2.2,lineage2.2.1	0.009644670050761422	49	lineage2	TBP_TGen_1K
SRR10380032	SRR10380032	lineage2,lineage2.2,lineage2.2.1	0.009623797025371828	57	lineage2	TBP_TGen_1K
SRR10380186	SRR10380186	lineage2,lineage2.2,lineage2.2.1	0.009612705488994148	88	lineage2	TBP_TGen_1K
SRR7516340	SRR7516340	lineage2,lineage2.2,lineage2.2.1	0.009604122745373624	105	lineage2	TBP_TGen_1K
SRR10397267	SRR10397267	lineage2,lineage2.2,lineage2.2.1	0.009596641175588543	82	lineage2	TBP_TGen_1K
SRR6356976	SRR6356976	lineage2,lineage2.2,lineage2.2.1	0.009588660366870484	88	lineage2	TBP_TGen_1K
SRR10397229	SRR10397229	lineage2,lineage2.2,lineage2.2.1	0.009588617383235385	120	lineage2	TBP_TGen_1K
SRR6807701	SRR6807701	lineage2,lineage2.2,lineage2.2.1	0.00958126330731015	38	lineage2	TBP_TGen_1K
SRR7516337	SRR7516337	lineage2,lineage2.2,lineage2.2.1	0.009559576647319904	72	lineage2	TBP_TGen_1K
SRR6356977	SRR6356977	lineage2,lineage2.2,lineage2.2.1	0.00954653937947494	72	lineage2	TBP_TGen_1K
SRR10380084	SRR10380084	lineage4,lineage4.8	0.00954607442041691	35	lineage4	TBP_TGen_1K
SRR6807725	SRR6807725	lineage4,lineage4.2,lineage4.2.1	0.009543021180851891	75	lineage4	TBP_TGen_1K
SRR10379882	SRR10379882	lineage2,lineage2.2,lineage2.2.1	0.00952899537163082	46	lineage2	TBP_TGen_1K
SRR7516334	SRR7516334	lineage2,lineage2.2,lineage2.2.1	0.009525035397091002	96	lineage2	TBP_TGen_1K
SRR6807747	SRR6807747	lineage2,lineage2.2,lineage2.2.1	0.009523809523809523	43	lineage2	TBP_TGen_1K
SRR10430356	SRR10430356	lineage2,lineage2.2,lineage2.2.1	0.009505913562506909	112	lineage2	TBP_TGen_1K
SRR6384963	SRR6384963	lineage2,lineage2.2,lineage2.2.1	0.009478672985781993	72	lineage2	TBP_TGen_1K
SRR7516373	SRR7516373	lineage2,lineage2.2,lineage2.2.1	0.009472259810554804	62	lineage2	TBP_TGen_1K
SRR7516385	SRR7516385	lineage2,lineage2.2,lineage2.2.1	0.009455958549222798	94	lineage2	TBP_TGen_1K
SRR7516333	SRR7516333	lineage2,lineage2.2,lineage2.2.1	0.009452126728513916	71	lineage2	TBP_TGen_1K
SRR6357007	SRR6357007	lineage2,lineage2.2,lineage2.2.1	0.00942507068803016	66	lineage2	TBP_TGen_1K
SRR10397247	SRR10397247	lineage2,lineage2.2,lineage2.2.1	0.00939547533687724	104	lineage2	TBP_TGen_1K
SRR6384962	SRR6384962	lineage2,lineage2.2,lineage2.2.1	0.009380863039399627	36	lineage2	TBP_TGen_1K
SRR10380075	SRR10380075	lineage4,lineage4.2,lineage4.2.1	0.009355911234825641	77	lineage4	TBP_TGen_1K
SRR7516354	SRR7516354	lineage2,lineage2.2,lineage2.2.1	0.00934475470018912	83	lineage2	TBP_TGen_1K
SRR7516380	SRR7516380	lineage2,lineage2.2,lineage2.2.1	0.00934199837530463	119	lineage2	TBP_TGen_1K
SRR10397121	SRR10397121	lineage2,lineage2.2,lineage2.2.1	0.009337257688013805	119	lineage2	TBP_TGen_1K
SRR10430365	SRR10430365	lineage2,lineage2.2,lineage2.2.1	0.009329505843756409	83	lineage2	TBP_TGen_1K
SRR10380046	SRR10380046	lineage2,lineage2.2,lineage2.2.1	0.009325458501709669	43	lineage2	TBP_TGen_1K
SRR10380131	SRR10380131	lineage2,lineage2.2,lineage2.2.1	0.009310344827586206	74	lineage2	TBP_TGen_1K
SRR6807699	SRR6807699	lineage2,lineage2.2,lineage2.2.1	0.009304871373836893	46	lineage2	TBP_TGen_1K
SRR6384970	SRR6384970	lineage2,lineage2.2,lineage2.2.1	0.00930328716146372	59	lineage2	TBP_TGen_1K
SRR10397194	SRR10397194	lineage2,lineage2.2,lineage2.2.1	0.009293406107095442	84	lineage2	TBP_TGen_1K
SRR7516316	SRR7516316	lineage2,lineage2.2,lineage2.2.1	0.009286702232760324	89	lineage2	TBP_TGen_1K
SRR10397201	SRR10397201	lineage2,lineage2.2,lineage2.2.1	0.009252120277563608	48	lineage2	TBP_TGen_1K
SRR7516371	SRR7516371	lineage2,lineage2.2,lineage2.2.1	0.009238931577021587	65	lineage2	TBP_TGen_1K
SRR7516313	SRR7516313	lineage2,lineage2.2,lineage2.2.1	0.009229957805907171	48	lineage2	TBP_TGen_1K
SRR6356961	SRR6356961	lineage2,lineage2.2,lineage2.2.1	0.00922509225092251	42	lineage2	TBP_TGen_1K
SRR10397095	SRR10397095	lineage2,lineage2.2,lineage2.2.1	0.009209032420840169	98	lineage2	TBP_TGen_1K
SRR10380247	SRR10380247	lineage2,lineage2.2,lineage2.2.1	0.009199632014719409	68	lineage2	TBP_TGen_1K
SRR6356957	SRR6356957	lineage2,lineage2.2,lineage2.2.1	0.009196515004840271	51	lineage2	TBP_TGen_1K
SRR7516436	SRR7516436	lineage2,lineage2.2,lineage2.2.1	0.00919428986208565	50	lineage2	TBP_TGen_1K
SRR7516392	SRR7516392	lineage2,lineage2.2,lineage2.2.1	0.009172154280338664	101	lineage2	TBP_TGen_1K
SRR7516297	SRR7516297	lineage2,lineage2.2,lineage2.2.1	0.009170385767561287	95	lineage2	TBP_TGen_1K
SRR7516319	SRR7516319	lineage2,lineage2.2,lineage2.2.1	0.009169135280011285	87	lineage2	TBP_TGen_1K
SRR6356941	SRR6356941	lineage2,lineage2.2,lineage2.2.1	0.009168884945282459	82	lineage2	TBP_TGen_1K
SRR7516430	SRR7516430	lineage2,lineage2.2,lineage2.2.1	0.009156050955414012	92	lineage2	TBP_TGen_1K
SRR10397252	SRR10397252	lineage2,lineage2.2,lineage2.2.1	0.009148936170212766	58	lineage2	TBP_TGen_1K
SRR6807739	SRR6807739	lineage2,lineage2.2,lineage2.2.1	0.009146341463414634	109	lineage2	TBP_TGen_1K
SRR10380174	SRR10380174	lineage2,lineage2.2,lineage2.2.1	0.009142053445850914	53	lineage2	TBP_TGen_1K
SRR10397130	SRR10397130	lineage2,lineage2.2,lineage2.2.1	0.009135200974421435	37	lineage2	TBP_TGen_1K
SRR10430399	SRR10430399	lineage4,lineage4.8	0.009128386336866905	101	lineage4	TBP_TGen_1K
SRR7516352	SRR7516352	lineage2,lineage2.2,lineage2.2.1	0.009104938271604938	79	lineage2	TBP_TGen_1K
SRR10380066	SRR10380066	lineage2,lineage2.2,lineage2.2.1	0.009094151212553496	70	lineage2	TBP_TGen_1K
SRR6807743	SRR6807743	lineage2,lineage2.2,lineage2.2.1	0.00909090909090909	95	lineage2	TBP_TGen_1K
SRR7516301	SRR7516301	lineage2,lineage2.2,lineage2.2.1	0.009056799068443524	47	lineage2	TBP_TGen_1K
SRR10397117	SRR10397117	lineage2,lineage2.2,lineage2.2.1	0.009056692542931077	104	lineage2	TBP_TGen_1K
SRR10430381	SRR10430381	lineage2,lineage2.2,lineage2.2.1	0.009054690329590729	103	lineage2	TBP_TGen_1K
SRR10397245	SRR10397245	lineage2,lineage2.2,lineage2.2.1	0.009045122828656594	118	lineage2	TBP_TGen_1K
SRR7516375	SRR7516375	lineage2,lineage2.2,lineage2.2.1	0.009038322487346349	37	lineage2	TBP_TGen_1K
SRR7516321	SRR7516321	lineage2,lineage2.2,lineage2.2.1	0.00903750564844103	53	lineage2	TBP_TGen_1K
SRR7516294	SRR7516294	lineage2,lineage2.2,lineage2.2.1	0.009033838615832184	79	lineage2	TBP_TGen_1K
SRR10380136	SRR10380136	lineage2,lineage2.2,lineage2.2.1	0.009031610637230306	50	lineage2	TBP_TGen_1K
SRR6356994	SRR6356994	lineage2,lineage2.2,lineage2.2.1	0.009027081243731194	49	lineage2	TBP_TGen_1K
SRR10380201	SRR10380201	lineage2,lineage2.2,lineage2.2.1	0.009025270758122744	81	lineage2	TBP_TGen_1K
SRR10397094	SRR10397094	lineage2,lineage2.2,lineage2.2.1	0.009012539184952978	96	lineage2	TBP_TGen_1K
SRR7516405	SRR7516405	lineage2,lineage2.2,lineage2.2.1	0.008991650610147721	58	lineage2	TBP_TGen_1K
SRR10397208	SRR10397208	lineage2,lineage2.2,lineage2.2.1	0.00897196261682243	64	lineage2	TBP_TGen_1K
SRR7516407	SRR7516407	lineage4,lineage4.1,lineage4.1.2,lineage4.1.2.1	0.008970099667774088	56	lineage4	TBP_TGen_1K
SRR10379946	SRR10379946	lineage2,lineage2.2,lineage2.2.1	0.008965083359547028	43	lineage2	TBP_TGen_1K
SRR10380105	SRR10380105	lineage2,lineage2.2,lineage2.2.1	0.008963707914298208	59	lineage2	TBP_TGen_1K
SRR7516302	SRR7516302	lineage2,lineage2.2,lineage2.2.1	0.008955223880597015	70	lineage2	TBP_TGen_1K
SRR6807763	SRR6807763	lineage2,lineage2.2,lineage2.2.1	0.008934592043155765	75	lineage2	TBP_TGen_1K
SRR10379985	SRR10379985	lineage2,lineage2.2,lineage2.2.1	0.008932196508323184	119	lineage2	TBP_TGen_1K
SRR10380143	SRR10380143	lineage2,lineage2.2,lineage2.2.1	0.008925506350841056	71	lineage2	TBP_TGen_1K
SRR10397103	SRR10397103	lineage2,lineage2.2,lineage2.2.1	0.00888987665296144	110	lineage2	TBP_TGen_1K
SRR10397237	SRR10397237	lineage2,lineage2.2,lineage2.2.1	0.00888182498130142	131	lineage2	TBP_TGen_1K
SRR10397269	SRR10397269	lineage4,lineage4.1,lineage4.1.2,lineage4.1.2.1	0.008856052451316175	122	lineage4	TBP_TGen_1K
SRR7516384	SRR7516384	lineage2,lineage2.2,lineage2.2.1	0.00885196786054746	89	lineage2	TBP_TGen_1K
SRR6356947	SRR6356947	lineage2,lineage2.2,lineage2.2.1	0.008843537414965987	53	lineage2	TBP_TGen_1K
SRR10379914	SRR10379914	lineage2,lineage2.2,lineage2.2.1	0.008822448229383655	102	lineage2	TBP_TGen_1K
SRR10397270	SRR10397270	lineage2,lineage2.2,lineage2.2.1	0.008817891373801916	97	lineage2	TBP_TGen_1K
SRR10397189	SRR10397189	lineage2,lineage2.2,lineage2.2.1	0.008814770696843359	104	lineage2	TBP_TGen_1K
SRR10430358	SRR10430358	lineage2,lineage2.2,lineage2.2.1	0.008802209181912324	70	lineage2	TBP_TGen_1K
SRR7516398	SRR7516398	lineage2,lineage2.2,lineage2.2.1	0.008800287356321839	71	lineage2	TBP_TGen_1K
SRR10397199	SRR10397199	lineage2,lineage2.2,lineage2.2.1	0.008793746669035353	67	lineage2	TBP_TGen_1K
SRR6807723	SRR6807723	lineage2,lineage2.2,lineage2.2.1	0.008790571870170016	70	lineage2	TBP_TGen_1K
SRR10379947	SRR10379947	lineage2,lineage2.2,lineage2.2.1	0.008788332086761406	66	lineage2	TBP_TGen_1K
SRR10430371	SRR10430371	lineage2,lineage2.2,lineage2.2.1	0.008787800465236495	97	lineage2	TBP_TGen_1K
SRR6807709	SRR6807709	lineage2,lineage2.2,lineage2.2.1	0.00878039367039753	62	lineage2	TBP_TGen_1K
SRR10430388	SRR10430388	lineage2,lineage2.2,lineage2.2.1	0.008777633289986994	77	lineage2	TBP_TGen_1K
SRR10380150	SRR10380150	lineage2,lineage2.2,lineage2.2.1	0.00876843363889996	62	lineage2	TBP_TGen_1K
SRR6356987	SRR6356987	lineage2,lineage2.2,lineage2.2.1	0.008763977032336053	81	lineage2	TBP_TGen_1K
SRR10380025	SRR10380025	lineage2,lineage2.2,lineage2.2.1	0.0087527352297593	86	lineage2	TBP_TGen_1K
SRR10430357	SRR10430357	lineage2,lineage2.2,lineage2.2.1	0.008751306165099268	121	lineage2	TBP_TGen_1K
SRR10397133	SRR10397133	lineage2,lineage2.2,lineage2.2.1	0.008748674443266172	46	lineage2	TBP_TGen_1K
SRR10397158	SRR10397158	lineage2,lineage2.2,lineage2.2.1	0.008738003151410973	88	lineage2	TBP_TGen_1K
SRR7516368	SRR7516368	lineage4,lineage4.3,lineage4.3.3	0.008736415938632005	63	lineage4	TBP_TGen_1K
SRR10397164	SRR10397164	lineage2,lineage2.2,lineage2.2.1	0.00873015873015873	61	lineage2	TBP_TGen_1K
SRR7516408	SRR7516408	lineage2,lineage2.2,lineage2.2.1	0.008726327515781656	64	lineage2	TBP_TGen_1K
SRR10430334	SRR10430334	lineage2,lineage2.2,lineage2.2.1	0.008726003490401396	77	lineage2	TBP_TGen_1K
SRR10397210	SRR10397210	lineage2,lineage2.2,lineage2.2.1	0.00872056808272082	100	lineage2	TBP_TGen_1K
SRR10397128	SRR10397128	lineage2,lineage2.2,lineage2.2.1	0.008718074656188604	100	lineage2	TBP_TGen_1K
SRR10380064	SRR10380064	lineage2,lineage2.2,lineage2.2.1	0.008717310087173101	57	lineage2	TBP_TGen_1K
SRR10397227	SRR10397227	lineage2,lineage2.2,lineage2.2.1	0.008703220191470844	73	lineage2	TBP_TGen_1K
SRR10430347	SRR10430347	lineage2,lineage2.2,lineage2.2.1	0.008701625830089306	54	lineage2	TBP_TGen_1K
SRR6807762	SRR6807762	lineage2,lineage2.2,lineage2.2.1	0.008692903429745534	77	lineage2	TBP_TGen_1K
SRR6356968	SRR6356968	lineage2,lineage2.2,lineage2.2.1	0.008685306365258775	102	lineage2	TBP_TGen_1K
SRR10397221	SRR10397221	lineage2,lineage2.2,lineage2.2.1	0.008671384431376458	125	lineage2	TBP_TGen_1K
SRR10380188	SRR10380188	lineage2,lineage2.2,lineage2.2.1	0.008669737198591168	90	lineage2	TBP_TGen_1K
SRR10397109	SRR10397109	lineage2,lineage2.2,lineage2.2.1	0.00865203761755486	53	lineage2	TBP_TGen_1K
SRR10397225	SRR10397225	lineage2,lineage2.2,lineage2.2.1	0.008631603176429971	108	lineage2	TBP_TGen_1K
SRR6356971	SRR6356971	lineage2,lineage2.2,lineage2.2.1	0.008620689655172414	67	lineage2	TBP_TGen_1K
SRR10380065	SRR10380065	lineage2,lineage2.2,lineage2.2.1	0.00861573808156232	65	lineage2	TBP_TGen_1K
SRR7516326	SRR7516326	lineage2,lineage2.2,lineage2.2.1	0.008601018079691066	68	lineage2	TBP_TGen_1K
SRR10380204	SRR10380204	lineage2,lineage2.2,lineage2.2.1	0.008595609627082782	95	lineage2	TBP_TGen_1K
SRR6356964	SRR6356964	lineage2,lineage2.2,lineage2.2.1	0.008588717548311536	63	lineage2	TBP_TGen_1K
SRR6807682	SRR6807682	lineage2,lineage2.2,lineage2.2.1	0.008572025925151579	57	lineage2	TBP_TGen_1K
SRR10397178	SRR10397178	lineage4,lineage4.3,lineage4.3.3	0.00856457690990065	42	lineage4	TBP_TGen_1K
SRR10380178	SRR10380178	lineage2,lineage2.2,lineage2.2.1	0.008552976086577064	140	lineage2	TBP_TGen_1K
SRR10430372	SRR10430372	lineage2,lineage2.2,lineage2.2.1	0.008519837232960325	82	lineage2	TBP_TGen_1K
SRR10430340	SRR10430340	lineage2,lineage2.2,lineage2.2.1	0.008506113769271666	114	lineage2	TBP_TGen_1K
SRR10379964	SRR10379964	lineage2,lineage2.2,lineage2.2.1	0.008505117485944933	86	lineage2	TBP_TGen_1K
SRR10380182	SRR10380182	lineage2,lineage2.2,lineage2.2.1	0.00850091407678245	131	lineage2	TBP_TGen_1K
SRR10430346	SRR10430346	lineage2,lineage2.2,lineage2.2.1	0.008497620666213459	72	lineage2	TBP_TGen_1K
SRR7516382	SRR7516382	lineage2,lineage2.2,lineage2.2.1	0.008479288295802058	88	lineage2	TBP_TGen_1K
SRR10380158	SRR10380158	lineage2,lineage2.2,lineage2.2.1	0.008462250429723655	95	lineage2	TBP_TGen_1K
SRR10397204	SRR10397204	lineage2,lineage2.2,lineage2.2.1	0.008441258094357076	106	lineage2	TBP_TGen_1K
SRR7516349	SRR7516349	lineage4,lineage4.6,lineage4.6.2	0.008438818565400843	44	lineage4	TBP_TGen_1K
SRR10397263	SRR10397263	lineage4,lineage4.8	0.008398950131233596	106	lineage4	TBP_TGen_1K
SRR6356983	SRR6356983	lineage2,lineage2.2,lineage2.2.1	0.008397600685518423	70	lineage2	TBP_TGen_1K
SRR10379930	SRR10379930	lineage2,lineage2.2,lineage2.2.1	0.008397312859884837	54	lineage2	TBP_TGen_1K
SRR10380248	SRR10380248	lineage2,lineage2.2,lineage2.2.1	0.008392341987936008	47	lineage2	TBP_TGen_1K
SRR6356925	SRR6356925	lineage2,lineage2.2,lineage2.2.1	0.008383791336748951	53	lineage2	TBP_TGen_1K
SRR6356935	SRR6356935	lineage2,lineage2.2,lineage2.2.1	0.008339006126616746	70	lineage2	TBP_TGen_1K
SRR6356984	SRR6356984	lineage2,lineage2.2,lineage2.2.1	0.008338544923910778	57	lineage2	TBP_TGen_1K
SRR10380116	SRR10380116	lineage2,lineage2.2,lineage2.2.1	0.00833664152441445	88	lineage2	TBP_TGen_1K
SRR10379887	SRR10379887	lineage2,lineage2.2,lineage2.2.1	0.008329827513672696	80	lineage2	TBP_TGen_1K
SRR6384967	SRR6384967	lineage2,lineage2.2,lineage2.2.1	0.008318628686664987	49	lineage2	TBP_TGen_1K
SRR6356937	SRR6356937	lineage2,lineage2.2,lineage2.2.1	0.00830047727744345	60	lineage2	TBP_TGen_1K
SRR6356982	SRR6356982	lineage2,lineage2.2,lineage2.2.1	0.008293629786483148	70	lineage2	TBP_TGen_1K
SRR10397256	SRR10397256	lineage2,lineage2.2,lineage2.2.1	0.008285447013229988	91	lineage2	TBP_TGen_1K
SRR10397226	SRR10397226	lineage2,lineage2.2,lineage2.2.1	0.008284914998924036	113	lineage2	TBP_TGen_1K
SRR10379977	SRR10379977	lineage2,lineage2.2,lineage2.2.1	0.008283479061205707	82	lineage2	TBP_TGen_1K
SRR10380176	SRR10380176	lineage2,lineage2.2,lineage2.2.1	0.008277369982820552	78	lineage2	TBP_TGen_1K
SRR7516288	SRR7516288	lineage2,lineage2.2,lineage2.2.1	0.008276740237691002	56	lineage2	TBP_TGen_1K
SRR6807707	SRR6807707	lineage2,lineage2.2,lineage2.2.1	0.008273787138021812	36	lineage2	TBP_TGen_1K
SRR10397272	SRR10397272	lineage2,lineage2.2,lineage2.2.1	0.008264462809917356	93	lineage2	TBP_TGen_1K
SRR10379984	SRR10379984	lineage2,lineage2.2,lineage2.2.1	0.008256367198432691	89	lineage2	TBP_TGen_1K
SRR10380111	SRR10380111	lineage2,lineage2.2,lineage2.2.1	0.008253500368459838	82	lineage2	TBP_TGen_1K
SRR10397166	SRR10397166	lineage2,lineage2.2,lineage2.2.1	0.008249182193144645	87	lineage2	TBP_TGen_1K
SRR10397248	SRR10397248	lineage2,lineage2.2,lineage2.2.1	0.008240343347639486	43	lineage2	TBP_TGen_1K
SRR7516391	SRR7516391	lineage2,lineage2.2,lineage2.2.1	0.008228379513014273	71	lineage2	TBP_TGen_1K
SRR10379975	SRR10379975	lineage4,lineage4.8	0.008225616921269096	92	lineage4	TBP_TGen_1K
SRR6356963	SRR6356963	lineage2,lineage2.2,lineage2.2.1	0.008217340264967298	73	lineage2	TBP_TGen_1K
SRR7516409	SRR7516409	lineage2,lineage2.2,lineage2.2.1	0.008198151055293913	69	lineage2	TBP_TGen_1K
SRR10430392	SRR10430392	lineage2,lineage2.2,lineage2.2.1	0.00819050508114667	85	lineage2	TBP_TGen_1K
SRR6356933	SRR6356933	lineage2,lineage2.2,lineage2.2.1	0.008180300500834724	73	lineage2	TBP_TGen_1K
SRR10397268	SRR10397268	lineage2,lineage2.2,lineage2.2.1	0.008169149447381067	103	lineage2	TBP_TGen_1K
SRR10397129	SRR10397129	lineage2,lineage2.2,lineage2.2.1	0.008165429480381759	54	lineage2	TBP_TGen_1K
SRR10379967	SRR10379967	lineage2,lineage2.2,lineage2.2.1	0.008148426726839662	100	lineage2	TBP_TGen_1K
SRR10380000	SRR10380000	lineage2,lineage2.2,lineage2.2.1	0.00814687320711417	107	lineage2	TBP_TGen_1K
SRR10430368	SRR10430368	lineage2,lineage2.2,lineage2.2.1	0.008132560740063027	119	lineage2	TBP_TGen_1K
SRR10430335	SRR10430335	lineage2,lineage2.2,lineage2.2.1	0.008131997642899234	104	lineage2	TBP_TGen_1K
SRR7516422	SRR7516422	lineage2,lineage2.2,lineage2.2.1	0.008124576844955992	92	lineage2	TBP_TGen_1K
SRR10380033	SRR10380033	lineage2,lineage2.2,lineage2.2.1	0.008112658809122916	83	lineage2	TBP_TGen_1K
SRR10379992	SRR10379992	lineage2,lineage2.2,lineage2.2.1	0.008097165991902834	140	lineage2	TBP_TGen_1K
SRR10430349	SRR10430349	lineage2,lineage2.2,lineage2.2.1	0.008087091757387248	82	lineage2	TBP_TGen_1K
SRR6807678	SRR6807678	lineage2,lineage2.2,lineage2.2.1	0.008047585724282715	70	lineage2	TBP_TGen_1K
SRR10430366	SRR10430366	lineage2,lineage2.2,lineage2.2.1	0.008017817371937639	111	lineage2	TBP_TGen_1K
SRR10430325	SRR10430325	lineage2,lineage2.2,lineage2.2.1	0.008015620182920562	59	lineage2	TBP_TGen_1K
SRR10430398	SRR10430398	lineage2,lineage2.2,lineage2.2.1	0.008008490930142801	73	lineage2	TBP_TGen_1K
SRR6356955	SRR6356955	lineage2,lineage2.2,lineage2.2.1	0.008005336891260841	38	lineage2	TBP_TGen_1K
SRR7516331	SRR7516331	lineage2,lineage2.2,lineage2.2.1	0.008003658815458496	53	lineage2	TBP_TGen_1K
SRR6356929	SRR6356929	lineage2,lineage2.2,lineage2.2.1	0.008	56	lineage2	TBP_TGen_1K
SRR10430376	SRR10430376	lineage2,lineage2.2,lineage2.2.1	0.007998638529611982	72	lineage2	TBP_TGen_1K
SRR10380205	SRR10380205	lineage4,lineage4.3,lineage4.3.3	0.007994126764010116	71	lineage4	TBP_TGen_1K
SRR10380019	SRR10380019	lineage2,lineage2.2,lineage2.2.1	0.00798366134422577	66	lineage2	TBP_TGen_1K
SRR10379895	SRR10379895	lineage2,lineage2.2,lineage2.2.1	0.007979455195817664	134	lineage2	TBP_TGen_1K
SRR10380023	SRR10380023	lineage2,lineage2.2,lineage2.2.1	0.0079587324981577	84	lineage2	TBP_TGen_1K
SRR10379996	SRR10379996	lineage2,lineage2.2,lineage2.2.1	0.007952286282306162	118	lineage2	TBP_TGen_1K
SRR7516426	SRR7516426	lineage2,lineage2.2,lineage2.2.1	0.007939508506616256	98	lineage2	TBP_TGen_1K
SRR10430384	SRR10430384	lineage2,lineage2.2,lineage2.2.1	0.007936507936507936	107	lineage2	TBP_TGen_1K
SRR6356985	SRR6356985	lineage2,lineage2.2,lineage2.2.1	0.007936507936507936	58	lineage2	TBP_TGen_1K
SRR7516428	SRR7516428	lineage2,lineage2.2,lineage2.2.1	0.007932653391614052	75	lineage2	TBP_TGen_1K
SRR6356951	SRR6356951	lineage2,lineage2.2,lineage2.2.1	0.007930785868781542	84	lineage2	TBP_TGen_1K
SRR7516421	SRR7516421	lineage4,lineage4.3,lineage4.3.3	0.007910429597176584	54	lineage4	TBP_TGen_1K
SRR10380219	SRR10380219	lineage4,lineage4.3,lineage4.3.3	0.007906458797327395	95	lineage4	TBP_TGen_1K
SRR7516320	SRR7516320	lineage2,lineage2.2,lineage2.2.1	0.007903494176372712	88	lineage2	TBP_TGen_1K
SRR10430382	SRR10430382	lineage2,lineage2.2,lineage2.2.1	0.007885763000852516	64	lineage2	TBP_TGen_1K
SRR7516303	SRR7516303	lineage4,lineage4.3,lineage4.3.3	0.007883420926899188	65	lineage4	TBP_TGen_1K
SRR10379884	SRR10379884	lineage2,lineage2.2,lineage2.2.1	0.007882291119285338	71	lineage2	TBP_TGen_1K
SRR6357005	SRR6357005	lineage2,lineage2.2,lineage2.2.1	0.007878913539290898	61	lineage2	TBP_TGen_1K
SRR6807724	SRR6807724	lineage2,lineage2.2,lineage2.2.1	0.007876172864872268	85	lineage2	TBP_TGen_1K
SRR10380183	SRR10380183	lineage2,lineage2.2,lineage2.2.1	0.007874015748031496	101	lineage2	TBP_TGen_1K
SRR7516307	SRR7516307	lineage2,lineage2.2,lineage2.2.1	0.007856109158569359	58	lineage2	TBP_TGen_1K
SRR7516424	SRR7516424	lineage2,lineage2.2,lineage2.2.1	0.007840209072241927	63	lineage2	TBP_TGen_1K
SRR10430400	SRR10430400	lineage2,lineage2.2,lineage2.2.1	0.007827009816927567	93	lineage2	TBP_TGen_1K
SRR6356931	SRR6356931	lineage2,lineage2.2,lineage2.2.1	0.007822410147991544	58	lineage2	TBP_TGen_1K
SRR6356940	SRR6356940	lineage2,lineage2.2,lineage2.2.1	0.007801418439716313	52	lineage2	TBP_TGen_1K
SRR10379927	SRR10379927	lineage2,lineage2.2,lineage2.2.1	0.007784928378658918	120	lineage2	TBP_TGen_1K
SRR10380239	SRR10380239	lineage4,lineage4.8	0.007784735149771535	80	lineage4	TBP_TGen_1K
SRR7516290	SRR7516290	lineage2,lineage2.2,lineage2.2.1	0.007783062573352275	95	lineage2	TBP_TGen_1K
SRR6356967	SRR6356967	lineage2,lineage2.2,lineage2.2.1	0.0077809798270893375	84	lineage2	TBP_TGen_1K
SRR6807715	SRR6807715	lineage2,lineage2.2,lineage2.2.1	0.007773345607036923	59	lineage2	TBP_TGen_1K
SRR10430360	SRR10430360	lineage2,lineage2.2,lineage2.2.1	0.007753492413608716	87	lineage2	TBP_TGen_1K
SRR10380068	SRR10380068	lineage2,lineage2.2,lineage2.2.1	0.007750117426021606	53	lineage2	TBP_TGen_1K
SRR10380092	SRR10380092	lineage2,lineage2.2,lineage2.2.1	0.007746478873239438	52	lineage2	TBP_TGen_1K
SRR10379886	SRR10379886	lineage2,lineage2.2,lineage2.2.1	0.0077306977199334565	124	lineage2	TBP_TGen_1K
SRR10380203	SRR10380203	lineage2,lineage2.2,lineage2.2.1	0.0076962544894817846	94	lineage2	TBP_TGen_1K
SRR10380123	SRR10380123	lineage2,lineage2.2,lineage2.2.1	0.007695596408721676	59	lineage2	TBP_TGen_1K
SRR6807733	SRR6807733	lineage2,lineage2.2,lineage2.2.1	0.0076793119336507456	80	lineage2	TBP_TGen_1K
SRR6356974	SRR6356974	lineage2,lineage2.2,lineage2.2.1	0.0076690211907164485	60	lineage2	TBP_TGen_1K
SRR10380184	SRR10380184	lineage2,lineage2.2,lineage2.2.1	0.007668431623151359	68	lineage2	TBP_TGen_1K
SRR10379929	SRR10379929	lineage2,lineage2.2,lineage2.2.1	0.007667286245353159	54	lineage2	TBP_TGen_1K
SRR10379923	SRR10379923	lineage2,lineage2.2,lineage2.2.1	0.007641114123736752	101	lineage2	TBP_TGen_1K
SRR10380137	SRR10380137	lineage2,lineage2.2,lineage2.2.1	0.007635467980295567	51	lineage2	TBP_TGen_1K
SRR6807758	SRR6807758	lineage2,lineage2.2,lineage2.2.1	0.0076098928607189345	59	lineage2	TBP_TGen_1K
SRR10380100	SRR10380100	lineage2,lineage2.2,lineage2.2.1	0.0076045627376425855	69	lineage2	TBP_TGen_1K
SRR6807681	SRR6807681	lineage2,lineage2.2,lineage2.2.1	0.007601520304060813	62	lineage2	TBP_TGen_1K
SRR10430397	SRR10430397	lineage2,lineage2.2,lineage2.2.1	0.007593868654197722	90	lineage2	TBP_TGen_1K
SRR10380125	SRR10380125	lineage2,lineage2.2,lineage2.2.1	0.0075925925925925935	66	lineage2	TBP_TGen_1K
SRR10430343	SRR10430343	lineage2,lineage2.2,lineage2.2.1	0.007588532883642495	87	lineage2	TBP_TGen_1K
SRR6807740	SRR6807740	lineage2,lineage2.2,lineage2.2.1	0.007587902105375655	102	lineage2	TBP_TGen_1K
SRR10380103	SRR10380103	lineage2,lineage2.2,lineage2.2.1	0.007586206896551723	71	lineage2	TBP_TGen_1K
SRR7516339	SRR7516339	lineage2,lineage2.2,lineage2.2.1	0.007577883805781645	87	lineage2	TBP_TGen_1K
SRR10430322	SRR10430322	lineage2,lineage2.2,lineage2.2.1	0.00757726819541376	73	lineage2	TBP_TGen_1K
SRR10379943	SRR10379943	lineage2,lineage2.2,lineage2.2.1	0.007562820200048792	101	lineage2	TBP_TGen_1K
SRR6356965	SRR6356965	lineage2,lineage2.2,lineage2.2.1	0.007562536358347875	72	lineage2	TBP_TGen_1K
SRR6357001	SRR6357001	lineage2,lineage2.2,lineage2.2.1	0.00755235152763474	71	lineage2	TBP_TGen_1K
SRR10430326	SRR10430326	lineage2,lineage2.2,lineage2.2.1	0.007547169811320755	54	lineage2	TBP_TGen_1K
SRR10379997	SRR10379997	lineage2,lineage2.2,lineage2.2.1	0.007529637936558795	77	lineage2	TBP_TGen_1K
SRR10380020	SRR10380020	lineage2,lineage2.2,lineage2.2.1	0.007528670226735533	137	lineage2	TBP_TGen_1K
SRR6356948	SRR6356948	lineage4,lineage4.2,lineage4.2.1	0.007527286413248024	63	lineage4	TBP_TGen_1K
SRR10380246	SRR10380246	lineage2,lineage2.2,lineage2.2.1	0.007522837184309511	71	lineage2	TBP_TGen_1K
SRR10379970	SRR10379970	lineage2,lineage2.2,lineage2.2.1	0.007496592457973648	109	lineage2	TBP_TGen_1K
SRR7516425	SRR7516425	lineage2,lineage2.2,lineage2.2.1	0.007478312892611427	47	lineage2	TBP_TGen_1K
SRR10379905	SRR10379905	lineage2,lineage2.2,lineage2.2.1	0.007475873317928503	91	lineage2	TBP_TGen_1K
SRR7516309	SRR7516309	lineage2,lineage2.2,lineage2.2.1	0.0074614210615567235	70	lineage2	TBP_TGen_1K
SRR7516412	SRR7516412	lineage2,lineage2.2,lineage2.2.1	0.007460545193687231	44	lineage2	TBP_TGen_1K
SRR6807706	SRR6807706	lineage2,lineage2.2,lineage2.2.1	0.007451954503856714	91	lineage2	TBP_TGen_1K
SRR6356995	SRR6356995	lineage2,lineage2.2,lineage2.2.1	0.007450771687067589	48	lineage2	TBP_TGen_1K
SRR10380124	SRR10380124	lineage2,lineage2.2,lineage2.2.1	0.007446808510638298	71	lineage2	TBP_TGen_1K
SRR10380190	SRR10380190	lineage2,lineage2.2,lineage2.2.1	0.00744611365120836	91	lineage2	TBP_TGen_1K
SRR6807720	SRR6807720	lineage2,lineage2.2,lineage2.2.1	0.00744119059049448	102	lineage2	TBP_TGen_1K
SRR6807673	SRR6807673	lineage2,lineage2.2,lineage2.2.1	0.007439343985121313	71	lineage2	TBP_TGen_1K
SRR10380129	SRR10380129	lineage2,lineage2.2,lineage2.2.1	0.007434944237918215	103	lineage2	TBP_TGen_1K
SRR10430393	SRR10430393	lineage2,lineage2.2,lineage2.2.1	0.007425177061914553	109	lineage2	TBP_TGen_1K
SRR10430361	SRR10430361	lineage2,lineage2.2,lineage2.2.1	0.007406331687481847	85	lineage2	TBP_TGen_1K
SRR10380234	SRR10380234	lineage2,lineage2.2,lineage2.2.1	0.007389162561576354	126	lineage2	TBP_TGen_1K
SRR10380069	SRR10380069	lineage4,lineage4.3,lineage4.3.3	0.007388701833146278	72	lineage4	TBP_TGen_1K
SRR10380007	SRR10380007	lineage4,lineage4.3,lineage4.3.3	0.007385172479512102	93	lineage4	TBP_TGen_1K
SRR7516370	SRR7516370	lineage2,lineage2.2,lineage2.2.1	0.007378129117259552	95	lineage2	TBP_TGen_1K
SRR10380142	SRR10380142	lineage2,lineage2.2,lineage2.2.1	0.0073679260072111626	82	lineage2	TBP_TGen_1K
SRR6356966	SRR6356966	lineage2,lineage2.2,lineage2.2.1	0.007356031946195881	58	lineage2	TBP_TGen_1K
SRR10379878	SRR10379878	lineage2,lineage2.2,lineage2.2.1	0.007340485601355167	65	lineage2	TBP_TGen_1K
SRR6356972	SRR6356972	lineage2,lineage2.2,lineage2.2.1	0.007324294841826399	78	lineage2	TBP_TGen_1K
SRR10380132	SRR10380132	lineage2,lineage2.2,lineage2.2.1	0.00732017823042648	78	lineage2	TBP_TGen_1K
SRR10430350	SRR10430350	lineage2,lineage2.2,lineage2.2.1	0.007313908222248438	53	lineage2	TBP_TGen_1K
SRR7516414	SRR7516414	lineage2,lineage2.2,lineage2.2.1	0.007313794030653402	110	lineage2	TBP_TGen_1K
SRR10380173	SRR10380173	lineage4,lineage4.3,lineage4.3.3	0.0073038660118373	53	lineage4	TBP_TGen_1K
SRR10380249	SRR10380249	lineage2,lineage2.2,lineage2.2.1	0.007302550275249972	109	lineage2	TBP_TGen_1K
SRR6807721	SRR6807721	lineage2,lineage2.2,lineage2.2.1	0.0072937625754527155	80	lineage2	TBP_TGen_1K
SRR7516413	SRR7516413	lineage2,lineage2.2,lineage2.2.1	0.007292932800833478	69	lineage2	TBP_TGen_1K
SRR10430317	SRR10430317	lineage2,lineage2.2,lineage2.2.1	0.0072789033119010065	102	lineage2	TBP_TGen_1K
SRR6356990	SRR6356990	lineage2,lineage2.2,lineage2.2.1	0.007267441860465115	49	lineage2	TBP_TGen_1K
SRR6357003	SRR6357003	lineage2,lineage2.2,lineage2.2.1	0.007258753202391118	57	lineage2	TBP_TGen_1K
SRR6356934	SRR6356934	lineage2,lineage2.2,lineage2.2.1	0.007253994953742641	117	lineage2	TBP_TGen_1K
SRR10380008	SRR10380008	lineage2,lineage2.2,lineage2.2.1	0.007251227130745203	112	lineage2	TBP_TGen_1K
SRR6807760	SRR6807760	lineage2,lineage2.2,lineage2.2.1	0.007242628039317123	48	lineage2	TBP_TGen_1K
SRR10380155	SRR10380155	lineage2,lineage2.2,lineage2.2.1	0.00723870056497175	72	lineage2	TBP_TGen_1K
SRR10380127	SRR10380127	lineage4,lineage4.3,lineage4.3.3	0.007223618090452261	84	lineage4	TBP_TGen_1K
SRR7516291	SRR7516291	lineage2,lineage2.2,lineage2.2.1	0.007214499384128102	103	lineage2	TBP_TGen_1K
SRR6807695	SRR6807695	lineage2,lineage2.2,lineage2.2.1	0.007212260843433837	68	lineage2	TBP_TGen_1K
SRR10430373	SRR10430373	lineage2,lineage2.2,lineage2.2.1	0.007197943444730078	71	lineage2	TBP_TGen_1K
SRR10430369	SRR10430369	lineage2,lineage2.2,lineage2.2.1	0.007173334982375858	109	lineage2	TBP_TGen_1K
SRR7516342	SRR7516342	lineage4,lineage4.8	0.007164508128961146	44	lineage4	TBP_TGen_1K
SRR10379909	SRR10379909	lineage2,lineage2.2,lineage2.2.1	0.007157316367842685	170	lineage2	TBP_TGen_1K
SRR6356945	SRR6356945	lineage2,lineage2.2,lineage2.2.1	0.007150983260198278	75	lineage2	TBP_TGen_1K
SRR6807730	SRR6807730	lineage2,lineage2.2,lineage2.2.1	0.0071490845684394075	69	lineage2	TBP_TGen_1K
SRR10430348	SRR10430348	lineage2,lineage2.2,lineage2.2.1	0.007148716746747921	51	lineage2	TBP_TGen_1K
SRR10379898	SRR10379898	lineage2,lineage2.2,lineage2.2.1	0.007145616067979916	125	lineage2	TBP_TGen_1K
SRR10379991	SRR10379991	lineage2,lineage2.2,lineage2.2.1	0.007135016465422613	112	lineage2	TBP_TGen_1K
SRR7516377	SRR7516377	lineage2,lineage2.2,lineage2.2.1	0.007122918471460199	127	lineage2	TBP_TGen_1K
SRR6807754	SRR6807754	lineage4,lineage4.3,lineage4.3.3	0.00710506424792139	44	lineage4	TBP_TGen_1K
SRR6807696	SRR6807696	lineage2,lineage2.2,lineage2.2.1	0.007102672292545709	85	lineage2	TBP_TGen_1K
SRR10430339	SRR10430339	lineage2,lineage2.2,lineage2.2.1	0.0070841598186455095	89	lineage2	TBP_TGen_1K
SRR6356996	SRR6356996	lineage2,lineage2.2,lineage2.2.1	0.00707850707850708	76	lineage2	TBP_TGen_1K
SRR10430367	SRR10430367	lineage2,lineage2.2,lineage2.2.1	0.0070714039323904795	71	lineage2	TBP_TGen_1K
SRR6807741	SRR6807741	lineage2,lineage2.2,lineage2.2.1	0.0070360598065083565	57	lineage2	TBP_TGen_1K
SRR7516381	SRR7516381	lineage2,lineage2.2,lineage2.2.1	0.00703205791106515	59	lineage2	TBP_TGen_1K
SRR7516358	SRR7516358	lineage2,lineage2.2,lineage2.2.1	0.00702887537993921	65	lineage2	TBP_TGen_1K
SRR10380177	SRR10380177	lineage2,lineage2.2,lineage2.2.1	0.007028350311932403	152	lineage2	TBP_TGen_1K
SRR10430385	SRR10430385	lineage2,lineage2.2,lineage2.2.1	0.00699472327892993	104	lineage2	TBP_TGen_1K
SRR10379885	SRR10379885	lineage2,lineage2.2,lineage2.2.1	0.006981222917669716	57	lineage2	TBP_TGen_1K
SRR6356939	SRR6356939	lineage2,lineage2.2,lineage2.2.1	0.006976398990648657	83	lineage2	TBP_TGen_1K
SRR10380243	SRR10380243	lineage2,lineage2.2,lineage2.2.1	0.006969233384327724	71	lineage2	TBP_TGen_1K
SRR10430374	SRR10430374	lineage2,lineage2.2,lineage2.2.1	0.006968002200421748	66	lineage2	TBP_TGen_1K
SRR10430345	SRR10430345	lineage2,lineage2.2,lineage2.2.1	0.00696329517290216	104	lineage2	TBP_TGen_1K
SRR10430401	SRR10430401	lineage2,lineage2.2,lineage2.2.1	0.006958250497017893	99	lineage2	TBP_TGen_1K
SRR7516447	SRR7516447	lineage2,lineage2.2,lineage2.2.1	0.006953975661085186	64	lineage2	TBP_TGen_1K
SRR7516295	SRR7516295	lineage2,lineage2.2,lineage2.2.1	0.006938708078638692	72	lineage2	TBP_TGen_1K
SRR10430379	SRR10430379	lineage2,lineage2.2,lineage2.2.1	0.006924408540103865	106	lineage2	TBP_TGen_1K
SRR10430386	SRR10430386	lineage2,lineage2.2,lineage2.2.1	0.006922516395433568	101	lineage2	TBP_TGen_1K
SRR10379993	SRR10379993	lineage2,lineage2.2,lineage2.2.1	0.006920415224913495	91	lineage2	TBP_TGen_1K
SRR10380074	SRR10380074	lineage2,lineage2.2,lineage2.2.1	0.006910850034554251	89	lineage2	TBP_TGen_1K
SRR10430395	SRR10430395	lineage2,lineage2.2,lineage2.2.1	0.006904379078785586	130	lineage2	TBP_TGen_1K
SRR7516394	SRR7516394	lineage2,lineage2.2,lineage2.2.1	0.006899796142386702	79	lineage2	TBP_TGen_1K
SRR10430387	SRR10430387	lineage2,lineage2.2,lineage2.2.1	0.0068823739721129784	80	lineage2	TBP_TGen_1K
SRR10379986	SRR10379986	lineage2,lineage2.2,lineage2.2.1	0.006869311351537008	73	lineage2	TBP_TGen_1K
SRR7516298	SRR7516298	lineage2,lineage2.2,lineage2.2.1	0.0068578146430670756	88	lineage2	TBP_TGen_1K
SRR10379904	SRR10379904	lineage4,lineage4.7	0.006825341267063354	77	lineage4	TBP_TGen_1K
SRR6357004	SRR6357004	lineage2,lineage2.2,lineage2.2.1	0.006823351023502654	65	lineage2	TBP_TGen_1K
SRR6356930	SRR6356930	lineage4,lineage4.8	0.006809543918918919	62	lineage4	TBP_TGen_1K
SRR10430329	SRR10430329	lineage2,lineage2.2,lineage2.2.1	0.006804123711340206	60	lineage2	TBP_TGen_1K
SRR7516410	SRR7516410	lineage4,lineage4.3,lineage4.3.3	0.0067957430439799975	54	lineage4	TBP_TGen_1K
SRR6807753	SRR6807753	lineage2,lineage2.2,lineage2.2.1	0.0067829457364341076	69	lineage2	TBP_TGen_1K
SRR10380202	SRR10380202	lineage2,lineage2.2,lineage2.2.1	0.006751572809574957	79	lineage2	TBP_TGen_1K
SRR10380029	SRR10380029	lineage2,lineage2.2,lineage2.2.1	0.006742738589211619	119	lineage2	TBP_TGen_1K
SRR10430391	SRR10430391	lineage2,lineage2.2,lineage2.2.1	0.006734715353046406	115	lineage2	TBP_TGen_1K
SRR7516293	SRR7516293	lineage2,lineage2.2,lineage2.2.1	0.006728810420396321	96	lineage2	TBP_TGen_1K
SRR10380101	SRR10380101	lineage2,lineage2.2,lineage2.2.1	0.00671281728550451	65	lineage2	TBP_TGen_1K
SRR10380140	SRR10380140	lineage2,lineage2.2,lineage2.2.1	0.006711409395973154	78	lineage2	TBP_TGen_1K
SRR7516399	SRR7516399	lineage2,lineage2.2,lineage2.2.1	0.006707855251544572	70	lineage2	TBP_TGen_1K
SRR10380189	SRR10380189	lineage4,lineage4.8	0.006688963210702341	84	lineage4	TBP_TGen_1K
SRR6807708	SRR6807708	lineage2,lineage2.2,lineage2.2.1	0.006661732050333087	50	lineage2	TBP_TGen_1K
SRR6807751	SRR6807751	lineage2,lineage2.2,lineage2.2.1	0.006651667807884182	69	lineage2	TBP_TGen_1K
SRR10380048	SRR10380048	lineage2,lineage2.2,lineage2.2.1	0.00664835958953606	86	lineage2	TBP_TGen_1K
SRR10430342	SRR10430342	lineage2,lineage2.2,lineage2.2.1	0.00663423264042459	80	lineage2	TBP_TGen_1K
SRR6356943	SRR6356943	lineage2,lineage2.2,lineage2.2.1	0.006631666206134292	87	lineage2	TBP_TGen_1K
SRR6356969	SRR6356969	lineage2,lineage2.2,lineage2.2.1	0.0066277418336752394	77	lineage2	TBP_TGen_1K
SRR6384966	SRR6384966	lineage2,lineage2.2,lineage2.2.1	0.0066266961186494154	45	lineage2	TBP_TGen_1K
SRR10380224	SRR10380224	lineage2,lineage2.2,lineage2.2.1	0.006615037108744756	77	lineage2	TBP_TGen_1K
SRR6384965	SRR6384965	lineage2,lineage2.2,lineage2.2.1	0.006614229531641044	50	lineage2	TBP_TGen_1K
SRR10380238	SRR10380238	lineage2,lineage2.2,lineage2.2.1	0.0066133921190410574	90	lineage2	TBP_TGen_1K
SRR6356959	SRR6356959	lineage2,lineage2.2,lineage2.2.1	0.006581112207963146	72	lineage2	TBP_TGen_1K
SRR7516455	SRR7516455	lineage2,lineage2.2,lineage2.2.1	0.006578130817922303	100	lineage2	TBP_TGen_1K
SRR7516453	SRR7516453	lineage2,lineage2.2,lineage2.2.1	0.006561679790026247	75	lineage2	TBP_TGen_1K
SRR6356952	SRR6356952	lineage2,lineage2.2,lineage2.2.1	0.006499901516643687	62	lineage2	TBP_TGen_1K
SRR10380113	SRR10380113	lineage2,lineage2.2,lineage2.2.1	0.006495987772258311	64	lineage2	TBP_TGen_1K
SRR10397246	SRR10397246	lineage4,lineage4.8	0.006494175858158952	50	lineage4	TBP_TGen_1K
SRR6807734	SRR6807734	lineage4,lineage4.3,lineage4.3.3	0.006489292667099286	72	lineage4	TBP_TGen_1K
SRR10430378	SRR10430378	lineage2,lineage2.2,lineage2.2.1	0.006487826213733779	81	lineage2	TBP_TGen_1K
SRR10380222	SRR10380222	lineage2,lineage2.2,lineage2.2.1	0.0064710957722174285	114	lineage2	TBP_TGen_1K
SRR6807672	SRR6807672	lineage2,lineage2.2,lineage2.2.1	0.0064592894781574026	73	lineage2	TBP_TGen_1K
SRR10397251	SRR10397251	lineage2,lineage2.2,lineage2.2.1	0.006457709875570956	78	lineage2	TBP_TGen_1K
SRR10430394	SRR10430394	lineage2,lineage2.2,lineage2.2.1	0.0064516129032258064	101	lineage2	TBP_TGen_1K
SRR10380115	SRR10380115	lineage2,lineage2.2,lineage2.2.1	0.0064322783422264464	81	lineage2	TBP_TGen_1K
SRR10430353	SRR10430353	lineage2,lineage2.2,lineage2.2.1	0.006387302816219878	63	lineage2	TBP_TGen_1K
SRR10379940	SRR10379940	lineage2,lineage2.2,lineage2.2.1	0.006305637982195846	101	lineage2	TBP_TGen_1K
SRR6356942	SRR6356942	lineage4,lineage4.3,lineage4.3.3	0.006291506466270535	65	lineage4	TBP_TGen_1K
SRR7516350	SRR7516350	lineage4,lineage4.8	0.006283544966618667	54	lineage4	TBP_TGen_1K
SRR6356953	SRR6356953	lineage2,lineage2.2,lineage2.2.1	0.00625	37	lineage2	TBP_TGen_1K
SRR6356936	SRR6356936	lineage4,lineage4.8	0.006243404854027436	74	lineage4	TBP_TGen_1K
SRR10430318	SRR10430318	lineage2,lineage2.2,lineage2.2.1	0.00622829081327105	59	lineage2	TBP_TGen_1K
SRR7516444	SRR7516444	lineage2,lineage2.2,lineage2.2.1	0.006186057577920533	50	lineage2	TBP_TGen_1K
SRR10379959	SRR10379959	lineage4,lineage4.3,lineage4.3.3	0.006184130302238481	77	lineage4	TBP_TGen_1K
SRR10380211	SRR10380211	lineage4,lineage4.4,lineage4.4.1,lineage4.4.1.1	0.006182734142431876	43	lineage4	TBP_TGen_1K
SRR10380191	SRR10380191	lineage2,lineage2.2,lineage2.2.1	0.006179332106231922	89	lineage2	TBP_TGen_1K
SRR10430383	SRR10430383	lineage2,lineage2.2,lineage2.2.1	0.006170981336544251	77	lineage2	TBP_TGen_1K
SRR10379897	SRR10379897	lineage2,lineage2.2,lineage2.2.1	0.006168831168831169	93	lineage2	TBP_TGen_1K
SRR10379958	SRR10379958	lineage4,lineage4.3,lineage4.3.4,lineage4.3.4.1	0.00616468516072215	37	lineage4	TBP_TGen_1K
SRR10430351	SRR10430351	lineage4,lineage4.3,lineage4.3.3	0.0061362674566229364	65	lineage4	TBP_TGen_1K
SRR10380031	SRR10380031	lineage2,lineage2.2,lineage2.2.1	0.006133401482238692	54	lineage2	TBP_TGen_1K
SRR10430363	SRR10430363	lineage2,lineage2.2,lineage2.2.1	0.006121773659827929	76	lineage2	TBP_TGen_1K
SRR7516460	SRR7516460	lineage4,lineage4.3,lineage4.3.3	0.006090928866652165	41	lineage4	TBP_TGen_1K
SRR10397124	SRR10397124	lineage4,lineage4.8	0.006060606060606061	40	lineage4	TBP_TGen_1K
SRR10380021	SRR10380021	lineage2,lineage2.2,lineage2.2.1	0.006057268722466961	92	lineage2	TBP_TGen_1K
SRR10430337	SRR10430337	lineage2,lineage2.2,lineage2.2.1	0.006053664921465969	75	lineage2	TBP_TGen_1K
SRR10379921	SRR10379921	lineage2,lineage2.2,lineage2.2.1	0.006043370067543547	36	lineage2	TBP_TGen_1K
SRR6356980	SRR6356980	lineage2,lineage2.2,lineage2.2.1	0.006041383476816191	80	lineage2	TBP_TGen_1K
SRR10430336	SRR10430336	lineage2,lineage2.2,lineage2.2.1	0.006036217303822936	82	lineage2	TBP_TGen_1K
SRR6356973	SRR6356973	lineage4,lineage4.3,lineage4.3.3	0.006035087719298246	48	lineage4	TBP_TGen_1K
SRR10430362	SRR10430362	lineage2,lineage2.2,lineage2.2.1	0.005951448707909162	76	lineage2	TBP_TGen_1K
SRR10430359	SRR10430359	lineage2,lineage2.2,lineage2.2.1	0.005950694247662227	85	lineage2	TBP_TGen_1K
SRR7516390	SRR7516390	lineage4,lineage4.3,lineage4.3.3	0.00593089221248066	47	lineage4	TBP_TGen_1K
SRR10430355	SRR10430355	lineage2,lineage2.2,lineage2.2.1	0.005923731951129212	99	lineage2	TBP_TGen_1K
SRR6356928	SRR6356928	lineage2,lineage2.2,lineage2.2.1	0.005844047420270496	74	lineage2	TBP_TGen_1K
SRR6807727	SRR6807727	lineage4,lineage4.4,lineage4.4.1,lineage4.4.1.1	0.00580952380952381	69	lineage4	TBP_TGen_1K
SRR6356991	SRR6356991	lineage2,lineage2.2,lineage2.2.1	0.0057971014492753615	80	lineage2	TBP_TGen_1K
SRR10380250	SRR10380250	lineage2,lineage2.2,lineage2.2.1	0.005795701521371649	51	lineage2	TBP_TGen_1K
SRR10397193	SRR10397193	lineage4,lineage4.3,lineage4.3.3	0.005701553181728816	98	lineage4	TBP_TGen_1K
SRR10380185	SRR10380185	lineage2,lineage2.2,lineage2.2.1	0.0056939501779359435	69	lineage2	TBP_TGen_1K
SRR7516369	SRR7516369	lineage4,lineage4.3,lineage4.3.3	0.005682551982435747	54	lineage4	TBP_TGen_1K
SRR10397195	SRR10397195	lineage4,lineage4.3,lineage4.3.3	0.0056652765756550465	83	lineage4	TBP_TGen_1K
SRR10380096	SRR10380096	lineage2,lineage2.2,lineage2.2.1	0.00565698122910774	53	lineage2	TBP_TGen_1K
SRR7516379	SRR7516379	lineage4,lineage4.3,lineage4.3.3	0.005640492800949978	47	lineage4	TBP_TGen_1K
SRR7516306	SRR7516306	lineage4,lineage4.8	0.005621391674263143	42	lineage4	TBP_TGen_1K
SRR10430328	SRR10430328	lineage2,lineage2.2,lineage2.2.1	0.005615801704105345	64	lineage2	TBP_TGen_1K
SRR10430364	SRR10430364	lineage2,lineage2.2,lineage2.2.1	0.005614406779661017	114	lineage2	TBP_TGen_1K
SRR10380133	SRR10380133	lineage2,lineage2.2,lineage2.2.1	0.005605072130846274	64	lineage2	TBP_TGen_1K
SRR6357002	SRR6357002	lineage4,lineage4.3,lineage4.3.3	0.005536332179930796	59	lineage4	TBP_TGen_1K
SRR6356989	SRR6356989	lineage4,lineage4.3,lineage4.3.3	0.005495713343591998	62	lineage4	TBP_TGen_1K
SRR10380104	SRR10380104	lineage2,lineage2.2,lineage2.2.1	0.005493221131369799	57	lineage2	TBP_TGen_1K
SRR10379910	SRR10379910	lineage4,lineage4.3,lineage4.3.3	0.0054759467758444215	130	lineage4	TBP_TGen_1K
SRR10380199	SRR10380199	lineage2,lineage2.2,lineage2.2.1	0.00547291608195341	89	lineage2	TBP_TGen_1K
SRR10430390	SRR10430390	lineage2,lineage2.2,lineage2.2.1	0.005448154657293498	70	lineage2	TBP_TGen_1K
SRR7516450	SRR7516450	lineage4,lineage4.8	0.00544069640914037	64	lineage4	TBP_TGen_1K
SRR10380175	SRR10380175	lineage4,lineage4.8	0.005390463026952315	83	lineage4	TBP_TGen_1K
SRR7516357	SRR7516357	lineage4,lineage4.1,lineage4.1.2,lineage4.1.2.1	0.005388099328439794	88	lineage4	TBP_TGen_1K
SRR7516360	SRR7516360	lineage4,lineage4.8	0.005336382694873261	70	lineage4	TBP_TGen_1K
SRR10430320	SRR10430320	lineage4,lineage4.3,lineage4.3.3	0.005324050373707382	66	lineage4	TBP_TGen_1K
SRR10379911	SRR10379911	lineage4,lineage4.8	0.005321751896256423	95	lineage4	TBP_TGen_1K
SRR7516457	SRR7516457	lineage4,lineage4.8	0.005310089169421902	68	lineage4	TBP_TGen_1K
SRR10380119	SRR10380119	lineage4,lineage4.3,lineage4.3.3	0.005309734513274336	45	lineage4	TBP_TGen_1K
SRR10397266	SRR10397266	lineage4,lineage4.3,lineage4.3.3	0.005300173274895526	67	lineage4	TBP_TGen_1K
SRR10430338	SRR10430338	lineage4,lineage4.3,lineage4.3.3	0.005291005291005291	57	lineage4	TBP_TGen_1K
SRR7516445	SRR7516445	lineage4,lineage4.8	0.005257623554153523	96	lineage4	TBP_TGen_1K
SRR10380110	SRR10380110	lineage2,lineage2.2,lineage2.2.1	0.005236486486486487	74	lineage2	TBP_TGen_1K
SRR10380145	SRR10380145	lineage2,lineage2.2,lineage2.2.1	0.005225830533781261	66	lineage2	TBP_TGen_1K
SRR6807680	SRR6807680	lineage4,lineage4.8	0.005167037861915367	64	lineage4	TBP_TGen_1K
SRR7516348	SRR7516348	lineage4,lineage4.6,lineage4.6.2	0.005165289256198347	73	lineage4	TBP_TGen_1K
SRR10379881	SRR10379881	lineage4,lineage4.3,lineage4.3.3	0.005116659844453541	37	lineage4	TBP_TGen_1K
SRR6384968	SRR6384968	lineage2,lineage2.2,lineage2.2.1	0.0050269968348538455	56	lineage2	TBP_TGen_1K
SRR10397255	SRR10397255	lineage4,lineage4.8	0.004885993485342019	42	lineage4	TBP_TGen_1K
SRR10380233	SRR10380233	lineage4,lineage4.3,lineage4.3.3	0.004872165943077665	139	lineage4	TBP_TGen_1K
SRR6807761	SRR6807761	lineage4,lineage4.8	0.004856883823338946	88	lineage4	TBP_TGen_1K
SRR6356998	SRR6356998	lineage2,lineage2.2,lineage2.2.1	0.0048546831510130105	93	lineage2	TBP_TGen_1K
SRR10397171	SRR10397171	lineage4,lineage4.8	0.004824784154393093	41	lineage4	TBP_TGen_1K
SRR10380106	SRR10380106	lineage4,lineage4.3,lineage4.3.3	0.004819741661846925	70	lineage4	TBP_TGen_1K
SRR6356950	SRR6356950	lineage2,lineage2.2,lineage2.2.1	0.004809470958194599	66	lineage2	TBP_TGen_1K
SRR7516378	SRR7516378	lineage4,lineage4.8	0.0046796256299496035	58	lineage4	TBP_TGen_1K
SRR10380236	SRR10380236	lineage4,lineage4.3,lineage4.3.3	0.004660797514241326	143	lineage4	TBP_TGen_1K
SRR10379945	SRR10379945	lineage4,lineage4.8	0.00464445868033312	76	lineage4	TBP_TGen_1K
SRR7516329	SRR7516329	lineage4,lineage4.8	0.004622496147919877	55	lineage4	TBP_TGen_1K
SRR7516438	SRR7516438	lineage4,lineage4.3,lineage4.3.3	0.004621201512393223	48	lineage4	TBP_TGen_1K
SRR10379880	SRR10379880	lineage4,lineage4.3,lineage4.3.3	0.004620123203285421	41	lineage4	TBP_TGen_1K
SRR10380102	SRR10380102	lineage4,lineage4.3,lineage4.3.3	0.004597197898423818	36	lineage4	TBP_TGen_1K
SRR6356986	SRR6356986	lineage4,lineage4.3,lineage4.3.3	0.004585653455617425	103	lineage4	TBP_TGen_1K
SRR10380146	SRR10380146	lineage4,lineage4.8	0.004560729716754681	51	lineage4	TBP_TGen_1K
SRR10397205	SRR10397205	lineage4,lineage4.8	0.004555242670200431	68	lineage4	TBP_TGen_1K
SRR6356981	SRR6356981	lineage4,lineage4.3,lineage4.3.3	0.004530809504631494	66	lineage4	TBP_TGen_1K
SRR6807697	SRR6807697	lineage4,lineage4.8	0.004521613311629589	68	lineage4	TBP_TGen_1K
SRR7516366	SRR7516366	lineage4,lineage4.8	0.004509582863585118	54	lineage4	TBP_TGen_1K
SRR6356927	SRR6356927	lineage4,lineage4.3,lineage4.3.3	0.004418262150220913	61	lineage4	TBP_TGen_1K
SRR10430323	SRR10430323	lineage4,lineage4.5	0.004416848034822686	106	lineage4	TBP_TGen_1K
SRR6807752	SRR6807752	lineage4,lineage4.8	0.004406005221932115	45	lineage4	TBP_TGen_1K
SRR10379920	SRR10379920	lineage4,lineage4.8	0.0043463497453310705	85	lineage4	TBP_TGen_1K
SRR10430380	SRR10430380	lineage2,lineage2.2,lineage2.2.1	0.004273910152911007	73	lineage2	TBP_TGen_1K
SRR10397163	SRR10397163	lineage4,lineage4.3,lineage4.3.3	0.004240555127216654	86	lineage4	TBP_TGen_1K
SRR10380232	SRR10380232	lineage4,lineage4.3,lineage4.3.3	0.00422334016520713	110	lineage4	TBP_TGen_1K
SRR7516437	SRR7516437	lineage4,lineage4.8	0.004203643157403083	46	lineage4	TBP_TGen_1K
SRR10379891	SRR10379891	lineage4,lineage4.3,lineage4.3.3	0.004146047880165842	49	lineage4	TBP_TGen_1K
SRR6356932	SRR6356932	lineage4,lineage4.3,lineage4.3.3	0.0041217798594847775	62	lineage4	TBP_TGen_1K
SRR10397107	SRR10397107	lineage4,lineage4.3,lineage4.3.4,lineage4.3.4.2	0.004121750158528852	42	lineage4	TBP_TGen_1K
SRR10380229	SRR10380229	lineage4,lineage4.8	0.0041186590897242074	112	lineage4	TBP_TGen_1K
SRR6356978	SRR6356978	lineage4,lineage4.3,lineage4.3.3	0.004114505821588024	77	lineage4	TBP_TGen_1K
SRR10380207	SRR10380207	lineage4,lineage4.3,lineage4.3.3	0.004107017132128609	56	lineage4	TBP_TGen_1K
SRR10380141	SRR10380141	lineage4,lineage4.8	0.004067295248659641	38	lineage4	TBP_TGen_1K
SRR10380197	SRR10380197	lineage4,lineage4.3,lineage4.3.3	0.004058878184752311	137	lineage4	TBP_TGen_1K
SRR10430354	SRR10430354	lineage4,lineage4.3,lineage4.3.3	0.00405214940098661	116	lineage4	TBP_TGen_1K
SRR10430375	SRR10430375	lineage4,lineage4.4,lineage4.4.1,lineage4.4.1.1	0.004050983104436321	68	lineage4	TBP_TGen_1K
SRR7516397	SRR7516397	lineage4,lineage4.3,lineage4.3.3	0.0039799273230662745	38	lineage4	TBP_TGen_1K
SRR6356962	SRR6356962	lineage4,lineage4.3,lineage4.3.3	0.003950710187188411	76	lineage4	TBP_TGen_1K
SRR10397108	SRR10397108	lineage4,lineage4.3,lineage4.3.3	0.003947945606082761	90	lineage4	TBP_TGen_1K
SRR7516365	SRR7516365	lineage4,lineage4.8	0.003943217665615143	37	lineage4	TBP_TGen_1K
SRR10430341	SRR10430341	lineage4,lineage4.5	0.00393296853625171	80	lineage4	TBP_TGen_1K
SRR6356975	SRR6356975	lineage4,lineage4.3,lineage4.3.3	0.003927855711422846	72	lineage4	TBP_TGen_1K
SRR10397186	SRR10397186	lineage4,lineage4.3,lineage4.3.3	0.003910950661853189	86	lineage4	TBP_TGen_1K
SRR10379925	SRR10379925	lineage4,lineage4.8	0.0038964015585606243	63	lineage4	TBP_TGen_1K
SRR10379952	SRR10379952	lineage4,lineage4.8	0.003888955366758406	95	lineage4	TBP_TGen_1K
SRR7516446	SRR7516446	lineage4,lineage4.8	0.0038703434929850014	42	lineage4	TBP_TGen_1K
SRR10380208	SRR10380208	lineage4,lineage4.8	0.00384263494967978	35	lineage4	TBP_TGen_1K
SRR10380006	SRR10380006	lineage4,lineage4.8	0.003775765748410711	132	lineage4	TBP_TGen_1K
SRR10397191	SRR10397191	lineage4,lineage4.8	0.003624244948968965	91	lineage4	TBP_TGen_1K
SRR10380128	SRR10380128	lineage4,lineage4.3,lineage4.3.3	0.0036231884057971015	56	lineage4	TBP_TGen_1K
SRR7516389	SRR7516389	lineage4	0.0036231884057971015	40	lineage4	TBP_TGen_1K
SRR10397216	SRR10397216	lineage4,lineage4.8	0.0035279590756747228	40	lineage4	TBP_TGen_1K
SRR10379915	SRR10379915	lineage4,lineage4.8	0.0035116711423259657	114	lineage4	TBP_TGen_1K
SRR10380027	SRR10380027	lineage4,lineage4.8	0.003375613747954173	113	lineage4	TBP_TGen_1K
SRR10380193	SRR10380193	lineage4,lineage4.8	0.003366751458925632	90	lineage4	TBP_TGen_1K
SRR10380163	SRR10380163	lineage4,lineage4.8	0.0033251772382207165	97	lineage4	TBP_TGen_1K
SRR10379961	SRR10379961	lineage4,lineage4.8	0.0033161385408990423	42	lineage4	TBP_TGen_1K
SRR10430331	SRR10430331	lineage4,lineage4.3,lineage4.3.3	0.0033102386451116248	77	lineage4	TBP_TGen_1K
SRR7516416	SRR7516416	lineage4,lineage4.8	0.003263530051672559	44	lineage4	TBP_TGen_1K
SRR7516440	SRR7516440	lineage4,lineage4.8	0.0032512192072027012	61	lineage4	TBP_TGen_1K
SRR10380181	SRR10380181	lineage4,lineage4.8	0.003214515322523037	84	lineage4	TBP_TGen_1K
SRR7516364	SRR7516364	lineage4,lineage4.8	0.003208801283520513	62	lineage4	TBP_TGen_1K
SRR10380216	SRR10380216	lineage4,lineage4.3,lineage4.3.3	0.003145668656234877	90	lineage4	TBP_TGen_1K
SRR10397170	SRR10397170	lineage4,lineage4.8	0.003132068905515921	101	lineage4	TBP_TGen_1K
SRR7516351	SRR7516351	lineage4,lineage4.8	0.0031275221953188056	69	lineage4	TBP_TGen_1K
SRR10380126	SRR10380126	lineage4,lineage4.8	0.003087285994948077	77	lineage4	TBP_TGen_1K
SRR6356924	SRR6356924	lineage4,lineage4.3,lineage4.3.3	0.003078953155926985	62	lineage4	TBP_TGen_1K
SRR7516434	SRR7516434	lineage4,lineage4.8	0.003073484213467449	52	lineage4	TBP_TGen_1K
SRR10379999	SRR10379999	lineage4,lineage4.8	0.0030401737242128123	102	lineage4	TBP_TGen_1K
SRR6356979	SRR6356979	lineage4,lineage4.3,lineage4.3.3	0.0030232792502267463	59	lineage4	TBP_TGen_1K
SRR10397258	SRR10397258	lineage4,lineage4.8	0.0029832056570418385	99	lineage4	TBP_TGen_1K
SRR10380135	SRR10380135	lineage4,lineage4.3,lineage4.3.3	0.00294953025999563	62	lineage4	TBP_TGen_1K
SRR6356923	SRR6356923	lineage4,lineage4.8	0.002901073397156948	72	lineage4	TBP_TGen_1K
SRR10380088	SRR10380088	lineage4,lineage4.8	0.0028715828164484264	57	lineage4	TBP_TGen_1K
SRR6356960	SRR6356960	lineage4,lineage4.3,lineage4.3.4,lineage4.3.4.2	0.0028664495114006515	57	lineage4	TBP_TGen_1K
SRR10380179	SRR10380179	lineage4,lineage4.8	0.002816901408450705	96	lineage4	TBP_TGen_1K
SRR7516415	SRR7516415	lineage4,lineage4.8	0.0028102221831913586	43	lineage4	TBP_TGen_1K
SRR10397220	SRR10397220	lineage4,lineage4.8	0.002806454846146136	65	lineage4	TBP_TGen_1K
SRR10379907	SRR10379907	lineage4,lineage4.8	0.002758348931139789	56	lineage4	TBP_TGen_1K
SRR10380180	SRR10380180	lineage4,lineage4.8	0.0027093440866990106	93	lineage4	TBP_TGen_1K
SRR10380151	SRR10380151	lineage4,lineage4.8	0.002701350675337669	71	lineage4	TBP_TGen_1K
SRR10379893	SRR10379893	lineage4,lineage4.8	0.002634088741541396	129	lineage4	TBP_TGen_1K
SRR10430321	SRR10430321	lineage4,lineage4.3,lineage4.3.3	0.0026299817924337445	59	lineage4	TBP_TGen_1K
SRR10380237	SRR10380237	lineage4,lineage4.3,lineage4.3.3	0.00260219530658592	123	lineage4	TBP_TGen_1K
SRR10380218	SRR10380218	lineage4,lineage4.3,lineage4.3.4,lineage4.3.4.2	0.002557849027422521	132	lineage4	TBP_TGen_1K
SRR10379988	SRR10379988	lineage4,lineage4.8	0.002503175670626915	97	lineage4	TBP_TGen_1K
SRR10380016	SRR10380016	lineage4,lineage4.8	0.0025031289111389237	103	lineage4	TBP_TGen_1K
SRR10380026	SRR10380026	lineage4,lineage4.8	0.002485050865884911	80	lineage4	TBP_TGen_1K
SRR10380067	SRR10380067	lineage4,lineage4.8	0.0021936696960200568	43	lineage4	TBP_TGen_1K
SRR10380231	SRR10380231	lineage4,lineage4.8	0.00216998191681736	57	lineage4	TBP_TGen_1K
SRR10380217	SRR10380217	lineage4,lineage4.3,lineage4.3.4,lineage4.3.4.2	0.0021658086277294517	109	lineage4	TBP_TGen_1K
SRR10380112	SRR10380112	lineage4,lineage4.8	0.0021396396396396395	62	lineage4	TBP_TGen_1K
SRR10379902	SRR10379902	lineage4,lineage4.8	0.0020920502092050207	73	lineage4	TBP_TGen_1K
SRR10397196	SRR10397196	lineage4,lineage4.8	0.002010227473108799	109	lineage4	TBP_TGen_1K
SRR10380220	SRR10380220	lineage4,lineage4.8	0.0019880715705765406	46	lineage4	TBP_TGen_1K
SRR10380242	SRR10380242	lineage4,lineage4.8	0.0019286403085824492	62	lineage4	TBP_TGen_1K
SRR10380235	SRR10380235	lineage4,lineage4.8	0.0018947767321417293	118	lineage4	TBP_TGen_1K
SRR10380152	SRR10380152	lineage4,lineage4.8	0.0018726591760299626	74	lineage4	TBP_TGen_1K
SRR10379968	SRR10379968	lineage4,lineage4.8	0.001744079309711768	80	lineage4	TBP_TGen_1K
SRR10380244	SRR10380244	lineage4,lineage4.8	0.001732572360375051	86	lineage4	TBP_TGen_1K
