SampleID	TGEN_SampleID	SRA_RunAcc_SR	Dataset_Tag	SeqReason	Illumina_PE_FQs_PATH	PacBio_FQ_PATH	HybridAsm_FA_PATH
TB6733	DNA0428	SRR10379945	TBPortals_2022_PassQC	PutativeRecomb	/n/data1/hms/dbmi/farhat/mm774/DownloadedData/250725.TBP2022.FinalSet_29CI.WGSData/TBP22.WGSData/TB6733/TB6733.SRR10379945.IlluminaPE.R1.fastq.gz;/n/data1/hms/dbmi/farhat/mm774/DownloadedData/250725.TBP2022.FinalSet_29CI.WGSData/TBP22.WGSData/TB6733/TB6733.SRR10379945.IlluminaPE.R2.fastq.gz	/n/data1/hms/dbmi/farhat/mm774/DownloadedData/250725.TBP2022.FinalSet_29CI.WGSData/TBP22.WGSData/TB6733/TB6733.PacBioCCS.fastq.gz	/n/data1/hms/dbmi/farhat/mm774/DownloadedData/250725.TBP2022.FinalSet_29CI.WGSData/TBP22.HybridAsms/TB6733.HybridAsm.fasta
TB3898	DNA373	SRR10397263	TBPortals_2022_PassQC	PutativeRecomb	/n/data1/hms/dbmi/farhat/mm774/DownloadedData/250725.TBP2022.FinalSet_29CI.WGSData/TBP22.WGSData/TB3898/TB3898.SRR10397263.IlluminaPE.R1.fastq.gz;/n/data1/hms/dbmi/farhat/mm774/DownloadedData/250725.TBP2022.FinalSet_29CI.WGSData/TBP22.WGSData/TB3898/TB3898.SRR10397263.IlluminaPE.R2.fastq.gz	/n/data1/hms/dbmi/farhat/mm774/DownloadedData/250725.TBP2022.FinalSet_29CI.WGSData/TBP22.WGSData/TB3898/TB3898.PacBioCCS.fastq.gz	/n/data1/hms/dbmi/farhat/mm774/DownloadedData/250725.TBP2022.FinalSet_29CI.WGSData/TBP22.HybridAsms/TB3898.HybridAsm.fasta
TB7340	DNA146	SRR10380093	TBPortals_2022_PassQC	PutativeRecomb	/n/data1/hms/dbmi/farhat/mm774/DownloadedData/250725.TBP2022.FinalSet_29CI.WGSData/TBP22.WGSData/TB7340/TB7340.SRR10380093.IlluminaPE.R1.fastq.gz;/n/data1/hms/dbmi/farhat/mm774/DownloadedData/250725.TBP2022.FinalSet_29CI.WGSData/TBP22.WGSData/TB7340/TB7340.SRR10380093.IlluminaPE.R2.fastq.gz	/n/data1/hms/dbmi/farhat/mm774/DownloadedData/250725.TBP2022.FinalSet_29CI.WGSData/TBP22.WGSData/TB7340/TB7340.PacBioCCS.fastq.gz	/n/data1/hms/dbmi/farhat/mm774/DownloadedData/250725.TBP2022.FinalSet_29CI.WGSData/TBP22.HybridAsms/TB7340.HybridAsm.fasta
TB6977	DNA0530	SRR10380218	TBPortals_2022_PassQC	PutativeRecomb	/n/data1/hms/dbmi/farhat/mm774/DownloadedData/250725.TBP2022.FinalSet_29CI.WGSData/TBP22.WGSData/TB6977/TB6977.SRR10380218.IlluminaPE.R1.fastq.gz;/n/data1/hms/dbmi/farhat/mm774/DownloadedData/250725.TBP2022.FinalSet_29CI.WGSData/TBP22.WGSData/TB6977/TB6977.SRR10380218.IlluminaPE.R2.fastq.gz	/n/data1/hms/dbmi/farhat/mm774/DownloadedData/250725.TBP2022.FinalSet_29CI.WGSData/TBP22.WGSData/TB6977/TB6977.PacBioCCS.fastq.gz	/n/data1/hms/dbmi/farhat/mm774/DownloadedData/250725.TBP2022.FinalSet_29CI.WGSData/TBP22.HybridAsms/TB6977.HybridAsm.fasta
TB3305	DNA594	SRR10397175	TBPortals_2022_PassQC	PutativeRecomb	/n/data1/hms/dbmi/farhat/mm774/DownloadedData/250725.TBP2022.FinalSet_29CI.WGSData/TBP22.WGSData/TB3305/TB3305.SRR10397175.IlluminaPE.R1.fastq.gz;/n/data1/hms/dbmi/farhat/mm774/DownloadedData/250725.TBP2022.FinalSet_29CI.WGSData/TBP22.WGSData/TB3305/TB3305.SRR10397175.IlluminaPE.R2.fastq.gz	/n/data1/hms/dbmi/farhat/mm774/DownloadedData/250725.TBP2022.FinalSet_29CI.WGSData/TBP22.WGSData/TB3305/TB3305.PacBioCCS.fastq.gz	/n/data1/hms/dbmi/farhat/mm774/DownloadedData/250725.TBP2022.FinalSet_29CI.WGSData/TBP22.HybridAsms/TB3305.HybridAsm.fasta
TB3706	DNA621	SRR10397096	TBPortals_2022_PassQC	PutativeRecomb	/n/data1/hms/dbmi/farhat/mm774/DownloadedData/250725.TBP2022.FinalSet_29CI.WGSData/TBP22.WGSData/TB3706/TB3706.SRR10397096.IlluminaPE.R1.fastq.gz;/n/data1/hms/dbmi/farhat/mm774/DownloadedData/250725.TBP2022.FinalSet_29CI.WGSData/TBP22.WGSData/TB3706/TB3706.SRR10397096.IlluminaPE.R2.fastq.gz	/n/data1/hms/dbmi/farhat/mm774/DownloadedData/250725.TBP2022.FinalSet_29CI.WGSData/TBP22.WGSData/TB3706/TB3706.PacBioCCS.fastq.gz	/n/data1/hms/dbmi/farhat/mm774/DownloadedData/250725.TBP2022.FinalSet_29CI.WGSData/TBP22.HybridAsms/TB3706.HybridAsm.fasta
TB6755	DNA0432	SRR10379935	TBPortals_2022_PassQC	PutativeRecomb	/n/data1/hms/dbmi/farhat/mm774/DownloadedData/250725.TBP2022.FinalSet_29CI.WGSData/TBP22.WGSData/TB6755/TB6755.SRR10379935.IlluminaPE.R1.fastq.gz;/n/data1/hms/dbmi/farhat/mm774/DownloadedData/250725.TBP2022.FinalSet_29CI.WGSData/TBP22.WGSData/TB6755/TB6755.SRR10379935.IlluminaPE.R2.fastq.gz	/n/data1/hms/dbmi/farhat/mm774/DownloadedData/250725.TBP2022.FinalSet_29CI.WGSData/TBP22.WGSData/TB6755/TB6755.PacBioCCS.fastq.gz	/n/data1/hms/dbmi/farhat/mm774/DownloadedData/250725.TBP2022.FinalSet_29CI.WGSData/TBP22.HybridAsms/TB6755.HybridAsm.fasta
TB7044	DNA246	SRR10380192	TBPortals_2022_PassQC	PutativeRecomb	/n/data1/hms/dbmi/farhat/mm774/DownloadedData/250725.TBP2022.FinalSet_29CI.WGSData/TBP22.WGSData/TB7044/TB7044.SRR10380192.IlluminaPE.R1.fastq.gz;/n/data1/hms/dbmi/farhat/mm774/DownloadedData/250725.TBP2022.FinalSet_29CI.WGSData/TBP22.WGSData/TB7044/TB7044.SRR10380192.IlluminaPE.R2.fastq.gz	/n/data1/hms/dbmi/farhat/mm774/DownloadedData/250725.TBP2022.FinalSet_29CI.WGSData/TBP22.WGSData/TB7044/TB7044.PacBioCCS.fastq.gz	/n/data1/hms/dbmi/farhat/mm774/DownloadedData/250725.TBP2022.FinalSet_29CI.WGSData/TBP22.HybridAsms/TB7044.HybridAsm.fasta
TB6765	DNA0441	SRR10379924	TBPortals_2022_PassQC	PutativeRecomb	/n/data1/hms/dbmi/farhat/mm774/DownloadedData/250725.TBP2022.FinalSet_29CI.WGSData/TBP22.WGSData/TB6765/TB6765.SRR10379924.IlluminaPE.R1.fastq.gz;/n/data1/hms/dbmi/farhat/mm774/DownloadedData/250725.TBP2022.FinalSet_29CI.WGSData/TBP22.WGSData/TB6765/TB6765.SRR10379924.IlluminaPE.R2.fastq.gz	/n/data1/hms/dbmi/farhat/mm774/DownloadedData/250725.TBP2022.FinalSet_29CI.WGSData/TBP22.WGSData/TB6765/TB6765.PacBioCCS.fastq.gz	/n/data1/hms/dbmi/farhat/mm774/DownloadedData/250725.TBP2022.FinalSet_29CI.WGSData/TBP22.HybridAsms/TB6765.HybridAsm.fasta
TB6552	DNA199	SRR10380108	TBPortals_2022_PassQC	PutativeRecomb	/n/data1/hms/dbmi/farhat/mm774/DownloadedData/250725.TBP2022.FinalSet_29CI.WGSData/TBP22.WGSData/TB6552/TB6552.SRR10380108.IlluminaPE.R1.fastq.gz;/n/data1/hms/dbmi/farhat/mm774/DownloadedData/250725.TBP2022.FinalSet_29CI.WGSData/TBP22.WGSData/TB6552/TB6552.SRR10380108.IlluminaPE.R2.fastq.gz	/n/data1/hms/dbmi/farhat/mm774/DownloadedData/250725.TBP2022.FinalSet_29CI.WGSData/TBP22.WGSData/TB6552/TB6552.PacBioCCS.fastq.gz	/n/data1/hms/dbmi/farhat/mm774/DownloadedData/250725.TBP2022.FinalSet_29CI.WGSData/TBP22.HybridAsms/TB6552.HybridAsm.fasta
TB6778	DNA0453	SRR10380252	TBPortals_2022_PassQC	PutativeRecomb	/n/data1/hms/dbmi/farhat/mm774/DownloadedData/250725.TBP2022.FinalSet_29CI.WGSData/TBP22.WGSData/TB6778/TB6778.SRR10380252.IlluminaPE.R1.fastq.gz;/n/data1/hms/dbmi/farhat/mm774/DownloadedData/250725.TBP2022.FinalSet_29CI.WGSData/TBP22.WGSData/TB6778/TB6778.SRR10380252.IlluminaPE.R2.fastq.gz	/n/data1/hms/dbmi/farhat/mm774/DownloadedData/250725.TBP2022.FinalSet_29CI.WGSData/TBP22.WGSData/TB6778/TB6778.PacBioCCS.fastq.gz	/n/data1/hms/dbmi/farhat/mm774/DownloadedData/250725.TBP2022.FinalSet_29CI.WGSData/TBP22.HybridAsms/TB6778.HybridAsm.fasta
TB6973	DNA237	SRR10380223	TBPortals_2022_PassQC	PutativeRecomb	/n/data1/hms/dbmi/farhat/mm774/DownloadedData/250725.TBP2022.FinalSet_29CI.WGSData/TBP22.WGSData/TB6973/TB6973.SRR10380223.IlluminaPE.R1.fastq.gz;/n/data1/hms/dbmi/farhat/mm774/DownloadedData/250725.TBP2022.FinalSet_29CI.WGSData/TBP22.WGSData/TB6973/TB6973.SRR10380223.IlluminaPE.R2.fastq.gz	/n/data1/hms/dbmi/farhat/mm774/DownloadedData/250725.TBP2022.FinalSet_29CI.WGSData/TBP22.WGSData/TB6973/TB6973.PacBioCCS.fastq.gz	/n/data1/hms/dbmi/farhat/mm774/DownloadedData/250725.TBP2022.FinalSet_29CI.WGSData/TBP22.HybridAsms/TB6973.HybridAsm.fasta
TB6786	DNA216	SRR10380244	TBPortals_2022_PassQC	PutativeRecomb	/n/data1/hms/dbmi/farhat/mm774/DownloadedData/250725.TBP2022.FinalSet_29CI.WGSData/TBP22.WGSData/TB6786/TB6786.SRR10380244.IlluminaPE.R1.fastq.gz;/n/data1/hms/dbmi/farhat/mm774/DownloadedData/250725.TBP2022.FinalSet_29CI.WGSData/TBP22.WGSData/TB6786/TB6786.SRR10380244.IlluminaPE.R2.fastq.gz	/n/data1/hms/dbmi/farhat/mm774/DownloadedData/250725.TBP2022.FinalSet_29CI.WGSData/TBP22.WGSData/TB6786/TB6786.PacBioCCS.fastq.gz	/n/data1/hms/dbmi/farhat/mm774/DownloadedData/250725.TBP2022.FinalSet_29CI.WGSData/TBP22.HybridAsms/TB6786.HybridAsm.fasta
TB3256	DNA350	SRR10397205	TBPortals_2022_PassQC	PutativeRecomb	/n/data1/hms/dbmi/farhat/mm774/DownloadedData/250725.TBP2022.FinalSet_29CI.WGSData/TBP22.WGSData/TB3256/TB3256.SRR10397205.IlluminaPE.R1.fastq.gz;/n/data1/hms/dbmi/farhat/mm774/DownloadedData/250725.TBP2022.FinalSet_29CI.WGSData/TBP22.WGSData/TB3256/TB3256.SRR10397205.IlluminaPE.R2.fastq.gz	/n/data1/hms/dbmi/farhat/mm774/DownloadedData/250725.TBP2022.FinalSet_29CI.WGSData/TBP22.WGSData/TB3256/TB3256.PacBioCCS.fastq.gz	/n/data1/hms/dbmi/farhat/mm774/DownloadedData/250725.TBP2022.FinalSet_29CI.WGSData/TBP22.HybridAsms/TB3256.HybridAsm.fasta
TB4414	DNA014	SRR10430399	TBPortals_2022_PassQC	PutativeRecomb	/n/data1/hms/dbmi/farhat/mm774/DownloadedData/250725.TBP2022.FinalSet_29CI.WGSData/TBP22.WGSData/TB4414/TB4414.SRR10430399.IlluminaPE.R1.fastq.gz;/n/data1/hms/dbmi/farhat/mm774/DownloadedData/250725.TBP2022.FinalSet_29CI.WGSData/TBP22.WGSData/TB4414/TB4414.SRR10430399.IlluminaPE.R2.fastq.gz	/n/data1/hms/dbmi/farhat/mm774/DownloadedData/250725.TBP2022.FinalSet_29CI.WGSData/TBP22.WGSData/TB4414/TB4414.PacBioCCS.fastq.gz	/n/data1/hms/dbmi/farhat/mm774/DownloadedData/250725.TBP2022.FinalSet_29CI.WGSData/TBP22.HybridAsms/TB4414.HybridAsm.fasta
TB6599	DNA0417	SRR10379958	TBPortals_2022_PassQC	PutativeRecomb	/n/data1/hms/dbmi/farhat/mm774/DownloadedData/250725.TBP2022.FinalSet_29CI.WGSData/TBP22.WGSData/TB6599/TB6599.SRR10379958.IlluminaPE.R1.fastq.gz;/n/data1/hms/dbmi/farhat/mm774/DownloadedData/250725.TBP2022.FinalSet_29CI.WGSData/TBP22.WGSData/TB6599/TB6599.SRR10379958.IlluminaPE.R2.fastq.gz	/n/data1/hms/dbmi/farhat/mm774/DownloadedData/250725.TBP2022.FinalSet_29CI.WGSData/TBP22.WGSData/TB6599/TB6599.PacBioCCS.fastq.gz	/n/data1/hms/dbmi/farhat/mm774/DownloadedData/250725.TBP2022.FinalSet_29CI.WGSData/TBP22.HybridAsms/TB6599.HybridAsm.fasta
TB6976	DNA0527	SRR10380219	TBPortals_2022_PassQC	PutativeRecomb	/n/data1/hms/dbmi/farhat/mm774/DownloadedData/250725.TBP2022.FinalSet_29CI.WGSData/TBP22.WGSData/TB6976/TB6976.SRR10380219.IlluminaPE.R1.fastq.gz;/n/data1/hms/dbmi/farhat/mm774/DownloadedData/250725.TBP2022.FinalSet_29CI.WGSData/TBP22.WGSData/TB6976/TB6976.SRR10380219.IlluminaPE.R2.fastq.gz	/n/data1/hms/dbmi/farhat/mm774/DownloadedData/250725.TBP2022.FinalSet_29CI.WGSData/TBP22.WGSData/TB6976/TB6976.PacBioCCS.fastq.gz	/n/data1/hms/dbmi/farhat/mm774/DownloadedData/250725.TBP2022.FinalSet_29CI.WGSData/TBP22.HybridAsms/TB6976.HybridAsm.fasta
TB3572	DNA361	SRR10397163	TBPortals_2022_PassQC	PutativeRecomb	/n/data1/hms/dbmi/farhat/mm774/DownloadedData/250725.TBP2022.FinalSet_29CI.WGSData/TBP22.WGSData/TB3572/TB3572.SRR10397163.IlluminaPE.R1.fastq.gz;/n/data1/hms/dbmi/farhat/mm774/DownloadedData/250725.TBP2022.FinalSet_29CI.WGSData/TBP22.WGSData/TB3572/TB3572.SRR10397163.IlluminaPE.R2.fastq.gz	/n/data1/hms/dbmi/farhat/mm774/DownloadedData/250725.TBP2022.FinalSet_29CI.WGSData/TBP22.WGSData/TB3572/TB3572.PacBioCCS.fastq.gz	/n/data1/hms/dbmi/farhat/mm774/DownloadedData/250725.TBP2022.FinalSet_29CI.WGSData/TBP22.HybridAsms/TB3572.HybridAsm.fasta
TB6596	DNA0415	SRR10379961	TBPortals_2022_PassQC	PutativeRecomb	/n/data1/hms/dbmi/farhat/mm774/DownloadedData/250725.TBP2022.FinalSet_29CI.WGSData/TBP22.WGSData/TB6596/TB6596.SRR10379961.IlluminaPE.R1.fastq.gz;/n/data1/hms/dbmi/farhat/mm774/DownloadedData/250725.TBP2022.FinalSet_29CI.WGSData/TBP22.WGSData/TB6596/TB6596.SRR10379961.IlluminaPE.R2.fastq.gz	/n/data1/hms/dbmi/farhat/mm774/DownloadedData/250725.TBP2022.FinalSet_29CI.WGSData/TBP22.WGSData/TB6596/TB6596.PacBioCCS.fastq.gz	/n/data1/hms/dbmi/farhat/mm774/DownloadedData/250725.TBP2022.FinalSet_29CI.WGSData/TBP22.HybridAsms/TB6596.HybridAsm.fasta
TB8073	DNA125	SRR10380026	TBPortals_2022_PassQC	PutativeRecomb	/n/data1/hms/dbmi/farhat/mm774/DownloadedData/250725.TBP2022.FinalSet_29CI.WGSData/TBP22.WGSData/TB8073/TB8073.SRR10380026.IlluminaPE.R1.fastq.gz;/n/data1/hms/dbmi/farhat/mm774/DownloadedData/250725.TBP2022.FinalSet_29CI.WGSData/TBP22.WGSData/TB8073/TB8073.SRR10380026.IlluminaPE.R2.fastq.gz	/n/data1/hms/dbmi/farhat/mm774/DownloadedData/250725.TBP2022.FinalSet_29CI.WGSData/TBP22.WGSData/TB8073/TB8073.PacBioCCS.fastq.gz	/n/data1/hms/dbmi/farhat/mm774/DownloadedData/250725.TBP2022.FinalSet_29CI.WGSData/TBP22.HybridAsms/TB8073.HybridAsm.fasta
TB6807	DNA0479	SRR10379998	TBPortals_2022_PassQC	PutativeRecomb	/n/data1/hms/dbmi/farhat/mm774/DownloadedData/250725.TBP2022.FinalSet_29CI.WGSData/TBP22.WGSData/TB6807/TB6807.SRR10379998.IlluminaPE.R1.fastq.gz;/n/data1/hms/dbmi/farhat/mm774/DownloadedData/250725.TBP2022.FinalSet_29CI.WGSData/TBP22.WGSData/TB6807/TB6807.SRR10379998.IlluminaPE.R2.fastq.gz	/n/data1/hms/dbmi/farhat/mm774/DownloadedData/250725.TBP2022.FinalSet_29CI.WGSData/TBP22.WGSData/TB6807/TB6807.PacBioCCS.fastq.gz	/n/data1/hms/dbmi/farhat/mm774/DownloadedData/250725.TBP2022.FinalSet_29CI.WGSData/TBP22.HybridAsms/TB6807.HybridAsm.fasta
TB6846	DNA0511	SRR10379893	TBPortals_2022_PassQC	PutativeRecomb	/n/data1/hms/dbmi/farhat/mm774/DownloadedData/250725.TBP2022.FinalSet_29CI.WGSData/TBP22.WGSData/TB6846/TB6846.SRR10379893.IlluminaPE.R1.fastq.gz;/n/data1/hms/dbmi/farhat/mm774/DownloadedData/250725.TBP2022.FinalSet_29CI.WGSData/TBP22.WGSData/TB6846/TB6846.SRR10379893.IlluminaPE.R2.fastq.gz	/n/data1/hms/dbmi/farhat/mm774/DownloadedData/250725.TBP2022.FinalSet_29CI.WGSData/TBP22.WGSData/TB6846/TB6846.PacBioCCS.fastq.gz	/n/data1/hms/dbmi/farhat/mm774/DownloadedData/250725.TBP2022.FinalSet_29CI.WGSData/TBP22.HybridAsms/TB6846.HybridAsm.fasta
