EventID	start_0based	end_1based	Overlap_Genes	HomologTargetID	Hm_Overlap_Genes	Target_Start	Target_End	NumMatch_SNPs	Total_SNPs	P_SNPMatch	NumMatch_Kmers	Total_Kmers	P_KmerMatch	Dist_Event_To_Hm
Event_001	103599	104478	Rv0093c,Rv0094c	Rv1587c,Rv1588c-H37Rv-1788513-1789865	Rv1587c,Rv1588c	1788513	1789865	0	10	0.0	68	79	0.8608	1685150.5
Event_001	103599	104478	Rv0093c,Rv0094c	Rv3466,Rv3467-H37Rv-3883535-3884921	Rv3466,Rv3467	3883535	3884921	0	10	0.0	68	79	0.8608	631342.5
Event_002	103675	103930	Rv0094c	Rv1587c,Rv1588c-H37Rv-1788513-1789865	Rv1587c,Rv1588c	1788513	1789865	0	5	0.0	0	46	0.0	1685386.5
Event_002	103675	103930	Rv0094c	Rv3466,Rv3467-H37Rv-3883535-3884921	Rv3466,Rv3467	3883535	3884921	0	5	0.0	0	46	0.0	631106.5
Event_003	103822	103846	Rv0094c	Rv1587c,Rv1588c-H37Rv-1788513-1789865	Rv1587c,Rv1588c	1788513	1789865	0	4	0.0	0	28	0.0	1685355.0
Event_003	103822	103846	Rv0094c	Rv3466,Rv3467-H37Rv-3883535-3884921	Rv3466,Rv3467	3883535	3884921	0	4	0.0	0	28	0.0	631138.0
Event_004	103822	104065	Rv0094c	Rv1587c,Rv1588c-H37Rv-1788513-1789865	Rv1587c,Rv1588c	1788513	1789865	0	6	0.0	0	50	0.0	1685245.5
Event_004	103822	104065	Rv0094c	Rv3466,Rv3467-H37Rv-3883535-3884921	Rv3466,Rv3467	3883535	3884921	0	6	0.0	0	50	0.0	631247.5
Event_005	103822	104712	Rv0094c	Rv1587c,Rv1588c-H37Rv-1788513-1789865	Rv1587c,Rv1588c	1788513	1789865	0	7	0.0	11	72	0.1528	1684922.0
Event_005	103822	104712	Rv0094c	Rv3466,Rv3467-H37Rv-3883535-3884921	Rv3466,Rv3467	3883535	3884921	0	7	0.0	11	72	0.1528	631571.0
Event_006	103822	104941	Rv0094c,Rv0095c	Rv1587c,Rv1588c-H37Rv-1788513-1789865	Rv1587c,Rv1588c	1788513	1789865	1	12	0.0833	76	109	0.6972	1684807.5
Event_006	103822	104941	Rv0094c,Rv0095c	Rv3466,Rv3467-H37Rv-3883535-3884921	Rv3466,Rv3467	3883535	3884921	1	12	0.0833	76	109	0.6972	631685.5
Event_007	103822	105000	Rv0094c,Rv0095c	Rv3466,Rv3467-H37Rv-3883535-3884921	Rv3466,Rv3467	3883535	3884921	5	16	0.3125	14	130	0.1077	631715.0
Event_007	103822	105000	Rv0094c,Rv0095c	Rv1587c,Rv1588c-H37Rv-1788513-1789865	Rv1587c,Rv1588c	1788513	1789865	4	16	0.25	7	130	0.0538	1684778.0
Event_008	103835	104283	Rv0094c	Rv1587c,Rv1588c-H37Rv-1788513-1789865	Rv1587c,Rv1588c	1788513	1789865	0	5	0.0	0	40	0.0	1685130.0
Event_008	103835	104283	Rv0094c	Rv3466,Rv3467-H37Rv-3883535-3884921	Rv3466,Rv3467	3883535	3884921	0	5	0.0	0	40	0.0	631363.0
Event_009	103835	104283	Rv0094c	Rv1587c,Rv1588c-H37Rv-1788513-1789865	Rv1587c,Rv1588c	1788513	1789865	0	4	0.0	18	29	0.6207	1685130.0
Event_009	103835	104283	Rv0094c	Rv3466,Rv3467-H37Rv-3883535-3884921	Rv3466,Rv3467	3883535	3884921	0	4	0.0	18	29	0.6207	631363.0
Event_010	103839	105045	Rv0094c,Rv0095c	Rv1587c,Rv1588c-H37Rv-1788513-1789865	Rv1587c,Rv1588c	1788513	1789865	20	31	0.6452	163	217	0.7512	1684747.0
Event_010	103839	105045	Rv0094c,Rv0095c	Rv3466,Rv3467-H37Rv-3883535-3884921	Rv3466,Rv3467	3883535	3884921	20	31	0.6452	159	217	0.7327	631746.0
Event_011	103878	104283	Rv0094c	Rv1587c,Rv1588c-H37Rv-1788513-1789865	Rv1587c,Rv1588c	1788513	1789865	0	4	0.0	0	29	0.0	1685108.5
Event_011	103878	104283	Rv0094c	Rv3466,Rv3467-H37Rv-3883535-3884921	Rv3466,Rv3467	3883535	3884921	0	4	0.0	0	29	0.0	631384.5
Event_012	103878	104283	Rv0094c	Rv1587c,Rv1588c-H37Rv-1788513-1789865	Rv1587c,Rv1588c	1788513	1789865	0	5	0.0	0	40	0.0	1685108.5
Event_012	103878	104283	Rv0094c	Rv3466,Rv3467-H37Rv-3883535-3884921	Rv3466,Rv3467	3883535	3884921	0	5	0.0	0	40	0.0	631384.5
Event_013	103892	104034	Rv0094c	Rv1587c,Rv1588c-H37Rv-1788513-1789865	Rv1587c,Rv1588c	1788513	1789865	0	6	0.0	0	56	0.0	1685226.0
Event_013	103892	104034	Rv0094c	Rv3466,Rv3467-H37Rv-3883535-3884921	Rv3466,Rv3467	3883535	3884921	0	6	0.0	0	56	0.0	631267.0
Event_014	103991	104478	Rv0094c	Rv1587c,Rv1588c-H37Rv-1788513-1789865	Rv1587c,Rv1588c	1788513	1789865	0	7	0.0	47	47	1.0	1684954.5
Event_014	103991	104478	Rv0094c	Rv3466,Rv3467-H37Rv-3883535-3884921	Rv3466,Rv3467	3883535	3884921	0	7	0.0	47	47	1.0	631538.5
Event_015	103991	104478	Rv0094c	Rv1587c,Rv1588c-H37Rv-1788513-1789865	Rv1587c,Rv1588c	1788513	1789865	0	6	0.0	34	45	0.7556	1684954.5
Event_015	103991	104478	Rv0094c	Rv3466,Rv3467-H37Rv-3883535-3884921	Rv3466,Rv3467	3883535	3884921	0	6	0.0	34	45	0.7556	631538.5
Event_016	104064	104283	Rv0094c	Rv1587c,Rv1588c-H37Rv-1788513-1789865	Rv1587c,Rv1588c	1788513	1789865	0	4	0.0	18	29	0.6207	1685015.5
Event_016	104064	104283	Rv0094c	Rv3466,Rv3467-H37Rv-3883535-3884921	Rv3466,Rv3467	3883535	3884921	0	4	0.0	18	29	0.6207	631477.5
Event_017	104275	105063	Rv0094c,Rv0095c	Rv1587c,Rv1588c-H37Rv-1788513-1789865	Rv1587c,Rv1588c	1788513	1789865	12	16	0.75	75	121	0.6198	1684520.0
Event_017	104275	105063	Rv0094c,Rv0095c	Rv3466,Rv3467-H37Rv-3883535-3884921	Rv3466,Rv3467	3883535	3884921	12	16	0.75	75	121	0.6198	631973.0
Event_018	104766	104824	Rv0095c	Rv1587c,Rv1588c-H37Rv-1788513-1789865	Rv1587c,Rv1588c	1788513	1789865	13	14	0.9286	46	68	0.6765	1684394.0
Event_018	104766	104824	Rv0095c	Rv3466,Rv3467-H37Rv-3883535-3884921	Rv3466,Rv3467	3883535	3884921	13	14	0.9286	46	68	0.6765	632099.0
Event_019	104766	104838	Rv0095c	Rv1587c,Rv1588c-H37Rv-1788513-1789865	Rv1587c,Rv1588c	1788513	1789865	14	16	0.875	43	82	0.5244	1684387.0
Event_019	104766	104838	Rv0095c	Rv3466,Rv3467-H37Rv-3883535-3884921	Rv3466,Rv3467	3883535	3884921	14	16	0.875	43	82	0.5244	632106.0
Event_020	104766	104858	Rv0095c	Rv1587c,Rv1588c-H37Rv-1788513-1789865	Rv1587c,Rv1588c	1788513	1789865	15	17	0.8824	52	90	0.5778	1684377.0
Event_020	104766	104858	Rv0095c	Rv3466,Rv3467-H37Rv-3883535-3884921	Rv3466,Rv3467	3883535	3884921	15	17	0.8824	52	90	0.5778	632116.0
Event_021	104766	105011	Rv0095c	Rv1587c,Rv1588c-H37Rv-1788513-1789865	Rv1587c,Rv1588c	1788513	1789865	16	18	0.8889	57	103	0.5534	1684300.5
Event_021	104766	105011	Rv0095c	Rv3466,Rv3467-H37Rv-3883535-3884921	Rv3466,Rv3467	3883535	3884921	16	18	0.8889	53	103	0.5146	632192.5
Event_022	104766	105011	Rv0095c	Rv1587c,Rv1588c-H37Rv-1788513-1789865	Rv1587c,Rv1588c	1788513	1789865	28	29	0.9655	127	144	0.8819	1684300.5
Event_022	104766	105011	Rv0095c	Rv3466,Rv3467-H37Rv-3883535-3884921	Rv3466,Rv3467	3883535	3884921	28	29	0.9655	123	144	0.8542	632192.5
Event_023	104766	105045	Rv0095c	Rv1587c,Rv1588c-H37Rv-1788513-1789865	Rv1587c,Rv1588c	1788513	1789865	24	25	0.96	106	153	0.6928	1684283.5
Event_023	104766	105045	Rv0095c	Rv3466,Rv3467-H37Rv-3883535-3884921	Rv3466,Rv3467	3883535	3884921	24	25	0.96	102	153	0.6667	632209.5
Event_024	104770	104817	Rv0095c	Rv1587c,Rv1588c-H37Rv-1788513-1789865	Rv1587c,Rv1588c	1788513	1789865	10	12	0.8333	15	57	0.2632	1684395.5
Event_024	104770	104817	Rv0095c	Rv3466,Rv3467-H37Rv-3883535-3884921	Rv3466,Rv3467	3883535	3884921	10	12	0.8333	15	57	0.2632	632097.5
Event_025	104781	104943	Rv0095c	Rv1587c,Rv1588c-H37Rv-1788513-1789865	Rv1587c,Rv1588c	1788513	1789865	4	4	1.0	0	29	0.0	1684327.0
Event_025	104781	104943	Rv0095c	Rv3466,Rv3467-H37Rv-3883535-3884921	Rv3466,Rv3467	3883535	3884921	4	4	1.0	0	29	0.0	632166.0
Event_026	104781	104962	Rv0095c	Rv1587c,Rv1588c-H37Rv-1788513-1789865	Rv1587c,Rv1588c	1788513	1789865	7	7	1.0	35	60	0.5833	1684317.5
Event_026	104781	104962	Rv0095c	Rv3466,Rv3467-H37Rv-3883535-3884921	Rv3466,Rv3467	3883535	3884921	7	7	1.0	35	60	0.5833	632175.5
Event_027	104914	104944	Rv0095c	Rv1587c,Rv1588c-H37Rv-1788513-1789865	Rv1587c,Rv1588c	1788513	1789865	6	6	1.0	22	34	0.6471	1684260.0
Event_027	104914	104944	Rv0095c	Rv3466,Rv3467-H37Rv-3883535-3884921	Rv3466,Rv3467	3883535	3884921	6	6	1.0	22	34	0.6471	632233.0
Event_028	104914	105045	Rv0095c	Rv1587c,Rv1588c-H37Rv-1788513-1789865	Rv1587c,Rv1588c	1788513	1789865	8	8	1.0	44	56	0.7857	1684209.5
Event_028	104914	105045	Rv0095c	Rv3466,Rv3467-H37Rv-3883535-3884921	Rv3466,Rv3467	3883535	3884921	8	8	1.0	44	56	0.7857	632283.5
Event_029	104943	105050	Rv0095c	Rv1587c,Rv1588c-H37Rv-1788513-1789865	Rv1587c,Rv1588c	1788513	1789865	3	4	0.75	15	37	0.4054	1684192.5
Event_029	104943	105050	Rv0095c	Rv3466,Rv3467-H37Rv-3883535-3884921	Rv3466,Rv3467	3883535	3884921	3	4	0.75	11	37	0.2973	632300.5
Event_030	104961	105063	Rv0095c	Rv1587c,Rv1588c-H37Rv-1788513-1789865	Rv1587c,Rv1588c	1788513	1789865	4	4	1.0	36	36	1.0	1684177.0
Event_030	104961	105063	Rv0095c	Rv3466,Rv3467-H37Rv-3883535-3884921	Rv3466,Rv3467	3883535	3884921	4	4	1.0	36	36	1.0	632316.0
Event_031	105020	105063	Rv0095c	Rv1587c,Rv1588c-H37Rv-1788513-1789865	Rv1587c,Rv1588c	1788513	1789865	4	4	1.0	35	36	0.9722	1684147.5
Event_031	105020	105063	Rv0095c	Rv3466,Rv3467-H37Rv-3883535-3884921	Rv3466,Rv3467	3883535	3884921	4	4	1.0	35	36	0.9722	632345.5
Event_033	332725	332916	vapC25	PE_PGRS10,vapB31,vapC31-H37Rv-838485-841665	PE_PGRS10,vapB31,vapC31	838485	841665	4	4	1.0	38	38	1.0	507254.5
Event_034	332725	333086	vapC25	PE_PGRS10,vapB31,vapC31-H37Rv-838485-841665	PE_PGRS10,vapB31,vapC31	838485	841665	10	10	1.0	77	94	0.8191	507169.5
Event_035	333405	333441	vapB25,PE_PGRS3	PE_PGRS10,vapB31,vapC31-H37Rv-838485-841665	PE_PGRS10,vapB31,vapC31	838485	841665	7	7	1.0	40	40	1.0	506652.0
Event_036	334551	334577	PE_PGRS3	PE_PGRS4-H37Rv-336565-339142	PE_PGRS4	336565	339142	6	6	1.0	24	24	1.0	3289.5
Event_036	334551	334577	PE_PGRS3	PE_PGRS10,vapB31,vapC31-H37Rv-838485-841665	PE_PGRS10,vapB31,vapC31	838485	841665	3	6	0.5	3	24	0.125	505511.0
Event_037	338617	338792	PE_PGRS4	PE_PGRS3-H37Rv-333510-336379	PE_PGRS3	333510	336379	4	5	0.8	14	14	1.0	3760.0
Event_037	338617	338792	PE_PGRS4	PE_PGRS10-H37Rv-838485-840847	PE_PGRS10	838485	840847	3	5	0.6	3	14	0.2143	500961.5
Event_038	338647	338692	PE_PGRS4	PE_PGRS10-H37Rv-838485-840847	PE_PGRS10	838485	840847	5	7	0.7143	7	32	0.2188	500996.5
Event_038	338647	338692	PE_PGRS4	PE_PGRS3-H37Rv-333510-336379	PE_PGRS3	333510	336379	0	7	0.0	4	32	0.125	3725.0
Event_039	338718	338837	PE_PGRS4	PE_PGRS3-H37Rv-333510-336379	PE_PGRS3	333510	336379	13	13	1.0	76	76	1.0	3833.0
Event_039	338718	338837	PE_PGRS4	PE_PGRS10-H37Rv-838485-840847	PE_PGRS10	838485	840847	7	13	0.5385	24	76	0.3158	500888.5
Event_040	338718	338837	PE_PGRS4	PE_PGRS3-H37Rv-333510-336379	PE_PGRS3	333510	336379	6	6	1.0	46	46	1.0	3833.0
Event_040	338718	338837	PE_PGRS4	PE_PGRS10-H37Rv-838485-840847	PE_PGRS10	838485	840847	2	6	0.3333	14	46	0.3043	500888.5
Event_041	338718	338984	PE_PGRS4	PE_PGRS3-H37Rv-333510-336379	PE_PGRS3	333510	336379	17	18	0.9444	87	102	0.8529	3906.5
Event_041	338718	338984	PE_PGRS4	PE_PGRS10-H37Rv-838485-840847	PE_PGRS10	838485	840847	7	18	0.3889	16	102	0.1569	500815.0
Event_042	338767	338903	PE_PGRS4	PE_PGRS3-H37Rv-333510-336379	PE_PGRS3	333510	336379	3	6	0.5	9	42	0.2143	3890.5
Event_042	338767	338903	PE_PGRS4	PE_PGRS10-H37Rv-838485-840847	PE_PGRS10	838485	840847	1	6	0.1667	2	42	0.0476	500831.0
Event_043	338788	338837	PE_PGRS4	PE_PGRS3-H37Rv-333510-336379	PE_PGRS3	333510	336379	5	5	1.0	24	24	1.0	3868.0
Event_043	338788	338837	PE_PGRS4	PE_PGRS10-H37Rv-838485-840847	PE_PGRS10	838485	840847	3	5	0.6	3	24	0.125	500853.5
Event_044	338843	338903	PE_PGRS4	PE_PGRS3-H37Rv-333510-336379	PE_PGRS3	333510	336379	0	4	0.0	0	34	0.0	3928.5
Event_044	338843	338903	PE_PGRS4	PE_PGRS10-H37Rv-838485-840847	PE_PGRS10	838485	840847	0	4	0.0	0	34	0.0	500793.0
Event_045	338843	338963	PE_PGRS4	PE_PGRS3-H37Rv-333510-336379	PE_PGRS3	333510	336379	1	6	0.1667	3	46	0.0652	3958.5
Event_045	338843	338963	PE_PGRS4	PE_PGRS10-H37Rv-838485-840847	PE_PGRS10	838485	840847	1	6	0.1667	2	46	0.0435	500763.0
Event_046	338983	338998	PE_PGRS4	PE_PGRS3-H37Rv-333510-336379	PE_PGRS3	333510	336379	4	4	1.0	24	25	0.96	4046.0
Event_046	338983	338998	PE_PGRS4	PE_PGRS10-H37Rv-838485-840847	PE_PGRS10	838485	840847	2	4	0.5	0	25	0.0	500675.5
Event_047	473766	473971	Rv0393	Rv0397-H37Rv-475809-476177	Rv0397	475809	476177	6	6	1.0	47	47	1.0	2124.5
Event_048	473821	473971	Rv0393	Rv0397-H37Rv-475809-476177	Rv0397	475809	476177	5	5	1.0	36	36	1.0	2097.0
Event_049	475832	475971	Rv0397	Rv0393-H37Rv-473743-474099	Rv0393	473743	474099	4	7	0.5714	45	45	1.0	1980.5
Event_050	475958	476054	Rv0397	Rv0393-H37Rv-473743-474099	Rv0393	473743	474099	7	10	0.7	50	50	1.0	2085.0
Event_056	838642	838702	PE_PGRS10	PE_PGRS4-H37Rv-336565-339038	PE_PGRS4	336565	339038	15	18	0.8333	41	70	0.5857	500870.5
Event_056	838642	838702	PE_PGRS10	vapC25,vapB25,PE_PGRS3-H37Rv-332698-336275	vapC25,vapB25,PE_PGRS3	332698	336275	14	18	0.7778	31	70	0.4429	504185.5
Event_056	838642	838702	PE_PGRS10	PE_PGRS3-H37Rv-333603-336275	PE_PGRS3	333603	336275	14	18	0.7778	31	70	0.4429	503733.0
Event_056	838642	838702	PE_PGRS10	PE_PGRS12,PE_PGRS13-H37Rv-925071-927514	PE_PGRS12,PE_PGRS13	925071	927514	3	18	0.1667	3	70	0.0429	87620.5
Event_057	839097	839291	PE_PGRS10	vapC25,vapB25,PE_PGRS3-H37Rv-332698-336275	vapC25,vapB25,PE_PGRS3	332698	336275	3	7	0.4286	6	30	0.2	504707.5
Event_057	839097	839291	PE_PGRS10	PE_PGRS3-H37Rv-333603-336275	PE_PGRS3	333603	336275	3	7	0.4286	6	30	0.2	504255.0
Event_057	839097	839291	PE_PGRS10	PE_PGRS12,PE_PGRS13-H37Rv-925071-927514	PE_PGRS12,PE_PGRS13	925071	927514	3	7	0.4286	4	30	0.1333	87098.5
Event_057	839097	839291	PE_PGRS10	PE_PGRS13-H37Rv-925780-927514	PE_PGRS13	925780	927514	3	7	0.4286	4	30	0.1333	87453.0
Event_057	839097	839291	PE_PGRS10	PE_PGRS4-H37Rv-336565-339038	PE_PGRS4	336565	339038	1	7	0.1429	4	30	0.1333	501392.5
Event_057	839097	839291	PE_PGRS10	PE_PGRS54-H37Rv-3935705-3936438	PE_PGRS54	3935705	3936438	0	7	0.0	0	30	0.0	1314654.5
Event_057	839097	839291	PE_PGRS10	PE_PGRS57-H37Rv-3949543-3949970	PE_PGRS57	3949543	3949970	0	7	0.0	0	30	0.0	1300969.5
Event_058	839250	839291	PE_PGRS10	PE_PGRS12,PE_PGRS13-H37Rv-925071-927514	PE_PGRS12,PE_PGRS13	925071	927514	3	5	0.6	13	28	0.4643	87022.0
Event_058	839250	839291	PE_PGRS10	PE_PGRS13-H37Rv-925780-927514	PE_PGRS13	925780	927514	3	5	0.6	11	28	0.3929	87376.5
Event_058	839250	839291	PE_PGRS10	vapC25,vapB25,PE_PGRS3-H37Rv-332698-336275	vapC25,vapB25,PE_PGRS3	332698	336275	2	5	0.4	8	28	0.2857	504784.0
Event_058	839250	839291	PE_PGRS10	PE_PGRS3-H37Rv-333603-336275	PE_PGRS3	333603	336275	2	5	0.4	8	28	0.2857	504331.5
Event_058	839250	839291	PE_PGRS10	PE_PGRS57-H37Rv-3949543-3949970	PE_PGRS57	3949543	3949970	2	5	0.4	0	28	0.0	1301046.0
Event_058	839250	839291	PE_PGRS10	PE_PGRS4-H37Rv-336565-339038	PE_PGRS4	336565	339038	1	5	0.2	6	28	0.2143	501469.0
Event_058	839250	839291	PE_PGRS10	PE_PGRS54-H37Rv-3935705-3936438	PE_PGRS54	3935705	3936438	0	5	0.0	3	28	0.1071	1314731.0
Event_059	841376	841651	vapC31	vapC25,vapB25,PE_PGRS3-H37Rv-332698-336275	vapC25,vapB25,PE_PGRS3	332698	336275	6	6	1.0	44	46	0.9565	507027.0
Event_060	841376	841651	vapC31	vapC25,vapB25,PE_PGRS3-H37Rv-332698-336275	vapC25,vapB25,PE_PGRS3	332698	336275	10	10	1.0	69	76	0.9079	507027.0
Event_061	842025	842111	Rv0750	Rv0740-H37Rv-832044-832356	Rv0740	832044	832356	10	10	1.0	56	60	0.9333	9868.0
Event_062	842050	842065	Rv0750	Rv0740-H37Rv-832044-832356	Rv0740	832044	832356	6	6	1.0	21	25	0.84	9857.5
Event_063	842050	842111	Rv0750	Rv0740-H37Rv-832044-832356	Rv0740	832044	832356	7	7	1.0	32	36	0.8889	9880.5
Event_064	921812	921861	Rv0829	Rv2884,Rv2885c-H37Rv-3194137-3194451	Rv2884,Rv2885c	3194137	3194451	4	5	0.8	39	39	1.0	2139074.5
Event_064	921812	921861	Rv0829	Rv2791c-H37Rv-3100174-3100487	Rv2791c	3100174	3100487	2	5	0.4	5	39	0.1282	2178494.0
Event_064	921812	921861	Rv0829	thiL,Rv2978c-H37Rv-3333757-3334070	thiL,Rv2978c	3333757	3334070	2	5	0.4	5	39	0.1282	1999455.0
Event_065	921812	921861	Rv0829	Rv2884,Rv2885c-H37Rv-3194137-3194451	Rv2884,Rv2885c	3194137	3194451	3	4	0.75	28	28	1.0	2139074.5
Event_065	921812	921861	Rv0829	Rv2791c-H37Rv-3100174-3100487	Rv2791c	3100174	3100487	2	4	0.5	5	28	0.1786	2178494.0
Event_065	921812	921861	Rv0829	thiL,Rv2978c-H37Rv-3333757-3334070	thiL,Rv2978c	3333757	3334070	2	4	0.5	5	28	0.1786	1999455.0
Event_066	925785	925801	PE_PGRS13	PE_PGRS10-H37Rv-838571-840652	PE_PGRS10	838571	840652	1	4	0.25	0	3	0.0	86181.5
Event_066	925785	925801	PE_PGRS13	PE_PGRS10-H37Rv-838915-840652	PE_PGRS10	838915	840652	1	4	0.25	0	3	0.0	86009.5
Event_066	925785	925801	PE_PGRS13	PE_PGRS24-H37Rv-1489087-1489833	PE_PGRS24	1489087	1489833	1	4	0.25	0	3	0.0	563667.0
Event_067	1094139	1094415	PE_PGRS17	Rv0979c,rpmF,PE_PGRS18-H37Rv-1094827-1096687	Rv0979c,rpmF,PE_PGRS18	1094827	1096687	5	5	1.0	0	45	0.0	1480.0
Event_067	1094139	1094415	PE_PGRS17	PE_PGRS45-H37Rv-2944363-2945221	PE_PGRS45	2944363	2945221	0	5	0.0	45	45	1.0	1850515.0
Event_068	1094139	1094472	PE_PGRS17	Rv0979c,rpmF,PE_PGRS18-H37Rv-1094827-1096687	Rv0979c,rpmF,PE_PGRS18	1094827	1096687	6	6	1.0	59	59	1.0	1451.5
Event_068	1094139	1094472	PE_PGRS17	PE_PGRS45-H37Rv-2944363-2945221	PE_PGRS45	2944363	2945221	1	6	0.1667	11	59	0.1864	1850486.5
Event_069	1094302	1094538	PE_PGRS17	Rv0979c,rpmF,PE_PGRS18-H37Rv-1094827-1096687	Rv0979c,rpmF,PE_PGRS18	1094827	1096687	4	5	0.8	11	45	0.2444	1337.0
Event_069	1094302	1094538	PE_PGRS17	PE_PGRS45-H37Rv-2944363-2945221	PE_PGRS45	2944363	2945221	2	5	0.4	45	45	1.0	1850372.0
Event_070	1094302	1094538	PE_PGRS17	Rv0979c,rpmF,PE_PGRS18-H37Rv-1094827-1096687	Rv0979c,rpmF,PE_PGRS18	1094827	1096687	4	5	0.8	35	46	0.7609	1337.0
Event_070	1094302	1094538	PE_PGRS17	PE_PGRS45-H37Rv-2944363-2945221	PE_PGRS45	2944363	2945221	2	5	0.4	22	46	0.4783	1850372.0
Event_071	1095337	1095525	PE_PGRS18	PE_PGRS17-H37Rv-1093366-1094592	PE_PGRS17	1093366	1094592	13	13	1.0	58	64	0.9062	1452.0
Event_072	1095849	1095855	PE_PGRS18	PE_PGRS45-H37Rv-2944267-2945226	PE_PGRS45	2944267	2945226	4	4	1.0	10	11	0.9091	1848894.5
Event_072	1095849	1095855	PE_PGRS18	PE_PGRS17-H37Rv-1093366-1094592	PE_PGRS17	1093366	1094592	0	4	0.0	0	11	0.0	1873.0
Event_073	1095941	1096023	PE_PGRS18	PE_PGRS17-H37Rv-1093366-1094592	PE_PGRS17	1093366	1094592	3	7	0.4286	27	42	0.6429	2003.0
Event_073	1095941	1096023	PE_PGRS18	PE_PGRS45-H37Rv-2944267-2945226	PE_PGRS45	2944267	2945226	0	7	0.0	1	42	0.0238	1848764.5
Event_074	1095941	1096508	PE_PGRS18	PE_PGRS17-H37Rv-1093366-1094592	PE_PGRS17	1093366	1094592	6	9	0.6667	16	57	0.2807	2245.5
Event_074	1095941	1096508	PE_PGRS18	PE_PGRS45-H37Rv-2944267-2945226	PE_PGRS45	2944267	2945226	4	9	0.4444	1	57	0.0175	1848522.0
Event_075	1095980	1096323	PE_PGRS18	PE_PGRS17-H37Rv-1093366-1094592	PE_PGRS17	1093366	1094592	4	4	1.0	35	35	1.0	2172.5
Event_075	1095980	1096323	PE_PGRS18	PE_PGRS45-H37Rv-2944267-2945226	PE_PGRS45	2944267	2945226	1	4	0.25	12	35	0.3429	1848595.0
Event_076	1095980	1096567	PE_PGRS18	PE_PGRS17-H37Rv-1093366-1094592	PE_PGRS17	1093366	1094592	7	7	1.0	47	58	0.8103	2294.5
Event_076	1095980	1096567	PE_PGRS18	PE_PGRS45-H37Rv-2944267-2945226	PE_PGRS45	2944267	2945226	4	7	0.5714	46	58	0.7931	1848473.0
Event_077	1096204	1096510	PE_PGRS18	PE_PGRS17-H37Rv-1093366-1094592	PE_PGRS17	1093366	1094592	6	6	1.0	49	49	1.0	2378.0
Event_077	1096204	1096510	PE_PGRS18	PE_PGRS45-H37Rv-2944267-2945226	PE_PGRS45	2944267	2945226	6	6	1.0	49	49	1.0	1848389.5
Event_078	1096234	1096510	PE_PGRS18	PE_PGRS17-H37Rv-1093366-1094592	PE_PGRS17	1093366	1094592	4	4	1.0	27	27	1.0	2393.0
Event_078	1096234	1096510	PE_PGRS18	PE_PGRS45-H37Rv-2944267-2945226	PE_PGRS45	2944267	2945226	4	4	1.0	27	27	1.0	1848374.5
Event_079	1096664	1096671	_	PE_PGRS17-H37Rv-1093366-1094592	PE_PGRS17	1093366	1094592	4	4	1.0	17	17	1.0	2688.5
Event_079	1096664	1096671	_	PE_PGRS45-H37Rv-2944267-2945226	PE_PGRS45	2944267	2945226	0	4	0.0	0	17	0.0	1848079.0
Event_080	1212094	1212130	PE_PGRS21	PE_PGRS22-H37Rv-1216433-1217118	PE_PGRS22	1216433	1217118	2	6	0.3333	1	21	0.0476	4663.5
Event_084	1276320	1276432	Rv1148c	Rv1944c,Rv1945-H37Rv-2195856-2197360	Rv1944c,Rv1945	2195856	2197360	4	4	1.0	32	34	0.9412	920232.0
Event_085	1276320	1276885	Rv1148c	Rv1944c,Rv1945-H37Rv-2195856-2197360	Rv1944c,Rv1945	2195856	2197360	41	45	0.9111	223	223	1.0	920005.5
Event_086	1276374	1276822	Rv1148c	Rv1944c,Rv1945-H37Rv-2195856-2197360	Rv1944c,Rv1945	2195856	2197360	26	26	1.0	124	128	0.9688	920010.0
Event_087	1276447	1276938	Rv1148c	Rv1944c,Rv1945-H37Rv-2195856-2197360	Rv1944c,Rv1945	2195856	2197360	1	8	0.125	11	63	0.1746	919915.5
Event_088	1276682	1276885	Rv1148c	Rv1944c,Rv1945-H37Rv-2195856-2197360	Rv1944c,Rv1945	2195856	2197360	25	29	0.8621	124	124	1.0	919824.5
Event_089	1276770	1276885	Rv1148c	Rv1944c,Rv1945-H37Rv-2195856-2197360	Rv1944c,Rv1945	2195856	2197360	22	26	0.8462	107	107	1.0	919780.5
Event_090	1276841	1276885	Rv1148c	Rv1944c,Rv1945-H37Rv-2195856-2197360	Rv1944c,Rv1945	2195856	2197360	10	14	0.7143	54	54	1.0	919745.0
Event_091	1339398	1339436	PPE18	PPE19-H37Rv-1532539-1533632	PPE19	1532539	1533632	3	4	0.75	15	26	0.5769	193668.5
Event_091	1339398	1339436	PPE18	PE31,PPE60-H37Rv-3894016-3895519	PE31,PPE60	3894016	3895519	3	4	0.75	15	26	0.5769	1856181.5
Event_092	1339431	1339516	PPE18	PPE19-H37Rv-1532539-1533632	PPE19	1532539	1533632	6	6	1.0	31	31	1.0	193612.0
Event_092	1339431	1339516	PPE18	PE31,PPE60-H37Rv-3894016-3895519	PE31,PPE60	3894016	3895519	3	6	0.5	15	31	0.4839	1856238.0
Event_093	1339431	1339774	PPE18	PPE19-H37Rv-1532539-1533632	PPE19	1532539	1533632	4	5	0.8	26	37	0.7027	193483.0
Event_093	1339431	1339774	PPE18	PE31,PPE60-H37Rv-3894016-3895519	PE31,PPE60	3894016	3895519	4	5	0.8	26	37	0.7027	1856367.0
Event_094	1339647	1339806	PPE18	PE31,PPE60-H37Rv-3894016-3895519	PE31,PPE60	3894016	3895519	20	20	1.0	114	114	1.0	1856491.0
Event_094	1339647	1339806	PPE18	PPE19-H37Rv-1532539-1533632	PPE19	1532539	1533632	0	20	0.0	0	114	0.0	193359.0
Event_095	1339860	1339905	PPE18	PPE19-H37Rv-1532539-1533632	PPE19	1532539	1533632	12	12	1.0	55	55	1.0	193203.0
Event_095	1339860	1339905	PPE18	PE31,PPE60-H37Rv-3894016-3895519	PE31,PPE60	3894016	3895519	12	12	1.0	55	55	1.0	1856647.0
Event_096	1339893	1340208	PPE18	PPE19-H37Rv-1532539-1533632	PPE19	1532539	1533632	8	8	1.0	62	64	0.9688	193035.0
Event_096	1339893	1340208	PPE18	PE31,PPE60-H37Rv-3894016-3895519	PE31,PPE60	3894016	3895519	4	8	0.5	29	64	0.4531	1856815.0
Event_097	1339965	1340036	PPE18	PE31,PPE60-H37Rv-3894016-3895519	PE31,PPE60	3894016	3895519	11	11	1.0	57	57	1.0	1856765.0
Event_097	1339965	1340036	PPE18	PPE19-H37Rv-1532539-1533632	PPE19	1532539	1533632	3	11	0.2727	11	57	0.193	193085.0
Event_098	1340499	1341152	PPE18,esxK,esxL	esxM,esxN-H37Rv-2030331-2030976	esxM,esxN	2030331	2030976	3	10	0.3	13	89	0.1461	689828.0
Event_098	1340499	1341152	PPE18,esxK,esxL	esxO,esxP,Rv2348c-H37Rv-2625885-2626683	esxO,esxP,Rv2348c	2625885	2626683	3	10	0.3	13	89	0.1461	1285458.5
Event_098	1340499	1341152	PPE18,esxK,esxL	esxI,esxJ-H37Rv-1160545-1161167	esxI,esxJ	1160545	1161167	2	10	0.2	14	89	0.1573	179969.5
Event_098	1340499	1341152	PPE18,esxK,esxL	esxV,esxW-H37Rv-4059985-4060591	esxV,esxW	4059985	4060591	1	10	0.1	5	89	0.0562	1692069.5
Event_099	1340656	1341120	esxK,esxL	esxI,esxJ-H37Rv-1160545-1161167	esxI,esxJ	1160545	1161167	4	5	0.8	28	55	0.5091	180032.0
Event_099	1340656	1341120	esxK,esxL	esxV,esxW-H37Rv-4059985-4060591	esxV,esxW	4059985	4060591	3	5	0.6	33	55	0.6	1692132.0
Event_099	1340656	1341120	esxK,esxL	esxM,esxN-H37Rv-2030331-2030976	esxM,esxN	2030331	2030976	3	5	0.6	20	55	0.3636	689765.5
Event_099	1340656	1341120	esxK,esxL	esxO,esxP,Rv2348c-H37Rv-2625885-2626683	esxO,esxP,Rv2348c	2625885	2626683	2	5	0.4	9	55	0.1636	1285396.0
Event_100	1340666	1341102	esxK,esxL	esxI,esxJ-H37Rv-1160545-1161167	esxI,esxJ	1160545	1161167	2	4	0.5	1	44	0.0227	180028.0
Event_100	1340666	1341102	esxK,esxL	esxV,esxW-H37Rv-4059985-4060591	esxV,esxW	4059985	4060591	2	4	0.5	1	44	0.0227	1692128.0
Event_100	1340666	1341102	esxK,esxL	esxM,esxN-H37Rv-2030331-2030976	esxM,esxN	2030331	2030976	1	4	0.25	22	44	0.5	689769.5
Event_100	1340666	1341102	esxK,esxL	esxO,esxP,Rv2348c-H37Rv-2625885-2626683	esxO,esxP,Rv2348c	2625885	2626683	1	4	0.25	13	44	0.2955	1285400.0
Event_101	1340687	1340784	esxK	esxI,esxJ-H37Rv-1160545-1161167	esxI,esxJ	1160545	1161167	3	4	0.75	17	28	0.6071	179879.5
Event_101	1340687	1340784	esxK	esxO,esxP,Rv2348c-H37Rv-2625885-2626683	esxO,esxP,Rv2348c	2625885	2626683	3	4	0.75	17	28	0.6071	1285548.5
Event_101	1340687	1340784	esxK	esxM,esxN-H37Rv-2030331-2030976	esxM,esxN	2030331	2030976	1	4	0.25	11	28	0.3929	689918.0
Event_101	1340687	1340784	esxK	esxV,esxW-H37Rv-4059985-4060591	esxV,esxW	4059985	4060591	1	4	0.25	3	28	0.1071	1691979.5
Event_102	1340915	1341073	esxK,esxL	esxI,esxJ-H37Rv-1160545-1161167	esxI,esxJ	1160545	1161167	4	6	0.6667	34	64	0.5312	180138.0
Event_102	1340915	1341073	esxK,esxL	esxV,esxW-H37Rv-4059985-4060591	esxV,esxW	4059985	4060591	4	6	0.6667	34	64	0.5312	1692238.0
Event_102	1340915	1341073	esxK,esxL	esxM,esxN-H37Rv-2030331-2030976	esxM,esxN	2030331	2030976	4	6	0.6667	31	64	0.4844	689659.5
Event_102	1340915	1341073	esxK,esxL	esxO,esxP,Rv2348c-H37Rv-2625885-2626683	esxO,esxP,Rv2348c	2625885	2626683	1	6	0.1667	11	64	0.1719	1285290.0
Event_103	1340973	1341174	esxL	esxO,esxP,Rv2348c-H37Rv-2625885-2626683	esxO,esxP,Rv2348c	2625885	2626683	7	15	0.4667	57	115	0.4957	1285210.5
Event_103	1340973	1341174	esxL	esxM,esxN-H37Rv-2030331-2030976	esxM,esxN	2030331	2030976	7	15	0.4667	20	115	0.1739	689580.0
Event_103	1340973	1341174	esxL	esxI,esxJ-H37Rv-1160545-1161167	esxI,esxJ	1160545	1161167	2	15	0.1333	17	115	0.1478	180217.5
Event_103	1340973	1341174	esxL	esxV,esxW-H37Rv-4059985-4060591	esxV,esxW	4059985	4060591	2	15	0.1333	17	115	0.1478	1692317.5
Event_104	1341022	1341120	esxL	esxM,esxN-H37Rv-2030331-2030976	esxM,esxN	2030331	2030976	4	4	1.0	0	39	0.0	689582.5
Event_104	1341022	1341120	esxL	esxO,esxP,Rv2348c-H37Rv-2625885-2626683	esxO,esxP,Rv2348c	2625885	2626683	4	4	1.0	0	39	0.0	1285213.0
Event_104	1341022	1341120	esxL	esxI,esxJ-H37Rv-1160545-1161167	esxI,esxJ	1160545	1161167	0	4	0.0	29	39	0.7436	180215.0
Event_104	1341022	1341120	esxL	esxV,esxW-H37Rv-4059985-4060591	esxV,esxW	4059985	4060591	0	4	0.0	29	39	0.7436	1692315.0
Event_105	1341022	1341295	esxL	esxO,esxP,Rv2348c-H37Rv-2625885-2626683	esxO,esxP,Rv2348c	2625885	2626683	4	5	0.8	34	50	0.68	1285125.5
Event_105	1341022	1341295	esxL	esxM,esxN-H37Rv-2030331-2030976	esxM,esxN	2030331	2030976	4	5	0.8	29	50	0.58	689495.0
Event_105	1341022	1341295	esxL	esxI,esxJ-H37Rv-1160545-1161167	esxI,esxJ	1160545	1161167	0	5	0.0	0	50	0.0	180302.5
Event_105	1341022	1341295	esxL	esxV,esxW-H37Rv-4059985-4060591	esxV,esxW	4059985	4060591	0	5	0.0	0	50	0.0	1692402.5
Event_106	1341028	1341120	esxL	esxO,esxP,Rv2348c-H37Rv-2625885-2626683	esxO,esxP,Rv2348c	2625885	2626683	6	6	1.0	56	61	0.918	1285210.0
Event_106	1341028	1341120	esxL	esxM,esxN-H37Rv-2030331-2030976	esxM,esxN	2030331	2030976	5	6	0.8333	45	61	0.7377	689579.5
Event_106	1341028	1341120	esxL	esxI,esxJ-H37Rv-1160545-1161167	esxI,esxJ	1160545	1161167	0	6	0.0	0	61	0.0	180218.0
Event_106	1341028	1341120	esxL	esxV,esxW-H37Rv-4059985-4060591	esxV,esxW	4059985	4060591	0	6	0.0	0	61	0.0	1692318.0
Event_107	1341031	1341254	esxL	esxI,esxJ-H37Rv-1160545-1161167	esxI,esxJ	1160545	1161167	4	4	1.0	34	34	1.0	180286.5
Event_107	1341031	1341254	esxL	esxV,esxW-H37Rv-4059985-4060591	esxV,esxW	4059985	4060591	4	4	1.0	34	34	1.0	1692386.5
Event_107	1341031	1341254	esxL	esxO,esxP,Rv2348c-H37Rv-2625885-2626683	esxO,esxP,Rv2348c	2625885	2626683	1	4	0.25	11	34	0.3235	1285141.5
Event_107	1341031	1341254	esxL	esxM,esxN-H37Rv-2030331-2030976	esxM,esxN	2030331	2030976	1	4	0.25	9	34	0.2647	689511.0
Event_108	1341072	1341120	esxL	esxM,esxN-H37Rv-2030331-2030976	esxM,esxN	2030331	2030976	5	7	0.7143	0	53	0.0	689557.5
Event_108	1341072	1341120	esxL	esxO,esxP,Rv2348c-H37Rv-2625885-2626683	esxO,esxP,Rv2348c	2625885	2626683	4	7	0.5714	0	53	0.0	1285188.0
Event_108	1341072	1341120	esxL	esxI,esxJ-H37Rv-1160545-1161167	esxI,esxJ	1160545	1161167	3	7	0.4286	53	53	1.0	180240.0
Event_108	1341072	1341120	esxL	esxV,esxW-H37Rv-4059985-4060591	esxV,esxW	4059985	4060591	3	7	0.4286	53	53	1.0	1692340.0
Event_110	1532655	1532855	PPE19	PPE60-H37Rv-3894405-3895588	PPE60	3894405	3895588	5	5	1.0	30	37	0.8108	2049290.5
Event_110	1532655	1532855	PPE19	PPE18-H37Rv-1339349-1340433	PPE18	1339349	1340433	1	5	0.2	4	37	0.1081	192864.0
Event_111	1532655	1532889	PPE19	PPE60-H37Rv-3894405-3895588	PPE60	3894405	3895588	12	12	1.0	62	62	1.0	2049307.5
Event_111	1532655	1532889	PPE19	PPE18-H37Rv-1339349-1340433	PPE18	1339349	1340433	3	12	0.25	17	62	0.2742	192881.0
Event_112	1532910	1533016	PPE19	PPE18-H37Rv-1339349-1340433	PPE18	1339349	1340433	20	20	1.0	76	100	0.76	193072.0
Event_112	1532910	1533016	PPE19	PPE60-H37Rv-3894405-3895588	PPE60	3894405	3895588	12	20	0.6	14	100	0.14	2049498.5
Event_113	1533158	1533241	PPE19	PPE18-H37Rv-1339349-1340433	PPE18	1339349	1340433	4	5	0.8	32	32	1.0	193308.5
Event_113	1533158	1533241	PPE19	PPE60-H37Rv-3894405-3895588	PPE60	3894405	3895588	2	5	0.4	0	32	0.0	2049735.0
Event_114	1533326	1533434	PPE19	PPE60-H37Rv-3894405-3895588	PPE60	3894405	3895588	4	4	1.0	40	40	1.0	2049915.5
Event_114	1533326	1533434	PPE19	PPE18-H37Rv-1339349-1340433	PPE18	1339349	1340433	0	4	0.0	1	40	0.025	193489.0
Event_115	1633631	1634550	PE_PGRS27	PE_PGRS28,Rv1453-H37Rv-1636705-1638392	PE_PGRS28,Rv1453	1636705	1638392	5	14	0.3571	34	68	0.5	3458.0
Event_115	1633631	1634550	PE_PGRS27	PE_PGRS9-H37Rv-835775-836519	PE_PGRS9	835775	836519	0	14	0.0	0	68	0.0	797943.5
Event_116	1633631	1634610	PE_PGRS27	PE_PGRS28,Rv1453-H37Rv-1636705-1638392	PE_PGRS28,Rv1453	1636705	1638392	12	21	0.5714	69	103	0.6699	3428.0
Event_116	1633631	1634610	PE_PGRS27	PE_PGRS9-H37Rv-835775-836519	PE_PGRS9	835775	836519	0	21	0.0	3	103	0.0291	797973.5
Event_117	1633631	1634636	PE_PGRS27	PE_PGRS28,Rv1453-H37Rv-1636705-1638392	PE_PGRS28,Rv1453	1636705	1638392	9	15	0.6	49	83	0.5904	3415.0
Event_117	1633631	1634636	PE_PGRS27	PE_PGRS9-H37Rv-835775-836519	PE_PGRS9	835775	836519	0	15	0.0	3	83	0.0361	797986.5
Event_118	1633652	1633662	PE_PGRS27	PE_PGRS28,Rv1453-H37Rv-1636705-1638392	PE_PGRS28,Rv1453	1636705	1638392	0	4	0.0	0	18	0.0	3891.5
Event_119	1633677	1633739	PE_PGRS27	PE_PGRS28,Rv1453-H37Rv-1636705-1638392	PE_PGRS28,Rv1453	1636705	1638392	0	17	0.0	0	51	0.0	3840.5
Event_120	1633677	1634592	PE_PGRS27	PE_PGRS28,Rv1453-H37Rv-1636705-1638392	PE_PGRS28,Rv1453	1636705	1638392	5	29	0.1724	63	121	0.5207	3414.0
Event_120	1633677	1634592	PE_PGRS27	PE_PGRS9-H37Rv-835775-836519	PE_PGRS9	835775	836519	3	29	0.1034	3	121	0.0248	797987.5
Event_121	1633727	1633746	PE_PGRS27	PE_PGRS28,Rv1453-H37Rv-1636705-1638392	PE_PGRS28,Rv1453	1636705	1638392	0	5	0.0	0	22	0.0	3812.0
Event_122	1633743	1634550	PE_PGRS27	PE_PGRS28,Rv1453-H37Rv-1636705-1638392	PE_PGRS28,Rv1453	1636705	1638392	4	9	0.4444	42	67	0.6269	3402.0
Event_122	1633743	1634550	PE_PGRS27	PE_PGRS9-H37Rv-835775-836519	PE_PGRS9	835775	836519	2	9	0.2222	0	67	0.0	797999.5
Event_123	1633907	1634636	PE_PGRS27	PE_PGRS28,Rv1453-H37Rv-1636705-1638392	PE_PGRS28,Rv1453	1636705	1638392	13	18	0.7222	69	121	0.5702	3277.0
Event_123	1633907	1634636	PE_PGRS27	PE_PGRS9-H37Rv-835775-836519	PE_PGRS9	835775	836519	3	18	0.1667	6	121	0.0496	798124.5
Event_124	1633972	1634539	PE_PGRS27	PE_PGRS9-H37Rv-835775-836519	PE_PGRS9	835775	836519	2	7	0.2857	7	58	0.1207	798108.5
Event_124	1633972	1634539	PE_PGRS27	PE_PGRS28,Rv1453-H37Rv-1636705-1638392	PE_PGRS28,Rv1453	1636705	1638392	1	7	0.1429	0	58	0.0	3293.0
Event_125	1634417	1634541	PE_PGRS27	PE_PGRS28,Rv1453-H37Rv-1636705-1638392	PE_PGRS28,Rv1453	1636705	1638392	2	4	0.5	0	24	0.0	3069.5
Event_125	1634417	1634541	PE_PGRS27	PE_PGRS9-H37Rv-835775-836519	PE_PGRS9	835775	836519	0	4	0.0	1	24	0.0417	798332.0
Event_126	1634522	1634610	PE_PGRS27	PE_PGRS28,Rv1453-H37Rv-1636705-1638392	PE_PGRS28,Rv1453	1636705	1638392	6	7	0.8571	32	44	0.7273	2982.5
Event_126	1634522	1634610	PE_PGRS27	PE_PGRS9-H37Rv-835775-836519	PE_PGRS9	835775	836519	0	7	0.0	0	44	0.0	798419.0
Event_127	1634522	1634610	PE_PGRS27	PE_PGRS28,Rv1453-H37Rv-1636705-1638392	PE_PGRS28,Rv1453	1636705	1638392	6	9	0.6667	35	46	0.7609	2982.5
Event_127	1634522	1634610	PE_PGRS27	PE_PGRS9-H37Rv-835775-836519	PE_PGRS9	835775	836519	0	9	0.0	0	46	0.0	798419.0
Event_128	1634522	1634610	PE_PGRS27	PE_PGRS28,Rv1453-H37Rv-1636705-1638392	PE_PGRS28,Rv1453	1636705	1638392	7	10	0.7	46	46	1.0	2982.5
Event_128	1634522	1634610	PE_PGRS27	PE_PGRS9-H37Rv-835775-836519	PE_PGRS9	835775	836519	0	10	0.0	0	46	0.0	798419.0
Event_129	1634522	1634610	PE_PGRS27	PE_PGRS28,Rv1453-H37Rv-1636705-1638392	PE_PGRS28,Rv1453	1636705	1638392	12	15	0.8	69	69	1.0	2982.5
Event_129	1634522	1634610	PE_PGRS27	PE_PGRS9-H37Rv-835775-836519	PE_PGRS9	835775	836519	0	15	0.0	3	69	0.0435	798419.0
Event_130	1634537	1634550	PE_PGRS27	PE_PGRS28,Rv1453-H37Rv-1636705-1638392	PE_PGRS28,Rv1453	1636705	1638392	4	7	0.5714	23	23	1.0	3005.0
Event_130	1634537	1634550	PE_PGRS27	PE_PGRS9-H37Rv-835775-836519	PE_PGRS9	835775	836519	0	7	0.0	0	23	0.0	798396.5
Event_131	1634537	1634636	PE_PGRS27	PE_PGRS28,Rv1453-H37Rv-1636705-1638392	PE_PGRS28,Rv1453	1636705	1638392	13	16	0.8125	72	72	1.0	2962.0
Event_131	1634537	1634636	PE_PGRS27	PE_PGRS9-H37Rv-835775-836519	PE_PGRS9	835775	836519	0	16	0.0	3	72	0.0417	798439.5
Event_132	1634579	1634592	PE_PGRS27	PE_PGRS28,Rv1453-H37Rv-1636705-1638392	PE_PGRS28,Rv1453	1636705	1638392	5	5	1.0	23	23	1.0	2963.0
Event_133	1634579	1634592	PE_PGRS27	PE_PGRS28,Rv1453-H37Rv-1636705-1638392	PE_PGRS28,Rv1453	1636705	1638392	5	5	1.0	23	23	1.0	2963.0
Event_134	1636756	1638212	PE_PGRS28	PE_PGRS27-H37Rv-1633310-1634790	PE_PGRS27	1633310	1634790	28	47	0.5957	158	168	0.9405	3434.0
Event_134	1636756	1638212	PE_PGRS28	Rv2370c,PE_PGRS40-H37Rv-2650377-2651923	Rv2370c,PE_PGRS40	2650377	2651923	6	47	0.1277	7	168	0.0417	1013666.0
Event_134	1636756	1638212	PE_PGRS28	PE_PGRS9-H37Rv-836147-836519	PE_PGRS9	836147	836519	0	47	0.0	7	168	0.0417	801151.0
Event_135	1636825	1637264	PE_PGRS28	PE_PGRS27-H37Rv-1633310-1634790	PE_PGRS27	1633310	1634790	11	18	0.6111	75	75	1.0	2994.5
Event_136	1636867	1636881	PE_PGRS28	PE_PGRS27-H37Rv-1633310-1634790	PE_PGRS27	1633310	1634790	6	6	1.0	19	24	0.7917	2824.0
Event_137	1637233	1637264	PE_PGRS28	PE_PGRS27-H37Rv-1633310-1634790	PE_PGRS27	1633310	1634790	0	6	0.0	31	31	1.0	3198.5
Event_138	1637248	1637280	PE_PGRS28	PE_PGRS27-H37Rv-1633310-1634790	PE_PGRS27	1633310	1634790	0	6	0.0	34	34	1.0	3214.0
Event_139	1637248	1638194	PE_PGRS28	PE_PGRS27-H37Rv-1633310-1634790	PE_PGRS27	1633310	1634790	5	10	0.5	46	46	1.0	3671.0
Event_139	1637248	1638194	PE_PGRS28	Rv2370c,PE_PGRS40-H37Rv-2650377-2651923	Rv2370c,PE_PGRS40	2650377	2651923	1	10	0.1	0	46	0.0	1013429.0
Event_139	1637248	1638194	PE_PGRS28	PE_PGRS9-H37Rv-836147-836519	PE_PGRS9	836147	836519	0	10	0.0	0	46	0.0	801388.0
Event_140	1637252	1637762	PE_PGRS28	PE_PGRS9-H37Rv-836147-836519	PE_PGRS9	836147	836519	4	6	0.6667	4	53	0.0755	801174.0
Event_140	1637252	1637762	PE_PGRS28	PE_PGRS27-H37Rv-1633310-1634790	PE_PGRS27	1633310	1634790	0	6	0.0	2	53	0.0377	3457.0
Event_141	1637254	1637264	PE_PGRS28	PE_PGRS27-H37Rv-1633310-1634790	PE_PGRS27	1633310	1634790	0	4	0.0	20	20	1.0	3209.0
Event_142	1637254	1637264	PE_PGRS28	PE_PGRS27-H37Rv-1633310-1634790	PE_PGRS27	1633310	1634790	0	4	0.0	20	20	1.0	3209.0
Event_143	1637262	1637294	PE_PGRS28	PE_PGRS27-H37Rv-1633310-1634790	PE_PGRS27	1633310	1634790	0	5	0.0	36	36	1.0	3228.0
Event_144	1637279	1637348	PE_PGRS28	PE_PGRS27-H37Rv-1633310-1634790	PE_PGRS27	1633310	1634790	0	19	0.0	78	78	1.0	3263.5
Event_145	1637338	1637348	PE_PGRS28	PE_PGRS27-H37Rv-1633310-1634790	PE_PGRS27	1633310	1634790	0	4	0.0	20	20	1.0	3293.0
Event_146	1637574	1637762	PE_PGRS28	PE_PGRS9-H37Rv-836147-836519	PE_PGRS9	836147	836519	4	6	0.6667	6	43	0.1395	801335.0
Event_146	1637574	1637762	PE_PGRS28	PE_PGRS27-H37Rv-1633310-1634790	PE_PGRS27	1633310	1634790	0	6	0.0	0	43	0.0	3618.0
Event_147	1638124	1638152	PE_PGRS28	PE_PGRS27-H37Rv-1633310-1634790	PE_PGRS27	1633310	1634790	5	8	0.625	34	34	1.0	4088.0
Event_147	1638124	1638152	PE_PGRS28	Rv2370c,PE_PGRS40-H37Rv-2650377-2651923	Rv2370c,PE_PGRS40	2650377	2651923	3	8	0.375	4	34	0.1176	1013012.0
Event_148	1638124	1638212	PE_PGRS28	PE_PGRS27-H37Rv-1633310-1634790	PE_PGRS27	1633310	1634790	7	10	0.7	46	46	1.0	4118.0
Event_148	1638124	1638212	PE_PGRS28	Rv2370c,PE_PGRS40-H37Rv-2650377-2651923	Rv2370c,PE_PGRS40	2650377	2651923	5	10	0.5	7	46	0.1522	1012982.0
Event_149	1638124	1638212	PE_PGRS28	PE_PGRS27-H37Rv-1633310-1634790	PE_PGRS27	1633310	1634790	7	10	0.7	46	46	1.0	4118.0
Event_149	1638124	1638212	PE_PGRS28	Rv2370c,PE_PGRS40-H37Rv-2650377-2651923	Rv2370c,PE_PGRS40	2650377	2651923	5	10	0.5	7	46	0.1522	1012982.0
Event_150	1638124	1638212	PE_PGRS28	PE_PGRS27-H37Rv-1633310-1634790	PE_PGRS27	1633310	1634790	7	10	0.7	46	46	1.0	4118.0
Event_150	1638124	1638212	PE_PGRS28	Rv2370c,PE_PGRS40-H37Rv-2650377-2651923	Rv2370c,PE_PGRS40	2650377	2651923	5	10	0.5	7	46	0.1522	1012982.0
Event_151	1638124	1638212	PE_PGRS28	PE_PGRS27-H37Rv-1633310-1634790	PE_PGRS27	1633310	1634790	12	15	0.8	69	69	1.0	4118.0
Event_151	1638124	1638212	PE_PGRS28	Rv2370c,PE_PGRS40-H37Rv-2650377-2651923	Rv2370c,PE_PGRS40	2650377	2651923	6	15	0.4	7	69	0.1014	1012982.0
Event_152	1638181	1638194	PE_PGRS28	PE_PGRS27-H37Rv-1633310-1634790	PE_PGRS27	1633310	1634790	5	5	1.0	23	23	1.0	4137.5
Event_152	1638181	1638194	PE_PGRS28	Rv2370c,PE_PGRS40-H37Rv-2650377-2651923	Rv2370c,PE_PGRS40	2650377	2651923	1	5	0.2	0	23	0.0	1012962.5
Event_153	1638181	1638194	PE_PGRS28	PE_PGRS27-H37Rv-1633310-1634790	PE_PGRS27	1633310	1634790	5	5	1.0	23	23	1.0	4137.5
Event_153	1638181	1638194	PE_PGRS28	Rv2370c,PE_PGRS40-H37Rv-2650377-2651923	Rv2370c,PE_PGRS40	2650377	2651923	1	5	0.2	0	23	0.0	1012962.5
Event_154	1638181	1638238	PE_PGRS28	PE_PGRS27-H37Rv-1633310-1634790	PE_PGRS27	1633310	1634790	7	7	1.0	37	37	1.0	4159.5
Event_154	1638181	1638238	PE_PGRS28	Rv2370c,PE_PGRS40-H37Rv-2650377-2651923	Rv2370c,PE_PGRS40	2650377	2651923	1	7	0.1429	0	37	0.0	1012940.5
Event_155	1788612	1788664	Rv1587c	Rv0094c,Rv0095c-H37Rv-103779-105130	Rv0094c,Rv0095c	103779	105130	0	4	0.0	25	36	0.6944	1684183.5
Event_155	1788612	1788664	Rv1587c	Rv3466,Rv3467-H37Rv-3883535-3884847	Rv3466,Rv3467	3883535	3884847	0	4	0.0	25	36	0.6944	2095553.0
Event_156	1788725	1789545	Rv1587c,Rv1588c	Rv0094c,Rv0095c-H37Rv-103779-105130	Rv0094c,Rv0095c	103779	105130	9	16	0.5625	19	92	0.2065	1684680.5
Event_156	1788725	1789545	Rv1587c,Rv1588c	Rv3466,Rv3467-H37Rv-3883535-3884847	Rv3466,Rv3467	3883535	3884847	0	16	0.0	2	92	0.0217	2095056.0
Event_157	1789445	1789654	Rv1588c	Rv0094c,Rv0095c-H37Rv-103779-105130	Rv0094c,Rv0095c	103779	105130	3	4	0.75	11	35	0.3143	1685095.0
Event_157	1789445	1789654	Rv1588c	Rv3466,Rv3467-H37Rv-3883535-3884847	Rv3466,Rv3467	3883535	3884847	0	4	0.0	35	35	1.0	2094641.5
Event_158	1789445	1789678	Rv1588c	Rv0094c,Rv0095c-H37Rv-103779-105130	Rv0094c,Rv0095c	103779	105130	7	9	0.7778	11	65	0.1692	1685107.0
Event_158	1789445	1789678	Rv1588c	Rv3466,Rv3467-H37Rv-3883535-3884847	Rv3466,Rv3467	3883535	3884847	0	9	0.0	65	65	1.0	2094629.5
Event_159	1789445	1789678	Rv1588c	Rv0094c,Rv0095c-H37Rv-103779-105130	Rv0094c,Rv0095c	103779	105130	7	9	0.7778	11	65	0.1692	1685107.0
Event_159	1789445	1789678	Rv1588c	Rv3466,Rv3467-H37Rv-3883535-3884847	Rv3466,Rv3467	3883535	3884847	0	9	0.0	65	65	1.0	2094629.5
Event_160	1789551	1789798	Rv1588c	Rv0094c,Rv0095c-H37Rv-103779-105130	Rv0094c,Rv0095c	103779	105130	6	7	0.8571	39	61	0.6393	1685220.0
Event_160	1789551	1789798	Rv1588c	Rv3466,Rv3467-H37Rv-3883535-3884847	Rv3466,Rv3467	3883535	3884847	0	7	0.0	0	61	0.0	2094516.5
Event_161	1789564	1789671	Rv1588c	Rv0094c,Rv0095c-H37Rv-103779-105130	Rv0094c,Rv0095c	103779	105130	3	4	0.75	0	37	0.0	1685163.0
Event_161	1789564	1789671	Rv1588c	Rv3466,Rv3467-H37Rv-3883535-3884847	Rv3466,Rv3467	3883535	3884847	0	4	0.0	37	37	1.0	2094573.5
Event_162	1789572	1789798	Rv1588c	Rv0094c,Rv0095c-H37Rv-103779-105130	Rv0094c,Rv0095c	103779	105130	7	7	1.0	30	50	0.6	1685230.5
Event_162	1789572	1789798	Rv1588c	Rv3466,Rv3467-H37Rv-3883535-3884847	Rv3466,Rv3467	3883535	3884847	0	7	0.0	0	50	0.0	2094506.0
Event_163	1789649	1789766	Rv1588c	Rv0094c,Rv0095c-H37Rv-103779-105130	Rv0094c,Rv0095c	103779	105130	5	6	0.8333	10	44	0.2273	1685253.0
Event_163	1789649	1789766	Rv1588c	Rv3466,Rv3467-H37Rv-3883535-3884847	Rv3466,Rv3467	3883535	3884847	0	6	0.0	44	44	1.0	2094483.5
Event_164	1789675	1789697	Rv1588c	Rv0094c,Rv0095c-H37Rv-103779-105130	Rv0094c,Rv0095c	103779	105130	4	4	1.0	12	25	0.48	1685231.5
Event_164	1789675	1789697	Rv1588c	Rv3466,Rv3467-H37Rv-3883535-3884847	Rv3466,Rv3467	3883535	3884847	0	4	0.0	0	25	0.0	2094505.0
Event_165	2025899	2026033	PPE25	PPE27-H37Rv-2028425-2029242	PPE27	2028425	2029242	5	8	0.625	45	50	0.9	2867.5
Event_166	2025899	2026110	PPE25	PPE27-H37Rv-2028425-2029242	PPE27	2028425	2029242	6	9	0.6667	56	61	0.918	2829.0
Event_167	2028974	2028993	PPE27	PPE25-H37Rv-2025301-2026163	PPE25	2025301	2026163	3	4	0.75	9	27	0.3333	3251.5
Event_168	2028974	2029189	PPE27	PPE25-H37Rv-2025301-2026163	PPE25	2025301	2026163	4	4	1.0	30	37	0.8108	3349.5
Event_169	2029086	2029112	PPE27	PPE25-H37Rv-2025301-2026163	PPE25	2025301	2026163	3	6	0.5	30	30	1.0	3367.0
Event_170	2029086	2029112	PPE27	PPE25-H37Rv-2025301-2026163	PPE25	2025301	2026163	3	6	0.5	30	30	1.0	3367.0
Event_171	2030486	2030521	esxM	esxI,esxJ-H37Rv-1160538-1161165	esxI,esxJ	1160538	1161165	1	4	0.25	13	24	0.5417	869652.0
Event_171	2030486	2030521	esxM	esxK,esxL-H37Rv-1340643-1341288	esxK,esxL	1340643	1341288	1	4	0.25	13	24	0.5417	689538.0
Event_171	2030486	2030521	esxM	esxO,esxP-H37Rv-2625889-2626534	esxO,esxP	2625889	2626534	1	4	0.25	13	24	0.5417	595708.0
Event_171	2030486	2030521	esxM	esxV,esxW-H37Rv-4059983-4060591	esxV,esxW	4059983	4060591	1	4	0.25	13	24	0.5417	2029783.5
Event_172	2030517	2030765	esxM,esxN	esxO,esxP-H37Rv-2625889-2626534	esxO,esxP	2625889	2626534	7	7	1.0	45	45	1.0	595570.5
Event_172	2030517	2030765	esxM,esxN	esxK,esxL-H37Rv-1340643-1341288	esxK,esxL	1340643	1341288	7	7	1.0	40	45	0.8889	689675.5
Event_172	2030517	2030765	esxM,esxN	esxI,esxJ-H37Rv-1160538-1161165	esxI,esxJ	1160538	1161165	4	7	0.5714	8	45	0.1778	869789.5
Event_172	2030517	2030765	esxM,esxN	esxV,esxW-H37Rv-4059983-4060591	esxV,esxW	4059983	4060591	4	7	0.5714	8	45	0.1778	2029646.0
Event_173	2030603	2030848	esxM,esxN	esxK,esxL-H37Rv-1340643-1341288	esxK,esxL	1340643	1341288	6	6	1.0	34	42	0.8095	689760.0
Event_173	2030603	2030848	esxM,esxN	esxO,esxP-H37Rv-2625889-2626534	esxO,esxP	2625889	2626534	5	6	0.8333	31	42	0.7381	595486.0
Event_173	2030603	2030848	esxM,esxN	esxI,esxJ-H37Rv-1160538-1161165	esxI,esxJ	1160538	1161165	4	6	0.6667	13	42	0.3095	869874.0
Event_173	2030603	2030848	esxM,esxN	esxV,esxW-H37Rv-4059983-4060591	esxV,esxW	4059983	4060591	4	6	0.6667	13	42	0.3095	2029561.5
Event_174	2030755	2030765	esxN	esxO,esxP-H37Rv-2625889-2626534	esxO,esxP	2625889	2626534	4	4	1.0	20	20	1.0	595451.5
Event_174	2030755	2030765	esxN	esxK,esxL-H37Rv-1340643-1341288	esxK,esxL	1340643	1341288	4	4	1.0	15	20	0.75	689794.5
Event_174	2030755	2030765	esxN	esxI,esxJ-H37Rv-1160538-1161165	esxI,esxJ	1160538	1161165	3	4	0.75	5	20	0.25	869908.5
Event_174	2030755	2030765	esxN	esxV,esxW-H37Rv-4059983-4060591	esxV,esxW	4059983	4060591	3	4	0.75	5	20	0.25	2029527.0
Event_183	2196714	2196970	Rv1945	Rv1148c-H37Rv-1276292-1277797	Rv1148c	1276292	1277797	27	30	0.9	135	135	1.0	919797.5
Event_184	2196714	2196970	Rv1945	Rv1148c-H37Rv-1276292-1277797	Rv1148c	1276292	1277797	4	4	1.0	28	28	1.0	919797.5
Event_185	2196714	2197278	Rv1945	Rv1148c-H37Rv-1276292-1277797	Rv1148c	1276292	1277797	26	26	1.0	134	144	0.9306	919951.5
Event_186	2196714	2197332	Rv1945	Rv1148c-H37Rv-1276292-1277797	Rv1148c	1276292	1277797	13	13	1.0	62	62	1.0	919978.5
Event_187	2196767	2196970	Rv1945	Rv1148c-H37Rv-1276292-1277797	Rv1148c	1276292	1277797	26	29	0.8966	124	124	1.0	919824.0
Event_188	2196767	2197041	Rv1945	Rv1148c-H37Rv-1276292-1277797	Rv1148c	1276292	1277797	26	32	0.8125	124	157	0.7898	919859.5
Event_189	2196830	2196970	Rv1945	Rv1148c-H37Rv-1276292-1277797	Rv1148c	1276292	1277797	15	15	1.0	70	70	1.0	919855.5
Event_190	2197229	2197260	Rv1945	Rv1148c-H37Rv-1276292-1277797	Rv1148c	1276292	1277797	5	5	1.0	30	40	0.75	920200.0
Event_191	2197229	2197293	Rv1945	Rv1148c-H37Rv-1276292-1277797	Rv1148c	1276292	1277797	14	14	1.0	71	73	0.9726	920216.5
Event_192	2197229	2197293	Rv1945	Rv1148c-H37Rv-1276292-1277797	Rv1148c	1276292	1277797	14	14	1.0	71	73	0.9726	920216.5
Event_193	2197286	2197313	Rv1945	Rv1148c-H37Rv-1276292-1277797	Rv1148c	1276292	1277797	4	4	1.0	26	28	0.9286	920255.0
Event_194	2296424	2296457	pks12	pks12-H37Rv-2300912-2304311	pks12	2300912	2304311	9	9	1.0	24	38	0.6316	6171.0
Event_195	2296424	2296473	pks12	pks12-H37Rv-2300912-2304311	pks12	2300912	2304311	13	13	1.0	38	54	0.7037	6163.0
Event_196	2300402	2300452	pks12	pks12-H37Rv-2305265-2306889	pks12	2305265	2306889	6	11	0.5455	32	57	0.5614	5650.0
Event_196	2300402	2300452	pks12	pks7-H37Rv-1875420-1877034	pks7	1875420	1877034	2	11	0.1818	0	57	0.0	424200.0
Event_197	2300402	2300555	pks12	pks12-H37Rv-2305265-2306889	pks12	2305265	2306889	6	14	0.4286	50	77	0.6494	5598.5
Event_197	2300402	2300555	pks12	pks7-H37Rv-1875420-1877034	pks7	1875420	1877034	3	14	0.2143	1	77	0.013	424251.5
Event_198	2301781	2302132	pks12	pks12-H37Rv-2294816-2298269	pks12	2294816	2298269	2	4	0.5	22	44	0.5	5414.0
Event_199	2301781	2302132	pks12	pks12-H37Rv-2294816-2298269	pks12	2294816	2298269	2	5	0.4	22	55	0.4	5414.0
Event_200	2301781	2302132	pks12	pks12-H37Rv-2294816-2298269	pks12	2294816	2298269	2	4	0.5	22	44	0.5	5414.0
Event_206	2439203	2439460	Rv2177c	Rv2423,Rv2424c-H37Rv-2720634-2721442	Rv2423,Rv2424c	2720634	2721442	4	4	1.0	35	35	1.0	281706.5
Event_207	2439400	2439519	Rv2177c	Rv2423,Rv2424c-H37Rv-2720634-2721442	Rv2423,Rv2424c	2720634	2721442	4	4	1.0	35	35	1.0	281578.5
Event_208	2626003	2626204	esxO	esxM,esxN-H37Rv-2030331-2030976	esxM,esxN	2030331	2030976	5	9	0.5556	15	71	0.2113	595450.0
Event_208	2626003	2626204	esxO	PPE18,esxK,esxL-H37Rv-1340494-1341292	PPE18,esxK,esxL	1340494	1341292	4	9	0.4444	54	71	0.7606	1285210.5
Event_208	2626003	2626204	esxO	esxI,esxJ-H37Rv-1160545-1161167	esxI,esxJ	1160545	1161167	4	9	0.4444	11	71	0.1549	1465247.5
Event_208	2626003	2626204	esxO	esxV,esxW-H37Rv-4059985-4060582	esxV,esxW	4059985	4060582	4	9	0.4444	11	71	0.1549	1434180.0
Event_209	2626003	2626600	esxO,esxP	esxM,esxN-H37Rv-2030331-2030976	esxM,esxN	2030331	2030976	13	24	0.5417	43	173	0.2486	595648.0
Event_209	2626003	2626600	esxO,esxP	PPE18,esxK,esxL-H37Rv-1340494-1341292	PPE18,esxK,esxL	1340494	1341292	11	24	0.4583	102	173	0.5896	1285408.5
Event_209	2626003	2626600	esxO,esxP	esxI,esxJ-H37Rv-1160545-1161167	esxI,esxJ	1160545	1161167	9	24	0.375	21	173	0.1214	1465445.5
Event_209	2626003	2626600	esxO,esxP	esxV,esxW-H37Rv-4059985-4060582	esxV,esxW	4059985	4060582	8	24	0.3333	18	173	0.104	1433982.0
Event_210	2626104	2626348	esxO,esxP	esxM,esxN-H37Rv-2030331-2030976	esxM,esxN	2030331	2030976	5	7	0.7143	0	51	0.0	595572.5
Event_210	2626104	2626348	esxO,esxP	esxI,esxJ-H37Rv-1160545-1161167	esxI,esxJ	1160545	1161167	3	7	0.4286	3	51	0.0588	1465370.0
Event_210	2626104	2626348	esxO,esxP	esxV,esxW-H37Rv-4059985-4060582	esxV,esxW	4059985	4060582	3	7	0.4286	3	51	0.0588	1434057.5
Event_210	2626104	2626348	esxO,esxP	PPE18,esxK,esxL-H37Rv-1340494-1341292	PPE18,esxK,esxL	1340494	1341292	0	7	0.0	50	51	0.9804	1285333.0
Event_211	2626137	2626678	esxO,esxP,Rv2348c	PPE18,esxK,esxL-H37Rv-1340494-1341292	PPE18,esxK,esxL	1340494	1341292	8	14	0.5714	73	103	0.7087	1285514.5
Event_211	2626137	2626678	esxO,esxP,Rv2348c	esxM,esxN-H37Rv-2030331-2030976	esxM,esxN	2030331	2030976	8	14	0.5714	22	103	0.2136	595754.0
Event_211	2626137	2626678	esxO,esxP,Rv2348c	esxI,esxJ-H37Rv-1160545-1161167	esxI,esxJ	1160545	1161167	4	14	0.2857	0	103	0.0	1465551.5
Event_211	2626137	2626678	esxO,esxP,Rv2348c	esxV,esxW-H37Rv-4059985-4060582	esxV,esxW	4059985	4060582	4	14	0.2857	0	103	0.0	1433876.0
Event_212	2626148	2626600	esxO,esxP	PPE18,esxK,esxL-H37Rv-1340494-1341292	PPE18,esxK,esxL	1340494	1341292	5	5	1.0	34	39	0.8718	1285481.0
Event_212	2626148	2626600	esxO,esxP	esxM,esxN-H37Rv-2030331-2030976	esxM,esxN	2030331	2030976	4	5	0.8	18	39	0.4615	595720.5
Event_212	2626148	2626600	esxO,esxP	esxV,esxW-H37Rv-4059985-4060582	esxV,esxW	4059985	4060582	3	5	0.6	6	39	0.1538	1433909.5
Event_212	2626148	2626600	esxO,esxP	esxI,esxJ-H37Rv-1160545-1161167	esxI,esxJ	1160545	1161167	1	5	0.2	0	39	0.0	1465518.0
Event_213	2626510	2626521	esxP	esxI,esxJ-H37Rv-1160545-1161167	esxI,esxJ	1160545	1161167	4	4	1.0	14	21	0.6667	1465659.5
Event_213	2626510	2626521	esxP	PPE18,esxK,esxL-H37Rv-1340494-1341292	PPE18,esxK,esxL	1340494	1341292	2	4	0.5	0	21	0.0	1285622.5
Event_213	2626510	2626521	esxP	esxM,esxN-H37Rv-2030331-2030976	esxM,esxN	2030331	2030976	2	4	0.5	0	21	0.0	595862.0
Event_214	2626510	2626521	esxP	esxI,esxJ-H37Rv-1160545-1161167	esxI,esxJ	1160545	1161167	4	4	1.0	14	21	0.6667	1465659.5
Event_214	2626510	2626521	esxP	PPE18,esxK,esxL-H37Rv-1340494-1341292	PPE18,esxK,esxL	1340494	1341292	2	4	0.5	0	21	0.0	1285622.5
Event_214	2626510	2626521	esxP	esxM,esxN-H37Rv-2030331-2030976	esxM,esxN	2030331	2030976	2	4	0.5	0	21	0.0	595862.0
Event_215	2626510	2626600	esxP	PPE18,esxK,esxL-H37Rv-1340494-1341292	PPE18,esxK,esxL	1340494	1341292	3	4	0.75	14	25	0.56	1285662.0
Event_215	2626510	2626600	esxP	esxI,esxJ-H37Rv-1160545-1161167	esxI,esxJ	1160545	1161167	3	4	0.75	10	25	0.4	1465699.0
Event_215	2626510	2626600	esxP	esxM,esxN-H37Rv-2030331-2030976	esxM,esxN	2030331	2030976	2	4	0.5	3	25	0.12	595901.5
Event_216	2626512	2626678	esxP,Rv2348c	PPE18,esxK,esxL-H37Rv-1340494-1341292	PPE18,esxK,esxL	1340494	1341292	4	4	1.0	29	34	0.8529	1285702.0
Event_216	2626512	2626678	esxP,Rv2348c	esxM,esxN-H37Rv-2030331-2030976	esxM,esxN	2030331	2030976	2	4	0.5	12	34	0.3529	595941.5
Event_216	2626512	2626678	esxP,Rv2348c	esxI,esxJ-H37Rv-1160545-1161167	esxI,esxJ	1160545	1161167	2	4	0.5	0	34	0.0	1465739.0
Event_217	2626512	2626678	esxP,Rv2348c	PPE18,esxK,esxL-H37Rv-1340494-1341292	PPE18,esxK,esxL	1340494	1341292	4	4	1.0	29	34	0.8529	1285702.0
Event_217	2626512	2626678	esxP,Rv2348c	esxM,esxN-H37Rv-2030331-2030976	esxM,esxN	2030331	2030976	2	4	0.5	12	34	0.3529	595941.5
Event_217	2626512	2626678	esxP,Rv2348c	esxI,esxJ-H37Rv-1160545-1161167	esxI,esxJ	1160545	1161167	2	4	0.5	0	34	0.0	1465739.0
Event_218	2720894	2721013	Rv2424c	pknL,Rv2177c-H37Rv-2439139-2439948	pknL,Rv2177c	2439139	2439948	4	4	1.0	34	34	1.0	281410.0
Event_219	2866550	2866647	lppA	lppA,lppB-H37Rv-2867124-2867777	lppA,lppB	2867124	2867777	3	6	0.5	5	50	0.1	852.0
Event_220	2866606	2867756	lppA,lppB	lppA-H37Rv-2866468-2867121	lppA	2866468	2867121	6	10	0.6	0	28	0.0	386.5
Event_220	2866606	2867756	lppA,lppB	lppA,lppB-H37Rv-2867124-2867777	lppA,lppB	2867124	2867777	3	10	0.3	0	28	0.0	269.5
Event_221	2867206	2867263	lppB	lppA-H37Rv-2866468-2867121	lppA	2866468	2867121	6	9	0.6667	16	55	0.2909	440.0
Event_222	2867206	2867762	lppB	lppA-H37Rv-2866468-2867121	lppA	2866468	2867121	17	21	0.8095	16	72	0.2222	689.5
Event_224	2944738	2944857	PE_PGRS45	PE_PGRS18-H37Rv-1095712-1096692	PE_PGRS18	1095712	1096692	4	4	1.0	22	37	0.5946	1848595.5
Event_224	2944738	2944857	PE_PGRS45	PE_PGRS17-H37Rv-1093740-1094592	PE_PGRS17	1093740	1094592	0	4	0.0	15	37	0.4054	1850631.5
Event_226	3119925	3119939	_	nan-H37Rv-3121878-3122917	None	3121878	3122917	0	7	0.0	0	21	0.0	2465.5
Event_226	3119925	3119939	_	nan-H37Rv-3121937-3122533	None	3121937	3122533	0	7	0.0	0	21	0.0	2303.0
Event_226	3119925	3119939	_	nan-H37Rv-3121937-3123193	None	3121937	3123193	0	7	0.0	0	21	0.0	2633.0
Event_226	3119925	3119939	_	nan-H37Rv-3121937-3123338	None	3121937	3123338	0	7	0.0	0	21	0.0	2705.5
Event_226	3119925	3119939	_	nan-H37Rv-3122016-3122758	None	3122016	3122758	0	7	0.0	0	21	0.0	2455.0
Event_226	3119925	3119939	_	nan-H37Rv-3122084-3123410	None	3122084	3123410	0	7	0.0	0	21	0.0	2815.0
Event_226	3119925	3119939	_	nan-H37Rv-3122229-3123561	None	3122229	3123561	0	7	0.0	0	21	0.0	2963.0
Event_226	3119925	3119939	_	nan-H37Rv-3122374-3123576	None	3122374	3123576	0	7	0.0	0	21	0.0	3043.0
Event_226	3119925	3119939	_	nan-H37Rv-3122511-3123576	None	3122511	3123576	0	7	0.0	0	21	0.0	3111.5
Event_226	3119925	3119939	_	nan-H37Rv-3122660-3123576	None	3122660	3123576	0	7	0.0	0	21	0.0	3186.0
Event_227	3132955	3132975	Rv2825c	Rv2828c,Rv2828A-H37Rv-3135787-3136351	Rv2828c,Rv2828A	3135787	3136351	0	5	0.0	29	29	1.0	3104.0
Event_228	3133064	3133078	Rv2825c	Rv2828c,Rv2828A-H37Rv-3135787-3136351	Rv2828c,Rv2828A	3135787	3136351	6	6	1.0	24	24	1.0	2998.0
Event_229	3135851	3135974	Rv2828c	Rv2825c-H37Rv-3132891-3133455	Rv2825c	3132891	3133455	6	14	0.4286	34	75	0.4533	2739.5
Event_230	3135949	3135974	Rv2828c	Rv2825c-H37Rv-3132891-3133455	Rv2825c	3132891	3133455	6	8	0.75	23	34	0.6765	2788.5
Event_231	3135960	3135974	Rv2828c	Rv2825c-H37Rv-3132891-3133455	Rv2825c	3132891	3133455	6	6	1.0	24	24	1.0	2794.0
Event_232	3135960	3135974	Rv2828c	Rv2825c-H37Rv-3132891-3133455	Rv2825c	3132891	3133455	6	6	1.0	24	24	1.0	2794.0
Event_233	3135970	3135974	Rv2828c	Rv2825c-H37Rv-3132891-3133455	Rv2825c	3132891	3133455	4	4	1.0	12	14	0.8571	2799.0
Event_234	3135970	3136335	Rv2828c,Rv2828A	Rv2825c-H37Rv-3132891-3133455	Rv2825c	3132891	3133455	5	5	1.0	23	25	0.92	2979.5
Event_235	3194199	3194430	Rv2885c	thiL,Rv2978c,Rv2979c-H37Rv-3333757-3335814	thiL,Rv2978c,Rv2979c	3333757	3335814	26	26	1.0	110	131	0.8397	140471.0
Event_235	3194199	3194430	Rv2885c	Rv2791c,Rv2792c-H37Rv-3100174-3102233	Rv2791c,Rv2792c	3100174	3102233	16	26	0.6154	33	131	0.2519	93111.0
Event_235	3194199	3194430	Rv2885c	Rv0828c,Rv0829-H37Rv-921579-921893	Rv0828c,Rv0829	921579	921893	1	26	0.0385	0	131	0.0	2138953.5
Event_236	3247297	3247340	ppsA	ppsB-H37Rv-3251819-3253802	ppsB	3251819	3253802	4	5	0.8	20	42	0.4762	5492.0
Event_237	3247850	3248075	ppsA	ppsB-H37Rv-3251819-3253802	ppsB	3251819	3253802	0	13	0.0	55	55	1.0	4848.0
Event_238	3252892	3252905	ppsB	ppsA-H37Rv-3246396-3248376	ppsA	3246396	3248376	5	5	1.0	14	23	0.6087	5512.5
Event_240	3377270	3377326	PPE46	PPE47,PPE48,PE29-H37Rv-3379363-3381026	PPE47,PPE48,PE29	3379363	3381026	0	12	0.0	0	66	0.0	2896.5
Event_241	3377270	3377351	PPE46	PPE47,PPE48,PE29-H37Rv-3379363-3381026	PPE47,PPE48,PE29	3379363	3381026	0	7	0.0	0	46	0.0	2884.0
Event_242	3528168	3528177	PPE53	PPE40-H37Rv-2638257-2639531	PPE40	2638257	2639531	1	5	0.2	0	1	0.0	889278.5
Event_243	3730389	3730741	PPE54	PPE54-H37Rv-3735635-3736314	PPE54	3735635	3736314	4	6	0.6667	48	59	0.8136	5409.5
Event_243	3730389	3730741	PPE54	PPE54-H37Rv-3732078-3732792	PPE54	3732078	3732792	1	6	0.1667	22	59	0.3729	1870.0
Event_244	3730927	3730946	PPE54	PPE54-H37Rv-3732078-3732792	PPE54	3732078	3732792	8	8	1.0	20	20	1.0	1498.5
Event_244	3730927	3730946	PPE54	PPE54-H37Rv-3735635-3736314	PPE54	3735635	3736314	0	8	0.0	0	20	0.0	5038.0
Event_245	3735708	3735967	PPE54	PPE54-H37Rv-3730352-3731031	PPE54	3730352	3731031	3	5	0.6	37	48	0.7708	5146.0
Event_246	3735801	3736179	PPE54	PPE54-H37Rv-3730352-3731031	PPE54	3730352	3731031	3	6	0.5	39	61	0.6393	5298.5
Event_247	3735801	3736229	PPE54	PPE54-H37Rv-3730352-3731031	PPE54	3730352	3731031	2	13	0.1538	28	72	0.3889	5323.5
Event_248	3735801	3736276	PPE54	PPE54-H37Rv-3730352-3731031	PPE54	3730352	3731031	4	7	0.5714	45	72	0.625	5347.0
Event_249	3735848	3735967	PPE54	PPE54-H37Rv-3730352-3731031	PPE54	3730352	3731031	2	5	0.4	17	49	0.3469	5216.0
Event_250	3735864	3736179	PPE54	PPE54-H37Rv-3730352-3731031	PPE54	3730352	3731031	5	5	1.0	54	54	1.0	5330.0
Event_251	3735924	3736306	PPE54	PPE54-H37Rv-3730352-3731031	PPE54	3730352	3731031	12	13	0.9231	71	88	0.8068	5423.5
Event_252	3736210	3736229	PPE54	PPE54-H37Rv-3730352-3731031	PPE54	3730352	3731031	0	8	0.0	0	22	0.0	5528.0
Event_254	3746659	3746875	PPE55	PPE56-H37Rv-3755950-3767096	PPE56	3755950	3767096	11	11	1.0	51	51	1.0	14756.0
Event_254	3746659	3746875	PPE55	PPE56-H37Rv-3756942-3758031	PPE56	3756942	3758031	11	11	1.0	51	51	1.0	10719.5
Event_254	3746659	3746875	PPE55	PPE55-H37Rv-3748321-3749015	PPE55	3748321	3749015	4	11	0.3636	20	51	0.3922	1901.0
Event_254	3746659	3746875	PPE55	PPE56-H37Rv-3762283-3765089	PPE56	3762283	3765089	4	11	0.3636	13	51	0.2549	16919.0
Event_254	3746659	3746875	PPE55	PPE55-H37Rv-3750133-3752472	PPE55	3750133	3752472	3	11	0.2727	9	51	0.1765	4535.5
Event_254	3746659	3746875	PPE55	PPE56-H37Rv-3762293-3763361	PPE56	3762293	3763361	2	11	0.1818	3	51	0.0588	16060.0
Event_254	3746659	3746875	PPE55	PPE55-H37Rv-3744703-3745805	PPE55	3744703	3745805	0	11	0.0	12	51	0.2353	1513.0
Event_255	3746725	3746933	PPE55	PPE55-H37Rv-3748321-3749015	PPE55	3748321	3749015	10	10	1.0	82	84	0.9762	1839.0
Event_255	3746725	3746933	PPE55	PPE56-H37Rv-3755950-3767096	PPE56	3755950	3767096	7	10	0.7	38	84	0.4524	14694.0
Event_255	3746725	3746933	PPE55	PPE56-H37Rv-3762283-3765089	PPE56	3762283	3765089	7	10	0.7	12	84	0.1429	16857.0
Event_255	3746725	3746933	PPE55	PPE56-H37Rv-3756942-3758031	PPE56	3756942	3758031	6	10	0.6	22	84	0.2619	10657.5
Event_255	3746725	3746933	PPE55	PPE55-H37Rv-3744703-3745805	PPE55	3744703	3745805	6	10	0.6	16	84	0.1905	1575.0
Event_255	3746725	3746933	PPE55	PPE56-H37Rv-3762293-3763361	PPE56	3762293	3763361	6	10	0.6	11	84	0.131	15998.0
Event_255	3746725	3746933	PPE55	PPE55-H37Rv-3750133-3752472	PPE55	3750133	3752472	2	10	0.2	14	84	0.1667	4473.5
Event_256	3750176	3750421	PPE55	PPE56-H37Rv-3755950-3767096	PPE56	3755950	3767096	8	12	0.6667	44	58	0.7586	11224.5
Event_256	3750176	3750421	PPE55	PPE56-H37Rv-3756941-3758009	PPE56	3756941	3758009	5	12	0.4167	16	58	0.2759	7176.5
Event_256	3750176	3750421	PPE55	PPE55-H37Rv-3744703-3745798	PPE55	3744703	3745798	4	12	0.3333	9	58	0.1552	5048.0
Event_256	3750176	3750421	PPE55	PPE56-H37Rv-3758693-3759769	PPE56	3758693	3759769	2	12	0.1667	32	58	0.5517	8932.5
Event_256	3750176	3750421	PPE55	PPE55-H37Rv-3746506-3748890	PPE55	3746506	3748890	0	12	0.0	55	58	0.9483	2600.5
Event_257	3750559	3750701	PPE55	PPE55-H37Rv-3744703-3745798	PPE55	3744703	3745798	16	16	1.0	92	97	0.9485	5379.5
Event_257	3750559	3750701	PPE55	PPE56-H37Rv-3755950-3767096	PPE56	3755950	3767096	9	16	0.5625	29	97	0.299	10893.0
Event_257	3750559	3750701	PPE55	PPE56-H37Rv-3756941-3758009	PPE56	3756941	3758009	8	16	0.5	15	97	0.1546	6845.0
Event_257	3750559	3750701	PPE55	PPE55-H37Rv-3746506-3748890	PPE55	3746506	3748890	7	16	0.4375	37	97	0.3814	2932.0
Event_257	3750559	3750701	PPE55	PPE56-H37Rv-3758693-3759769	PPE56	3758693	3759769	7	16	0.4375	15	97	0.1546	8601.0
Event_258	3750804	3750860	PPE55	PPE56-H37Rv-3755950-3767096	PPE56	3755950	3767096	3	4	0.75	10	29	0.3448	10691.0
Event_258	3750804	3750860	PPE55	PPE55-H37Rv-3744703-3745798	PPE55	3744703	3745798	2	4	0.5	0	29	0.0	5581.5
Event_258	3750804	3750860	PPE55	PPE56-H37Rv-3758693-3759769	PPE56	3758693	3759769	2	4	0.5	0	29	0.0	8399.0
Event_258	3750804	3750860	PPE55	PPE55-H37Rv-3746506-3748890	PPE55	3746506	3748890	1	4	0.25	12	29	0.4138	3134.0
Event_258	3750804	3750860	PPE55	PPE56-H37Rv-3756941-3758009	PPE56	3756941	3758009	1	4	0.25	1	29	0.0345	6643.0
Event_259	3750804	3750860	PPE55	PPE56-H37Rv-3755950-3767096	PPE56	3755950	3767096	3	4	0.75	10	29	0.3448	10691.0
Event_259	3750804	3750860	PPE55	PPE55-H37Rv-3744703-3745798	PPE55	3744703	3745798	2	4	0.5	0	29	0.0	5581.5
Event_259	3750804	3750860	PPE55	PPE56-H37Rv-3758693-3759769	PPE56	3758693	3759769	2	4	0.5	0	29	0.0	8399.0
Event_259	3750804	3750860	PPE55	PPE55-H37Rv-3746506-3748890	PPE55	3746506	3748890	1	4	0.25	12	29	0.4138	3134.0
Event_259	3750804	3750860	PPE55	PPE56-H37Rv-3756941-3758009	PPE56	3756941	3758009	1	4	0.25	1	29	0.0345	6643.0
Event_260	3752002	3752012	PPE55	PPE56-H37Rv-3755950-3767096	PPE56	3755950	3767096	5	5	1.0	19	19	1.0	9516.0
Event_260	3752002	3752012	PPE55	PPE55-H37Rv-3746506-3748890	PPE55	3746506	3748890	1	5	0.2	0	19	0.0	4309.0
Event_261	3752653	3752842	PPE55	PPE56-H37Rv-3755950-3767096	PPE56	3755950	3767096	10	14	0.7143	63	66	0.9545	8775.5
Event_262	3757487	3757768	PPE56	PPE55-H37Rv-3743709-3753178	PPE55	3743709	3753178	7	10	0.7	19	69	0.2754	9184.0
Event_262	3757487	3757768	PPE56	PPE55-H37Rv-3750136-3751204	PPE55	3750136	3751204	7	10	0.7	17	69	0.2464	6957.5
Event_262	3757487	3757768	PPE56	PPE56-H37Rv-3762296-3765109	PPE56	3762296	3765109	4	10	0.4	2	69	0.029	6075.0
Event_262	3757487	3757768	PPE56	PPE55-H37Rv-3746510-3747596	PPE55	3746510	3747596	2	10	0.2	3	69	0.0435	10574.5
Event_262	3757487	3757768	PPE56	PPE56-H37Rv-3760475-3761168	PPE56	3760475	3761168	2	10	0.2	0	69	0.0	3194.0
Event_263	3758758	3758787	PPE56	PPE55-H37Rv-3743709-3753178	PPE55	3743709	3753178	5	5	1.0	38	38	1.0	10329.0
Event_263	3758758	3758787	PPE56	PPE55-H37Rv-3748268-3748972	PPE55	3748268	3748972	2	5	0.4	1	38	0.0263	10152.5
Event_263	3758758	3758787	PPE56	PPE56-H37Rv-3762296-3765109	PPE56	3762296	3765109	1	5	0.2	13	38	0.3421	4930.0
Event_264	3766598	3766860	PPE56	PPE55-H37Rv-3743709-3753178	PPE55	3743709	3753178	1	5	0.2	19	35	0.5429	18285.5
Event_264	3766598	3766860	PPE56	PPE53-H37Rv-3528674-3529180	PPE53	3528674	3529180	0	5	0.0	1	35	0.0286	237802.0
Event_265	3766851	3766860	PPE56	PPE55-H37Rv-3743709-3753178	PPE55	3743709	3753178	1	4	0.25	19	19	1.0	18412.0
Event_265	3766851	3766860	PPE56	PPE53-H37Rv-3528674-3529180	PPE53	3528674	3529180	0	4	0.0	1	19	0.0526	237928.5
Event_266	3766851	3766860	PPE56	PPE55-H37Rv-3743709-3753178	PPE55	3743709	3753178	1	4	0.25	19	19	1.0	18412.0
Event_266	3766851	3766860	PPE56	PPE53-H37Rv-3528674-3529180	PPE53	3528674	3529180	0	4	0.0	1	19	0.0526	237928.5
Event_267	3841651	3841663	_	PPE59,Rv3430c-H37Rv-3846460-3847720	PPE59,Rv3430c	3846460	3847720	1	4	0.25	0	22	0.0	5433.0
Event_268	3841651	3841663	_	PPE59,Rv3430c-H37Rv-3846460-3847720	PPE59,Rv3430c	3846460	3847720	1	4	0.25	0	22	0.0	5433.0
Event_269	3841661	3841816	Rv3424c	PPE59,Rv3430c-H37Rv-3846460-3847720	PPE59,Rv3430c	3846460	3847720	6	6	1.0	56	63	0.8889	5351.5
Event_270	3847214	3847238	PPE59	Rv3424c,PPE57-H37Rv-3841532-3842788	Rv3424c,PPE57	3841532	3842788	5	5	1.0	25	31	0.8065	5066.0
Event_271	3847214	3847247	PPE59	Rv3424c,PPE57-H37Rv-3841532-3842788	Rv3424c,PPE57	3841532	3842788	7	7	1.0	40	40	1.0	5070.5
Event_272	3847561	3847581	PPE59	Rv3424c,PPE57-H37Rv-3841532-3842788	Rv3424c,PPE57	3841532	3842788	5	5	1.0	26	26	1.0	5411.0
Event_273	3883580	3883626	Rv3466	Rv0094c,Rv0095c-H37Rv-103705-105090	Rv0094c,Rv0095c	103705	105090	4	4	1.0	32	33	0.9697	632326.5
Event_273	3883580	3883626	Rv3466	Rv1587c,Rv1588c-H37Rv-1788513-1789825	Rv1587c,Rv1588c	1788513	1789825	1	4	0.25	7	33	0.2121	2094434.0
Event_274	3883594	3883711	Rv3466	Rv0094c,Rv0095c-H37Rv-103705-105090	Rv0094c,Rv0095c	103705	105090	6	7	0.8571	20	55	0.3636	632277.0
Event_274	3883594	3883711	Rv3466	Rv1587c,Rv1588c-H37Rv-1788513-1789825	Rv1587c,Rv1588c	1788513	1789825	1	7	0.1429	0	55	0.0	2094483.5
Event_275	3883604	3884155	Rv3466,Rv3467	Rv0094c,Rv0095c-H37Rv-103705-105090	Rv0094c,Rv0095c	103705	105090	26	30	0.8667	111	168	0.6607	632050.0
Event_275	3883604	3884155	Rv3466,Rv3467	Rv1587c,Rv1588c-H37Rv-1788513-1789825	Rv1587c,Rv1588c	1788513	1789825	0	30	0.0	0	168	0.0	2094710.5
Event_276	3883625	3883690	Rv3466	Rv0094c,Rv0095c-H37Rv-103705-105090	Rv0094c,Rv0095c	103705	105090	4	4	1.0	12	29	0.4138	632272.0
Event_276	3883625	3883690	Rv3466	Rv1587c,Rv1588c-H37Rv-1788513-1789825	Rv1587c,Rv1588c	1788513	1789825	1	4	0.25	11	29	0.3793	2094488.5
Event_277	3883625	3883845	Rv3466	Rv0094c,Rv0095c-H37Rv-103705-105090	Rv0094c,Rv0095c	103705	105090	7	8	0.875	9	63	0.1429	632194.5
Event_277	3883625	3883845	Rv3466	Rv1587c,Rv1588c-H37Rv-1788513-1789825	Rv1587c,Rv1588c	1788513	1789825	1	8	0.125	0	63	0.0	2094566.0
Event_278	3883663	3883860	Rv3466	Rv0094c,Rv0095c-H37Rv-103705-105090	Rv0094c,Rv0095c	103705	105090	25	26	0.9615	112	127	0.8819	632168.0
Event_278	3883663	3883860	Rv3466	Rv1587c,Rv1588c-H37Rv-1788513-1789825	Rv1587c,Rv1588c	1788513	1789825	0	26	0.0	0	127	0.0	2094592.5
Event_279	3883663	3883915	Rv3466	Rv0094c,Rv0095c-H37Rv-103705-105090	Rv0094c,Rv0095c	103705	105090	22	24	0.9167	93	123	0.7561	632140.5
Event_279	3883663	3883915	Rv3466	Rv1587c,Rv1588c-H37Rv-1788513-1789825	Rv1587c,Rv1588c	1788513	1789825	0	24	0.0	0	123	0.0	2094620.0
Event_280	3883663	3883915	Rv3466	Rv0094c,Rv0095c-H37Rv-103705-105090	Rv0094c,Rv0095c	103705	105090	9	11	0.8182	31	88	0.3523	632140.5
Event_280	3883663	3883915	Rv3466	Rv1587c,Rv1588c-H37Rv-1788513-1789825	Rv1587c,Rv1588c	1788513	1789825	0	11	0.0	0	88	0.0	2094620.0
Event_281	3883682	3883711	Rv3466	Rv0094c,Rv0095c-H37Rv-103705-105090	Rv0094c,Rv0095c	103705	105090	5	5	1.0	20	33	0.6061	632233.0
Event_281	3883682	3883711	Rv3466	Rv1587c,Rv1588c-H37Rv-1788513-1789825	Rv1587c,Rv1588c	1788513	1789825	0	5	0.0	0	33	0.0	2094527.5
Event_282	3883682	3883711	Rv3466	Rv0094c,Rv0095c-H37Rv-103705-105090	Rv0094c,Rv0095c	103705	105090	5	5	1.0	20	33	0.6061	632233.0
Event_282	3883682	3883711	Rv3466	Rv1587c,Rv1588c-H37Rv-1788513-1789825	Rv1587c,Rv1588c	1788513	1789825	0	5	0.0	0	33	0.0	2094527.5
Event_283	3883682	3883797	Rv3466	Rv0094c,Rv0095c-H37Rv-103705-105090	Rv0094c,Rv0095c	103705	105090	4	5	0.8	5	30	0.1667	632190.0
Event_283	3883682	3883797	Rv3466	Rv1587c,Rv1588c-H37Rv-1788513-1789825	Rv1587c,Rv1588c	1788513	1789825	0	5	0.0	0	30	0.0	2094570.5
Event_284	3883682	3883915	Rv3466	Rv0094c,Rv0095c-H37Rv-103705-105090	Rv0094c,Rv0095c	103705	105090	6	7	0.8571	20	55	0.3636	632131.0
Event_284	3883682	3883915	Rv3466	Rv1587c,Rv1588c-H37Rv-1788513-1789825	Rv1587c,Rv1588c	1788513	1789825	0	7	0.0	0	55	0.0	2094629.5
Event_285	3883682	3883915	Rv3466	Rv0094c,Rv0095c-H37Rv-103705-105090	Rv0094c,Rv0095c	103705	105090	7	9	0.7778	20	67	0.2985	632131.0
Event_285	3883682	3883915	Rv3466	Rv1587c,Rv1588c-H37Rv-1788513-1789825	Rv1587c,Rv1588c	1788513	1789825	0	9	0.0	0	67	0.0	2094629.5
Event_286	3883682	3884871	Rv3466,Rv3467	Rv0094c,Rv0095c-H37Rv-103705-105090	Rv0094c,Rv0095c	103705	105090	7	13	0.5385	20	103	0.1942	631653.0
Event_286	3883682	3884871	Rv3466,Rv3467	Rv1587c,Rv1588c-H37Rv-1788513-1789825	Rv1587c,Rv1588c	1788513	1789825	0	13	0.0	0	103	0.0	2095107.5
Event_287	3883767	3883860	Rv3466	Rv0094c,Rv0095c-H37Rv-103705-105090	Rv0094c,Rv0095c	103705	105090	18	19	0.9474	80	95	0.8421	632116.0
Event_287	3883767	3883860	Rv3466	Rv1587c,Rv1588c-H37Rv-1788513-1789825	Rv1587c,Rv1588c	1788513	1789825	0	19	0.0	0	95	0.0	2094644.5
Event_288	3883792	3883860	Rv3466	Rv0094c,Rv0095c-H37Rv-103705-105090	Rv0094c,Rv0095c	103705	105090	14	15	0.9333	45	76	0.5921	632103.5
Event_288	3883792	3883860	Rv3466	Rv1587c,Rv1588c-H37Rv-1788513-1789825	Rv1587c,Rv1588c	1788513	1789825	0	15	0.0	0	76	0.0	2094657.0
Event_289	3884730	3884851	Rv3467	Rv0094c,Rv0095c-H37Rv-103705-105090	Rv0094c,Rv0095c	103705	105090	0	6	0.0	0	39	0.0	631139.0
Event_289	3884730	3884851	Rv3467	Rv1587c,Rv1588c-H37Rv-1788513-1789825	Rv1587c,Rv1588c	1788513	1789825	0	6	0.0	0	39	0.0	2095621.5
Event_290	3894587	3895342	PPE60	PE13,PPE18-H37Rv-1338923-1340433	PE13,PPE18	1338923	1340433	21	27	0.7778	143	161	0.8882	1856245.5
Event_290	3894587	3895342	PPE60	PPE19-H37Rv-1532461-1533653	PPE19	1532461	1533653	16	27	0.5926	83	161	0.5155	2049624.5
Event_291	3895054	3895116	PPE60	PPE19-H37Rv-1532461-1533653	PPE19	1532461	1533653	20	20	1.0	50	71	0.7042	2049504.0
Event_291	3895054	3895116	PPE60	PE13,PPE18-H37Rv-1338923-1340433	PE13,PPE18	1338923	1340433	4	20	0.2	4	71	0.0563	1856125.0
Event_292	3895054	3895116	PPE60	PPE19-H37Rv-1532461-1533653	PPE19	1532461	1533653	20	20	1.0	50	71	0.7042	2049504.0
Event_292	3895054	3895116	PPE60	PE13,PPE18-H37Rv-1338923-1340433	PE13,PPE18	1338923	1340433	4	20	0.2	4	71	0.0563	1856125.0
Event_293	3895054	3895185	PPE60	PPE19-H37Rv-1532461-1533653	PPE19	1532461	1533653	27	33	0.8182	95	116	0.819	2049469.5
Event_293	3895054	3895185	PPE60	PE13,PPE18-H37Rv-1338923-1340433	PE13,PPE18	1338923	1340433	12	33	0.3636	15	116	0.1293	1856090.5
Event_294	3895066	3895082	PPE60	PE13,PPE18-H37Rv-1338923-1340433	PE13,PPE18	1338923	1340433	7	7	1.0	26	26	1.0	1856136.0
Event_294	3895066	3895082	PPE60	PPE19-H37Rv-1532461-1533653	PPE19	1532461	1533653	3	7	0.4286	4	26	0.1538	2049515.0
Event_295	3895066	3895257	PPE60	PE13,PPE18-H37Rv-1338923-1340433	PE13,PPE18	1338923	1340433	22	25	0.88	110	115	0.9565	1856048.5
Event_295	3895066	3895257	PPE60	PPE19-H37Rv-1532461-1533653	PPE19	1532461	1533653	10	25	0.4	18	115	0.1565	2049427.5
Event_296	3895145	3895159	PPE60	PE13,PPE18-H37Rv-1338923-1340433	PE13,PPE18	1338923	1340433	3	7	0.4286	0	24	0.0	1856058.0
Event_296	3895145	3895159	PPE60	PPE19-H37Rv-1532461-1533653	PPE19	1532461	1533653	1	7	0.1429	24	24	1.0	2049437.0
Event_297	3895246	3895282	PPE60	PE13,PPE18-H37Rv-1338923-1340433	PE13,PPE18	1338923	1340433	4	5	0.8	28	44	0.6364	1855946.0
Event_297	3895246	3895282	PPE60	PPE19-H37Rv-1532461-1533653	PPE19	1532461	1533653	3	5	0.6	25	44	0.5682	2049325.0
Event_299	3932005	3932048	PE_PGRS54	PE_PGRS57-H37Rv-3945777-3950073	PE_PGRS57	3945777	3950073	0	6	0.0	3	33	0.0909	15898.5
Event_300	3932494	3932601	PE_PGRS54	PE_PGRS57-H37Rv-3945777-3950073	PE_PGRS57	3945777	3950073	7	15	0.4667	9	40	0.225	15377.5
Event_300	3932494	3932601	PE_PGRS54	PE_PGRS54-H37Rv-3934919-3936438	PE_PGRS54	3934919	3936438	1	15	0.0667	1	40	0.025	3131.0
Event_301	3932779	3932814	PE_PGRS54	PE_PGRS54-H37Rv-3934919-3936438	PE_PGRS54	3934919	3936438	4	7	0.5714	0	15	0.0	2882.0
Event_301	3932779	3932814	PE_PGRS54	PE_PGRS57-H37Rv-3945777-3950073	PE_PGRS57	3945777	3950073	1	7	0.1429	6	15	0.4	15128.5
Event_302	3932795	3932876	PE_PGRS54	PE_PGRS54-H37Rv-3934919-3936438	PE_PGRS54	3934919	3936438	3	4	0.75	0	13	0.0	2843.0
Event_302	3932795	3932876	PE_PGRS54	PE_PGRS57-H37Rv-3945777-3950073	PE_PGRS57	3945777	3950073	0	4	0.0	13	13	1.0	15089.5
Event_303	3932896	3932972	PE_PGRS54	PE_PGRS57-H37Rv-3945777-3950073	PE_PGRS57	3945777	3950073	2	7	0.2857	12	19	0.6316	14991.0
Event_303	3932896	3932972	PE_PGRS54	PE_PGRS54-H37Rv-3934919-3936438	PE_PGRS54	3934919	3936438	1	7	0.1429	2	19	0.1053	2744.5
Event_304	3932918	3932929	PE_PGRS54	PE_PGRS57-H37Rv-3945777-3950073	PE_PGRS57	3945777	3950073	1	4	0.25	7	7	1.0	15001.5
Event_304	3932918	3932929	PE_PGRS54	PE_PGRS54-H37Rv-3934919-3936438	PE_PGRS54	3934919	3936438	1	4	0.25	1	7	0.1429	2755.0
Event_305	3934000	3934025	PE_PGRS54	PE_PGRS57-H37Rv-3945777-3950073	PE_PGRS57	3945777	3950073	1	4	0.25	0	22	0.0	13912.5
Event_305	3934000	3934025	PE_PGRS54	PE_PGRS54-H37Rv-3935096-3936438	PE_PGRS54	3935096	3936438	0	4	0.0	0	22	0.0	1754.5
Event_306	3934000	3934091	PE_PGRS54	PE_PGRS54-H37Rv-3935096-3936438	PE_PGRS54	3935096	3936438	0	8	0.0	10	26	0.3846	1721.5
Event_306	3934000	3934091	PE_PGRS54	PE_PGRS57-H37Rv-3945777-3950073	PE_PGRS57	3945777	3950073	0	8	0.0	6	26	0.2308	13879.5
Event_307	3934000	3934091	PE_PGRS54	PE_PGRS54-H37Rv-3935096-3936438	PE_PGRS54	3935096	3936438	0	8	0.0	10	26	0.3846	1721.5
Event_307	3934000	3934091	PE_PGRS54	PE_PGRS57-H37Rv-3945777-3950073	PE_PGRS57	3945777	3950073	0	8	0.0	6	26	0.2308	13879.5
Event_308	3934000	3934096	PE_PGRS54	PE_PGRS54-H37Rv-3935096-3936438	PE_PGRS54	3935096	3936438	1	10	0.1	10	26	0.3846	1719.0
Event_308	3934000	3934096	PE_PGRS54	PE_PGRS57-H37Rv-3945777-3950073	PE_PGRS57	3945777	3950073	1	10	0.1	6	26	0.2308	13877.0
Event_309	3934811	3934822	PE_PGRS54	PE_PGRS57-H37Rv-3945777-3950073	PE_PGRS57	3945777	3950073	3	5	0.6	0	1	0.0	13108.5
Event_310	3935305	3935379	PE_PGRS54	PE_PGRS54-H37Rv-3932420-3933969	PE_PGRS54	3932420	3933969	4	4	1.0	5	9	0.5556	2147.5
Event_310	3935305	3935379	PE_PGRS54	PE_PGRS54-H37Rv-3933272-3934572	PE_PGRS54	3933272	3934572	4	4	1.0	5	9	0.5556	1420.0
Event_311	3935334	3935459	PE_PGRS54	PE_PGRS54-H37Rv-3932420-3933969	PE_PGRS54	3932420	3933969	1	4	0.25	1	9	0.1111	2202.0
Event_311	3935334	3935459	PE_PGRS54	PE_PGRS54-H37Rv-3933272-3934572	PE_PGRS54	3933272	3934572	1	4	0.25	0	9	0.0	1474.5
Event_312	3935334	3935494	PE_PGRS54	PE_PGRS54-H37Rv-3932420-3933969	PE_PGRS54	3932420	3933969	2	5	0.4	0	0	0.0	2219.5
Event_312	3935334	3935494	PE_PGRS54	PE_PGRS54-H37Rv-3933272-3934572	PE_PGRS54	3933272	3934572	2	5	0.4	0	0	0.0	1492.0
Event_313	3935446	3935494	PE_PGRS54	PE_PGRS54-H37Rv-3932420-3933969	PE_PGRS54	3932420	3933969	1	6	0.1667	0	6	0.0	2275.5
Event_313	3935446	3935494	PE_PGRS54	PE_PGRS54-H37Rv-3933272-3934572	PE_PGRS54	3933272	3934572	1	6	0.1667	0	6	0.0	1548.0
Event_314	3935447	3935494	PE_PGRS54	PE_PGRS54-H37Rv-3932420-3933969	PE_PGRS54	3932420	3933969	1	4	0.25	0	0	0.0	2276.0
Event_314	3935447	3935494	PE_PGRS54	PE_PGRS54-H37Rv-3933272-3934572	PE_PGRS54	3933272	3934572	1	4	0.25	0	0	0.0	1548.5
Event_315	3941496	3941516	PE_PGRS55	PE_PGRS57,fadD19-H37Rv-3946927-3951329	PE_PGRS57,fadD19	3946927	3951329	2	4	0.5	3	11	0.2727	7622.0
Event_316	3941496	3941516	PE_PGRS55	PE_PGRS57,fadD19-H37Rv-3946927-3951329	PE_PGRS57,fadD19	3946927	3951329	2	4	0.5	3	11	0.2727	7622.0
Event_317	3943144	3943175	PE_PGRS56	PE_PGRS57,fadD19-H37Rv-3946927-3951329	PE_PGRS57,fadD19	3946927	3951329	2	10	0.2	1	23	0.0435	5968.5
Event_318	3947412	3947425	PE_PGRS57	PE_PGRS54-H37Rv-3930988-3935266	PE_PGRS54	3930988	3935266	5	5	1.0	0	0	0.0	14291.5
Event_318	3947412	3947425	PE_PGRS57	PE_PGRS55,PE_PGRS56,fadD18-H37Rv-3941407-3945597	PE_PGRS55,PE_PGRS56,fadD18	3941407	3945597	0	5	0.0	0	0	0.0	3916.5
Event_319	3947412	3947425	PE_PGRS57	PE_PGRS54-H37Rv-3930988-3935266	PE_PGRS54	3930988	3935266	5	5	1.0	13	22	0.5909	14291.5
Event_319	3947412	3947425	PE_PGRS57	PE_PGRS55,PE_PGRS56,fadD18-H37Rv-3941407-3945597	PE_PGRS55,PE_PGRS56,fadD18	3941407	3945597	0	5	0.0	3	22	0.1364	3916.5
Event_320	3947412	3947425	PE_PGRS57	PE_PGRS54-H37Rv-3930988-3935266	PE_PGRS54	3930988	3935266	6	6	1.0	22	22	1.0	14291.5
Event_320	3947412	3947425	PE_PGRS57	PE_PGRS55,PE_PGRS56,fadD18-H37Rv-3941407-3945597	PE_PGRS55,PE_PGRS56,fadD18	3941407	3945597	0	6	0.0	3	22	0.1364	3916.5
Event_322	4060099	4060230	esxV	esxK,esxL-H37Rv-1340658-1341288	esxK,esxL	1340658	1341288	2	4	0.5	20	41	0.4878	1692340.5
Event_322	4060099	4060230	esxV	esxO,esxP-H37Rv-2625889-2626510	esxO,esxP	2625889	2626510	2	4	0.5	15	41	0.3659	1433965.0
Event_322	4060099	4060230	esxV	esxM,esxN-H37Rv-2030346-2030978	esxM,esxN	2030346	2030978	2	4	0.5	4	41	0.0976	2029502.5
Event_322	4060099	4060230	esxV	esxI,esxJ-H37Rv-1160543-1161151	esxI,esxJ	1160543	1161151	0	4	0.0	41	41	1.0	1512214.5
Event_323	4221543	4221619	Rv3776	Rv2100-H37Rv-2358502-2360031	Rv2100	2358502	2360031	7	7	1.0	60	65	0.9231	1862314.5
Event_324	4253575	4253583	Rv3798	Rv1313c-H37Rv-1468141-1469654	Rv1313c	1468141	1469654	0	4	0.0	16	16	1.0	1626850.5
