Symbol	Codon	Cov_PosEpitopes	Cov_AssayedPeptides	NS_MutEvent_Freq	RvCoord_Start_0idx	RvCoord_Start_1idx	AssayedPos_EpitopeMapping	OvrlapWiEpitope	OvrlapWiEpitope_int
PPE18	1	1.0	1.0	0.0	1339348	1339349	True	True	1
PPE18	2	1.0	1.0	0.0	1339351	1339352	True	True	1
PPE18	3	1.0	1.0	0.0	1339354	1339355	True	True	1
PPE18	4	1.0	1.0	0.0	1339357	1339358	True	True	1
PPE18	5	1.0	1.0	0.0	1339360	1339361	True	True	1
PPE18	6	2.0	2.0	0.0	1339363	1339364	True	True	1
PPE18	7	2.0	2.0	0.0	1339366	1339367	True	True	1
PPE18	8	2.0	2.0	0.0	1339369	1339370	True	True	1
PPE18	9	2.0	2.0	0.0	1339372	1339373	True	True	1
PPE18	10	2.0	2.0	0.0	1339375	1339376	True	True	1
PPE18	11	3.0	3.0	0.0	1339378	1339379	True	True	1
PPE18	12	3.0	3.0	0.0	1339381	1339382	True	True	1
PPE18	13	3.0	3.0	0.0	1339384	1339385	True	True	1
PPE18	14	3.0	3.0	0.0	1339387	1339388	True	True	1
PPE18	15	3.0	3.0	0.0	1339390	1339391	True	True	1
PPE18	16	2.0	3.0	0.0	1339393	1339394	True	True	1
PPE18	17	2.0	3.0	0.0	1339396	1339397	True	True	1
PPE18	18	2.0	3.0	0.0	1339399	1339400	True	True	1
PPE18	19	2.0	3.0	0.0	1339402	1339403	True	True	1
PPE18	20	2.0	3.0	0.0	1339405	1339406	True	True	1
PPE18	21	2.0	3.0	0.0	1339408	1339409	True	True	1
PPE18	22	2.0	3.0	0.0	1339411	1339412	True	True	1
PPE18	23	2.0	3.0	0.0	1339414	1339415	True	True	1
PPE18	24	2.0	3.0	0.0	1339417	1339418	True	True	1
PPE18	25	2.0	3.0	0.0	1339420	1339421	True	True	1
PPE18	26	2.0	3.0	0.0	1339423	1339424	True	True	1
PPE18	27	2.0	3.0	0.0	1339426	1339427	True	True	1
PPE18	28	2.0	3.0	0.0	1339429	1339430	True	True	1
PPE18	29	2.0	3.0	0.0	1339432	1339433	True	True	1
PPE18	30	2.0	3.0	4.0	1339435	1339436	True	True	1
PPE18	31	2.0	3.0	0.0	1339438	1339439	True	True	1
PPE18	32	2.0	3.0	1.0	1339441	1339442	True	True	1
PPE18	33	2.0	3.0	0.0	1339444	1339445	True	True	1
PPE18	34	2.0	3.0	0.0	1339447	1339448	True	True	1
PPE18	35	2.0	3.0	0.0	1339450	1339451	True	True	1
PPE18	36	1.0	3.0	0.0	1339453	1339454	True	True	1
PPE18	37	1.0	3.0	0.0	1339456	1339457	True	True	1
PPE18	38	1.0	3.0	0.0	1339459	1339460	True	True	1
PPE18	39	1.0	3.0	0.0	1339462	1339463	True	True	1
PPE18	40	1.0	3.0	0.0	1339465	1339466	True	True	1
PPE18	41	0.0	3.0	0.0	1339468	1339469	True	False	0
PPE18	42	0.0	3.0	0.0	1339471	1339472	True	False	0
PPE18	43	0.0	3.0	0.0	1339474	1339475	True	False	0
PPE18	44	0.0	3.0	0.0	1339477	1339478	True	False	0
PPE18	45	0.0	3.0	0.0	1339480	1339481	True	False	0
PPE18	46	0.0	3.0	0.0	1339483	1339484	True	False	0
PPE18	47	0.0	3.0	0.0	1339486	1339487	True	False	0
PPE18	48	0.0	3.0	0.0	1339489	1339490	True	False	0
PPE18	49	0.0	3.0	0.0	1339492	1339493	True	False	0
PPE18	50	0.0	3.0	0.0	1339495	1339496	True	False	0
PPE18	51	0.0	3.0	0.0	1339498	1339499	True	False	0
PPE18	52	0.0	3.0	0.0	1339501	1339502	True	False	0
PPE18	53	0.0	3.0	0.0	1339504	1339505	True	False	0
PPE18	54	0.0	3.0	0.0	1339507	1339508	True	False	0
PPE18	55	0.0	3.0	2.0	1339510	1339511	True	False	0
PPE18	56	0.0	3.0	0.0	1339513	1339514	True	False	0
PPE18	57	0.0	3.0	0.0	1339516	1339517	True	False	0
PPE18	58	0.0	3.0	0.0	1339519	1339520	True	False	0
PPE18	59	0.0	3.0	0.0	1339522	1339523	True	False	0
PPE18	60	0.0	3.0	0.0	1339525	1339526	True	False	0
PPE18	61	1.0	3.0	0.0	1339528	1339529	True	True	1
PPE18	62	1.0	3.0	0.0	1339531	1339532	True	True	1
PPE18	63	1.0	3.0	0.0	1339534	1339535	True	True	1
PPE18	64	1.0	3.0	0.0	1339537	1339538	True	True	1
PPE18	65	1.0	3.0	0.0	1339540	1339541	True	True	1
PPE18	66	2.0	3.0	0.0	1339543	1339544	True	True	1
PPE18	67	2.0	3.0	1.0	1339546	1339547	True	True	1
PPE18	68	2.0	3.0	0.0	1339549	1339550	True	True	1
PPE18	69	2.0	3.0	0.0	1339552	1339553	True	True	1
PPE18	70	2.0	3.0	0.0	1339555	1339556	True	True	1
PPE18	71	3.0	3.0	0.0	1339558	1339559	True	True	1
PPE18	72	3.0	3.0	0.0	1339561	1339562	True	True	1
PPE18	73	3.0	3.0	0.0	1339564	1339565	True	True	1
PPE18	74	3.0	3.0	0.0	1339567	1339568	True	True	1
PPE18	75	3.0	3.0	0.0	1339570	1339571	True	True	1
PPE18	76	3.0	3.0	0.0	1339573	1339574	True	True	1
PPE18	77	3.0	3.0	0.0	1339576	1339577	True	True	1
PPE18	78	3.0	3.0	0.0	1339579	1339580	True	True	1
PPE18	79	3.0	3.0	0.0	1339582	1339583	True	True	1
PPE18	80	3.0	3.0	0.0	1339585	1339586	True	True	1
PPE18	81	2.0	3.0	0.0	1339588	1339589	True	True	1
PPE18	82	2.0	3.0	0.0	1339591	1339592	True	True	1
PPE18	83	2.0	3.0	0.0	1339594	1339595	True	True	1
PPE18	84	2.0	3.0	0.0	1339597	1339598	True	True	1
PPE18	85	2.0	3.0	1.0	1339600	1339601	True	True	1
PPE18	86	1.0	3.0	0.0	1339603	1339604	True	True	1
PPE18	87	1.0	3.0	0.0	1339606	1339607	True	True	1
PPE18	88	1.0	3.0	0.0	1339609	1339610	True	True	1
PPE18	89	1.0	3.0	0.0	1339612	1339613	True	True	1
PPE18	90	1.0	3.0	0.0	1339615	1339616	True	True	1
PPE18	91	0.0	3.0	0.0	1339618	1339619	True	False	0
PPE18	92	0.0	3.0	0.0	1339621	1339622	True	False	0
PPE18	93	0.0	3.0	0.0	1339624	1339625	True	False	0
PPE18	94	0.0	4.0	0.0	1339627	1339628	True	False	0
PPE18	95	0.0	4.0	0.0	1339630	1339631	True	False	0
PPE18	96	1.0	4.0	0.0	1339633	1339634	True	True	1
PPE18	97	1.0	4.0	0.0	1339636	1339637	True	True	1
PPE18	98	1.0	4.0	0.0	1339639	1339640	True	True	1
PPE18	99	1.0	4.0	0.0	1339642	1339643	True	True	1
PPE18	100	1.0	4.0	0.0	1339645	1339646	True	True	1
PPE18	101	1.0	4.0	0.0	1339648	1339649	True	True	1
PPE18	102	1.0	4.0	0.0	1339651	1339652	True	True	1
PPE18	103	1.0	4.0	2.0	1339654	1339655	True	True	1
PPE18	104	1.0	4.0	0.0	1339657	1339658	True	True	1
PPE18	105	1.0	4.0	1.0	1339660	1339661	True	True	1
PPE18	106	2.0	4.0	0.0	1339663	1339664	True	True	1
PPE18	107	2.0	4.0	0.0	1339666	1339667	True	True	1
PPE18	108	2.0	4.0	0.0	1339669	1339670	True	True	1
PPE18	109	2.0	3.0	0.0	1339672	1339673	True	True	1
PPE18	110	2.0	3.0	0.0	1339675	1339676	True	True	1
PPE18	111	2.0	3.0	0.0	1339678	1339679	True	True	1
PPE18	112	2.0	3.0	0.0	1339681	1339682	True	True	1
PPE18	113	2.0	3.0	0.0	1339684	1339685	True	True	1
PPE18	114	2.0	3.0	0.0	1339687	1339688	True	True	1
PPE18	115	2.0	3.0	0.0	1339690	1339691	True	True	1
PPE18	116	3.0	3.0	2.0	1339693	1339694	True	True	1
PPE18	117	3.0	3.0	0.0	1339696	1339697	True	True	1
PPE18	118	3.0	3.0	0.0	1339699	1339700	True	True	1
PPE18	119	3.0	3.0	0.0	1339702	1339703	True	True	1
PPE18	120	3.0	3.0	2.0	1339705	1339706	True	True	1
PPE18	121	3.0	3.0	0.0	1339708	1339709	True	True	1
PPE18	122	3.0	3.0	2.0	1339711	1339712	True	True	1
PPE18	123	3.0	3.0	0.0	1339714	1339715	True	True	1
PPE18	124	3.0	3.0	0.0	1339717	1339718	True	True	1
PPE18	125	3.0	3.0	0.0	1339720	1339721	True	True	1
PPE18	126	3.0	3.0	0.0	1339723	1339724	True	True	1
PPE18	127	3.0	3.0	0.0	1339726	1339727	True	True	1
PPE18	128	3.0	3.0	0.0	1339729	1339730	True	True	1
PPE18	129	3.0	3.0	0.0	1339732	1339733	True	True	1
PPE18	130	3.0	3.0	0.0	1339735	1339736	True	True	1
PPE18	131	3.0	3.0	0.0	1339738	1339739	True	True	1
PPE18	132	3.0	3.0	0.0	1339741	1339742	True	True	1
PPE18	133	3.0	3.0	0.0	1339744	1339745	True	True	1
PPE18	134	3.0	3.0	0.0	1339747	1339748	True	True	1
PPE18	135	3.0	3.0	1.0	1339750	1339751	True	True	1
PPE18	136	2.0	3.0	1.0	1339753	1339754	True	True	1
PPE18	137	2.0	3.0	0.0	1339756	1339757	True	True	1
PPE18	138	2.0	3.0	1.0	1339759	1339760	True	True	1
PPE18	139	2.0	3.0	0.0	1339762	1339763	True	True	1
PPE18	140	2.0	3.0	1.0	1339765	1339766	True	True	1
PPE18	141	2.0	3.0	0.0	1339768	1339769	True	True	1
PPE18	142	2.0	3.0	1.0	1339771	1339772	True	True	1
PPE18	143	2.0	3.0	1.0	1339774	1339775	True	True	1
PPE18	144	2.0	3.0	0.0	1339777	1339778	True	True	1
PPE18	145	2.0	3.0	0.0	1339780	1339781	True	True	1
PPE18	146	1.0	3.0	1.0	1339783	1339784	True	True	1
PPE18	147	1.0	3.0	0.0	1339786	1339787	True	True	1
PPE18	148	1.0	3.0	0.0	1339789	1339790	True	True	1
PPE18	149	1.0	3.0	0.0	1339792	1339793	True	True	1
PPE18	150	1.0	3.0	2.0	1339795	1339796	True	True	1
PPE18	151	1.0	3.0	0.0	1339798	1339799	True	True	1
PPE18	152	1.0	3.0	0.0	1339801	1339802	True	True	1
PPE18	153	1.0	3.0	1.0	1339804	1339805	True	True	1
PPE18	154	1.0	3.0	0.0	1339807	1339808	True	True	1
PPE18	155	1.0	3.0	0.0	1339810	1339811	True	True	1
PPE18	156	0.0	3.0	0.0	1339813	1339814	True	False	0
PPE18	157	0.0	3.0	0.0	1339816	1339817	True	False	0
PPE18	158	0.0	3.0	0.0	1339819	1339820	True	False	0
PPE18	159	0.0	3.0	0.0	1339822	1339823	True	False	0
PPE18	160	0.0	3.0	0.0	1339825	1339826	True	False	0
PPE18	161	1.0	3.0	0.0	1339828	1339829	True	True	1
PPE18	162	1.0	3.0	0.0	1339831	1339832	True	True	1
PPE18	163	1.0	3.0	0.0	1339834	1339835	True	True	1
PPE18	164	1.0	3.0	0.0	1339837	1339838	True	True	1
PPE18	165	1.0	3.0	0.0	1339840	1339841	True	True	1
PPE18	166	2.0	3.0	0.0	1339843	1339844	True	True	1
PPE18	167	2.0	3.0	0.0	1339846	1339847	True	True	1
PPE18	168	2.0	3.0	0.0	1339849	1339850	True	True	1
PPE18	169	2.0	3.0	0.0	1339852	1339853	True	True	1
PPE18	170	2.0	3.0	0.0	1339855	1339856	True	True	1
PPE18	171	2.0	3.0	1.0	1339858	1339859	True	True	1
PPE18	172	2.0	3.0	0.0	1339861	1339862	True	True	1
PPE18	173	2.0	3.0	0.0	1339864	1339865	True	True	1
PPE18	174	2.0	3.0	2.0	1339867	1339868	True	True	1
PPE18	175	2.0	3.0	1.0	1339870	1339871	True	True	1
PPE18	176	1.0	3.0	0.0	1339873	1339874	True	True	1
PPE18	177	1.0	3.0	1.0	1339876	1339877	True	True	1
PPE18	178	1.0	4.0	2.0	1339879	1339880	True	True	1
PPE18	179	1.0	4.0	0.0	1339882	1339883	True	True	1
PPE18	180	1.0	4.0	0.0	1339885	1339886	True	True	1
PPE18	181	1.0	4.0	0.0	1339888	1339889	True	True	1
PPE18	182	1.0	4.0	0.0	1339891	1339892	True	True	1
PPE18	183	1.0	4.0	0.0	1339894	1339895	True	True	1
PPE18	184	1.0	4.0	0.0	1339897	1339898	True	True	1
PPE18	185	1.0	4.0	0.0	1339900	1339901	True	True	1
PPE18	186	2.0	4.0	3.0	1339903	1339904	True	True	1
PPE18	187	2.0	4.0	0.0	1339906	1339907	True	True	1
PPE18	188	2.0	4.0	0.0	1339909	1339910	True	True	1
PPE18	189	2.0	4.0	0.0	1339912	1339913	True	True	1
PPE18	190	2.0	4.0	0.0	1339915	1339916	True	True	1
PPE18	191	2.0	4.0	0.0	1339918	1339919	True	True	1
PPE18	192	2.0	4.0	0.0	1339921	1339922	True	True	1
PPE18	193	2.0	3.0	0.0	1339924	1339925	True	True	1
PPE18	194	2.0	3.0	0.0	1339927	1339928	True	True	1
PPE18	195	2.0	4.0	0.0	1339930	1339931	True	True	1
PPE18	196	2.0	4.0	0.0	1339933	1339934	True	True	1
PPE18	197	2.0	4.0	0.0	1339936	1339937	True	True	1
PPE18	198	2.0	4.0	0.0	1339939	1339940	True	True	1
PPE18	199	2.0	4.0	0.0	1339942	1339943	True	True	1
PPE18	200	2.0	4.0	0.0	1339945	1339946	True	True	1
PPE18	201	1.0	4.0	0.0	1339948	1339949	True	True	1
PPE18	202	1.0	4.0	0.0	1339951	1339952	True	True	1
PPE18	203	1.0	4.0	0.0	1339954	1339955	True	True	1
PPE18	204	1.0	4.0	0.0	1339957	1339958	True	True	1
PPE18	205	1.0	4.0	0.0	1339960	1339961	True	True	1
PPE18	206	1.0	4.0	0.0	1339963	1339964	True	True	1
PPE18	207	1.0	4.0	0.0	1339966	1339967	True	True	1
PPE18	208	1.0	4.0	0.0	1339969	1339970	True	True	1
PPE18	209	1.0	4.0	0.0	1339972	1339973	True	True	1
PPE18	210	1.0	3.0	0.0	1339975	1339976	True	True	1
PPE18	211	1.0	3.0	0.0	1339978	1339979	True	True	1
PPE18	212	1.0	3.0	0.0	1339981	1339982	True	True	1
PPE18	213	1.0	3.0	0.0	1339984	1339985	True	True	1
PPE18	214	1.0	3.0	0.0	1339987	1339988	True	True	1
PPE18	215	1.0	3.0	1.0	1339990	1339991	True	True	1
PPE18	216	1.0	3.0	0.0	1339993	1339994	True	True	1
PPE18	217	1.0	3.0	0.0	1339996	1339997	True	True	1
PPE18	218	1.0	3.0	2.0	1339999	1340000	True	True	1
PPE18	219	1.0	3.0	3.0	1340002	1340003	True	True	1
PPE18	220	1.0	3.0	0.0	1340005	1340006	True	True	1
PPE18	221	1.0	3.0	0.0	1340008	1340009	True	True	1
PPE18	222	1.0	3.0	0.0	1340011	1340012	True	True	1
PPE18	223	1.0	3.0	0.0	1340014	1340015	True	True	1
PPE18	224	1.0	4.0	0.0	1340017	1340018	True	True	1
PPE18	225	1.0	4.0	0.0	1340020	1340021	True	True	1
PPE18	226	0.0	4.0	0.0	1340023	1340024	True	False	0
PPE18	227	0.0	4.0	0.0	1340026	1340027	True	False	0
PPE18	228	0.0	4.0	0.0	1340029	1340030	True	False	0
PPE18	229	0.0	4.0	1.0	1340032	1340033	True	False	0
PPE18	230	0.0	4.0	1.0	1340035	1340036	True	False	0
PPE18	231	0.0	4.0	0.0	1340038	1340039	True	False	0
PPE18	232	0.0	4.0	0.0	1340041	1340042	True	False	0
PPE18	233	0.0	4.0	0.0	1340044	1340045	True	False	0
PPE18	234	0.0	4.0	1.0	1340047	1340048	True	False	0
PPE18	235	1.0	5.0	0.0	1340050	1340051	True	True	1
PPE18	236	1.0	5.0	0.0	1340053	1340054	True	True	1
PPE18	237	1.0	5.0	0.0	1340056	1340057	True	True	1
PPE18	238	1.0	5.0	0.0	1340059	1340060	True	True	1
PPE18	239	1.0	4.0	0.0	1340062	1340063	True	True	1
PPE18	240	1.0	4.0	0.0	1340065	1340066	True	True	1
PPE18	241	1.0	4.0	0.0	1340068	1340069	True	True	1
PPE18	242	1.0	4.0	0.0	1340071	1340072	True	True	1
PPE18	243	1.0	4.0	0.0	1340074	1340075	True	True	1
PPE18	244	1.0	4.0	0.0	1340077	1340078	True	True	1
PPE18	245	1.0	4.0	0.0	1340080	1340081	True	True	1
PPE18	246	1.0	4.0	0.0	1340083	1340084	True	True	1
PPE18	247	1.0	4.0	0.0	1340086	1340087	True	True	1
PPE18	248	1.0	4.0	0.0	1340089	1340090	True	True	1
PPE18	249	1.0	4.0	2.0	1340092	1340093	True	True	1
PPE18	250	0.0	3.0	0.0	1340095	1340096	True	False	0
PPE18	251	0.0	3.0	0.0	1340098	1340099	True	False	0
PPE18	252	0.0	3.0	0.0	1340101	1340102	True	False	0
PPE18	253	0.0	3.0	0.0	1340104	1340105	True	False	0
PPE18	254	0.0	3.0	0.0	1340107	1340108	True	False	0
PPE18	255	0.0	3.0	0.0	1340110	1340111	True	False	0
PPE18	256	0.0	3.0	0.0	1340113	1340114	True	False	0
PPE18	257	0.0	3.0	0.0	1340116	1340117	True	False	0
PPE18	258	0.0	3.0	0.0	1340119	1340120	True	False	0
PPE18	259	0.0	3.0	1.0	1340122	1340123	True	False	0
PPE18	260	0.0	3.0	2.0	1340125	1340126	True	False	0
PPE18	261	0.0	3.0	0.0	1340128	1340129	True	False	0
PPE18	262	0.0	3.0	0.0	1340131	1340132	True	False	0
PPE18	263	0.0	3.0	2.0	1340134	1340135	True	False	0
PPE18	264	0.0	3.0	0.0	1340137	1340138	True	False	0
PPE18	265	0.0	3.0	0.0	1340140	1340141	True	False	0
PPE18	266	0.0	3.0	0.0	1340143	1340144	True	False	0
PPE18	267	0.0	3.0	0.0	1340146	1340147	True	False	0
PPE18	268	0.0	3.0	0.0	1340149	1340150	True	False	0
PPE18	269	0.0	3.0	0.0	1340152	1340153	True	False	0
PPE18	270	0.0	3.0	0.0	1340155	1340156	True	False	0
PPE18	271	0.0	3.0	0.0	1340158	1340159	True	False	0
PPE18	272	0.0	3.0	0.0	1340161	1340162	True	False	0
PPE18	273	0.0	3.0	0.0	1340164	1340165	True	False	0
PPE18	274	0.0	3.0	0.0	1340167	1340168	True	False	0
PPE18	275	0.0	3.0	0.0	1340170	1340171	True	False	0
PPE18	276	0.0	3.0	0.0	1340173	1340174	True	False	0
PPE18	277	0.0	3.0	0.0	1340176	1340177	True	False	0
PPE18	278	0.0	3.0	0.0	1340179	1340180	True	False	0
PPE18	279	0.0	3.0	1.0	1340182	1340183	True	False	0
PPE18	280	0.0	3.0	0.0	1340185	1340186	True	False	0
PPE18	281	0.0	3.0	0.0	1340188	1340189	True	False	0
PPE18	282	0.0	4.0	0.0	1340191	1340192	True	False	0
PPE18	283	0.0	4.0	0.0	1340194	1340195	True	False	0
PPE18	284	0.0	4.0	0.0	1340197	1340198	True	False	0
PPE18	285	0.0	4.0	0.0	1340200	1340201	True	False	0
PPE18	286	0.0	4.0	0.0	1340203	1340204	True	False	0
PPE18	287	0.0	4.0	3.0	1340206	1340207	True	False	0
PPE18	288	0.0	4.0	0.0	1340209	1340210	True	False	0
PPE18	289	0.0	4.0	0.0	1340212	1340213	True	False	0
PPE18	290	0.0	4.0	0.0	1340215	1340216	True	False	0
PPE18	291	0.0	4.0	0.0	1340218	1340219	True	False	0
PPE18	292	0.0	4.0	0.0	1340221	1340222	True	False	0
PPE18	293	0.0	4.0	0.0	1340224	1340225	True	False	0
PPE18	294	0.0	4.0	0.0	1340227	1340228	True	False	0
PPE18	295	0.0	4.0	0.0	1340230	1340231	True	False	0
PPE18	296	0.0	4.0	0.0	1340233	1340234	True	False	0
PPE18	297	0.0	3.0	0.0	1340236	1340237	True	False	0
PPE18	298	0.0	3.0	0.0	1340239	1340240	True	False	0
PPE18	299	0.0	3.0	0.0	1340242	1340243	True	False	0
PPE18	300	0.0	3.0	0.0	1340245	1340246	True	False	0
PPE18	301	0.0	3.0	0.0	1340248	1340249	True	False	0
PPE18	302	0.0	3.0	0.0	1340251	1340252	True	False	0
PPE18	303	0.0	3.0	0.0	1340254	1340255	True	False	0
PPE18	304	0.0	3.0	0.0	1340257	1340258	True	False	0
PPE18	305	0.0	3.0	0.0	1340260	1340261	True	False	0
PPE18	306	0.0	3.0	0.0	1340263	1340264	True	False	0
PPE18	307	0.0	3.0	0.0	1340266	1340267	True	False	0
PPE18	308	0.0	3.0	0.0	1340269	1340270	True	False	0
PPE18	309	0.0	3.0	1.0	1340272	1340273	True	False	0
PPE18	310	0.0	3.0	0.0	1340275	1340276	True	False	0
PPE18	311	0.0	3.0	0.0	1340278	1340279	True	False	0
PPE18	312	0.0	3.0	0.0	1340281	1340282	True	False	0
PPE18	313	0.0	3.0	0.0	1340284	1340285	True	False	0
PPE18	314	0.0	3.0	0.0	1340287	1340288	True	False	0
PPE18	315	0.0	3.0	0.0	1340290	1340291	True	False	0
PPE18	316	0.0	3.0	0.0	1340293	1340294	True	False	0
PPE18	317	0.0	3.0	0.0	1340296	1340297	True	False	0
PPE18	318	0.0	3.0	0.0	1340299	1340300	True	False	0
PPE18	319	0.0	3.0	0.0	1340302	1340303	True	False	0
PPE18	320	0.0	3.0	0.0	1340305	1340306	True	False	0
PPE18	321	0.0	3.0	0.0	1340308	1340309	True	False	0
PPE18	322	0.0	3.0	0.0	1340311	1340312	True	False	0
PPE18	323	0.0	3.0	0.0	1340314	1340315	True	False	0
PPE18	324	0.0	3.0	0.0	1340317	1340318	True	False	0
PPE18	325	0.0	3.0	0.0	1340320	1340321	True	False	0
PPE18	326	0.0	3.0	0.0	1340323	1340324	True	False	0
PPE18	327	0.0	3.0	0.0	1340326	1340327	True	False	0
PPE18	328	0.0	3.0	0.0	1340329	1340330	True	False	0
PPE18	329	0.0	3.0	0.0	1340332	1340333	True	False	0
PPE18	330	0.0	3.0	0.0	1340335	1340336	True	False	0
PPE18	331	0.0	3.0	0.0	1340338	1340339	True	False	0
PPE18	332	0.0	3.0	0.0	1340341	1340342	True	False	0
PPE18	333	0.0	3.0	0.0	1340344	1340345	True	False	0
PPE18	334	0.0	3.0	0.0	1340347	1340348	True	False	0
PPE18	335	0.0	3.0	0.0	1340350	1340351	True	False	0
PPE18	336	0.0	3.0	0.0	1340353	1340354	True	False	0
PPE18	337	0.0	3.0	0.0	1340356	1340357	True	False	0
PPE18	338	0.0	3.0	0.0	1340359	1340360	True	False	0
PPE18	339	0.0	3.0	0.0	1340362	1340363	True	False	0
PPE18	340	0.0	3.0	0.0	1340365	1340366	True	False	0
PPE18	341	0.0	3.0	0.0	1340368	1340369	True	False	0
PPE18	342	0.0	3.0	0.0	1340371	1340372	True	False	0
PPE18	343	0.0	3.0	0.0	1340374	1340375	True	False	0
PPE18	344	0.0	3.0	0.0	1340377	1340378	True	False	0
PPE18	345	0.0	3.0	0.0	1340380	1340381	True	False	0
PPE18	346	1.0	3.0	0.0	1340383	1340384	True	True	1
PPE18	347	1.0	3.0	0.0	1340386	1340387	True	True	1
PPE18	348	1.0	3.0	0.0	1340389	1340390	True	True	1
PPE18	349	1.0	3.0	0.0	1340392	1340393	True	True	1
PPE18	350	1.0	3.0	0.0	1340395	1340396	True	True	1
PPE18	351	2.0	3.0	0.0	1340398	1340399	True	True	1
PPE18	352	2.0	3.0	0.0	1340401	1340402	True	True	1
PPE18	353	2.0	3.0	0.0	1340404	1340405	True	True	1
PPE18	354	2.0	3.0	0.0	1340407	1340408	True	True	1
PPE18	355	2.0	3.0	0.0	1340410	1340411	True	True	1
PPE18	356	3.0	3.0	0.0	1340413	1340414	True	True	1
PPE18	357	3.0	3.0	0.0	1340416	1340417	True	True	1
PPE18	358	3.0	3.0	0.0	1340419	1340420	True	True	1
PPE18	359	3.0	3.0	0.0	1340422	1340423	True	True	1
PPE18	360	3.0	3.0	0.0	1340425	1340426	True	True	1
PPE18	361	2.0	3.0	0.0	1340428	1340429	True	True	1
PPE18	362	2.0	3.0	0.0	1340431	1340432	True	True	1
PPE18	363	2.0	3.0	0.0	1340434	1340435	True	True	1
PPE18	364	2.0	3.0	0.0	1340437	1340438	True	True	1
PPE18	365	2.0	3.0	0.0	1340440	1340441	True	True	1
PPE18	366	1.0	3.0	0.0	1340443	1340444	True	True	1
PPE18	367	1.0	3.0	0.0	1340446	1340447	True	True	1
PPE18	368	1.0	3.0	0.0	1340449	1340450	True	True	1
PPE18	369	1.0	3.0	0.0	1340452	1340453	True	True	1
PPE18	370	1.0	3.0	0.0	1340455	1340456	True	True	1
PPE18	371	0.0	3.0	0.0	1340458	1340459	True	False	0
PPE18	372	0.0	3.0	0.0	1340461	1340462	True	False	0
PPE18	373	0.0	3.0	0.0	1340464	1340465	True	False	0
PPE18	374	0.0	3.0	0.0	1340467	1340468	True	False	0
PPE18	375	0.0	3.0	0.0	1340470	1340471	True	False	0
PPE18	376	0.0	3.0	0.0	1340473	1340474	True	False	0
PPE18	377	0.0	4.0	0.0	1340476	1340477	True	False	0
PPE18	378	0.0	4.0	0.0	1340479	1340480	True	False	0
PPE18	379	0.0	4.0	0.0	1340482	1340483	True	False	0
PPE18	380	0.0	4.0	0.0	1340485	1340486	True	False	0
PPE18	381	0.0	3.0	0.0	1340488	1340489	True	False	0
PPE18	382	0.0	3.0	0.0	1340491	1340492	True	False	0
PPE18	383	0.0	3.0	0.0	1340494	1340495	True	False	0
PPE18	384	0.0	3.0	2.0	1340497	1340498	True	False	0
PPE18	385	0.0	3.0	0.0	1340500	1340501	True	False	0
PPE18	386	0.0	2.0	0.0	1340503	1340504	True	False	0
PPE18	387	0.0	2.0	0.0	1340506	1340507	True	False	0
PPE18	388	0.0	2.0	0.0	1340509	1340510	True	False	0
PPE18	389	0.0	2.0	0.0	1340512	1340513	True	False	0
PPE18	390	0.0	2.0	0.0	1340515	1340516	True	False	0
PPE18	391	0.0	1.0	0.0	1340518	1340519	True	False	0
PPE18	392	0.0	0.0	0.0	1340521	1340522	False	False	0
