event_id	allele	gains_Not_to_SB	losses_SB_to_Not	positions_different	net_gains_minus_losses	direction
Event_091	HLA-DPA1*01:03/DPB1*02:01	0	0	0	0	no change
Event_091	HLA-DPA1*01:03/DPB1*04:01	0	0	0	0	no change
Event_091	HLA-DPA1*02:01/DPB1*01:01	0	0	0	0	no change
Event_091	HLA-DPA1*02:01/DPB1*05:01	0	0	0	0	no change
Event_091	HLA-DPA1*02:01/DPB1*14:01	0	0	0	0	no change
Event_091	HLA-DPA1*03:01/DPB1*04:02	0	0	0	0	no change
Event_091	HLA-DQA1*01:01/DQB1*05:01	0	0	0	0	no change
Event_091	HLA-DQA1*01:02/DQB1*06:02	0	0	0	0	no change
Event_091	HLA-DQA1*03:01/DQB1*03:02	0	0	0	0	no change
Event_091	HLA-DQA1*04:01/DQB1*04:02	0	0	0	0	no change
Event_091	HLA-DQA1*05:01/DQB1*02:01	0	0	0	0	no change
Event_091	HLA-DQA1*05:01/DQB1*03:01	0	0	0	0	no change
Event_091	HLA-DRB1*01:01	0	0	0	0	no change
Event_091	HLA-DRB1*03:01	0	0	0	0	no change
Event_091	HLA-DRB1*04:01	0	0	0	0	no change
Event_091	HLA-DRB1*04:05	0	0	0	0	no change
Event_091	HLA-DRB1*07:01	0	0	0	0	no change
Event_091	HLA-DRB1*08:02	0	0	0	0	no change
Event_091	HLA-DRB1*09:01	0	0	0	0	no change
Event_091	HLA-DRB1*11:01	0	0	0	0	no change
Event_091	HLA-DRB1*12:01	0	0	0	0	no change
Event_091	HLA-DRB1*13:02	0	0	0	0	no change
Event_091	HLA-DRB1*15:01	0	0	0	0	no change
Event_091	HLA-DRB3*01:01	0	0	0	0	no change
Event_091	HLA-DRB3*02:02	0	0	0	0	no change
Event_091	HLA-DRB4*01:01	0	0	0	0	no change
Event_091	HLA-DRB5*01:01	0	0	0	0	no change
Event_092	HLA-DPA1*01:03/DPB1*02:01	0	0	0	0	no change
Event_092	HLA-DPA1*01:03/DPB1*04:01	0	0	0	0	no change
Event_092	HLA-DPA1*02:01/DPB1*01:01	0	0	0	0	no change
Event_092	HLA-DPA1*02:01/DPB1*05:01	0	0	0	0	no change
Event_092	HLA-DPA1*02:01/DPB1*14:01	0	0	0	0	no change
Event_092	HLA-DPA1*03:01/DPB1*04:02	0	0	0	0	no change
Event_092	HLA-DQA1*01:01/DQB1*05:01	0	0	0	0	no change
Event_092	HLA-DQA1*01:02/DQB1*06:02	0	0	0	0	no change
Event_092	HLA-DQA1*03:01/DQB1*03:02	0	0	0	0	no change
Event_092	HLA-DQA1*04:01/DQB1*04:02	0	0	0	0	no change
Event_092	HLA-DQA1*05:01/DQB1*02:01	0	0	0	0	no change
Event_092	HLA-DQA1*05:01/DQB1*03:01	0	0	0	0	no change
Event_092	HLA-DRB1*01:01	0	0	0	0	no change
Event_092	HLA-DRB1*03:01	0	0	0	0	no change
Event_092	HLA-DRB1*04:01	0	0	0	0	no change
Event_092	HLA-DRB1*04:05	0	0	0	0	no change
Event_092	HLA-DRB1*07:01	0	0	0	0	no change
Event_092	HLA-DRB1*08:02	0	0	0	0	no change
Event_092	HLA-DRB1*09:01	1	0	1	1	only gains
Event_092	HLA-DRB1*11:01	0	0	0	0	no change
Event_092	HLA-DRB1*12:01	0	0	0	0	no change
Event_092	HLA-DRB1*13:02	0	0	0	0	no change
Event_092	HLA-DRB1*15:01	0	0	0	0	no change
Event_092	HLA-DRB3*01:01	0	0	0	0	no change
Event_092	HLA-DRB3*02:02	0	0	0	0	no change
Event_092	HLA-DRB4*01:01	0	0	0	0	no change
Event_092	HLA-DRB5*01:01	0	0	0	0	no change
Event_093	HLA-DPA1*01:03/DPB1*02:01	0	0	0	0	no change
Event_093	HLA-DPA1*01:03/DPB1*04:01	0	0	0	0	no change
Event_093	HLA-DPA1*02:01/DPB1*01:01	0	0	0	0	no change
Event_093	HLA-DPA1*02:01/DPB1*05:01	0	0	0	0	no change
Event_093	HLA-DPA1*02:01/DPB1*14:01	0	0	0	0	no change
Event_093	HLA-DPA1*03:01/DPB1*04:02	0	0	0	0	no change
Event_093	HLA-DQA1*01:01/DQB1*05:01	0	0	0	0	no change
Event_093	HLA-DQA1*01:02/DQB1*06:02	0	0	0	0	no change
Event_093	HLA-DQA1*03:01/DQB1*03:02	0	0	0	0	no change
Event_093	HLA-DQA1*04:01/DQB1*04:02	0	0	0	0	no change
Event_093	HLA-DQA1*05:01/DQB1*02:01	0	0	0	0	no change
Event_093	HLA-DQA1*05:01/DQB1*03:01	0	0	0	0	no change
Event_093	HLA-DRB1*01:01	0	0	0	0	no change
Event_093	HLA-DRB1*03:01	0	0	0	0	no change
Event_093	HLA-DRB1*04:01	0	0	0	0	no change
Event_093	HLA-DRB1*04:05	0	0	0	0	no change
Event_093	HLA-DRB1*07:01	0	0	0	0	no change
Event_093	HLA-DRB1*08:02	0	0	0	0	no change
Event_093	HLA-DRB1*09:01	0	0	0	0	no change
Event_093	HLA-DRB1*11:01	0	0	0	0	no change
Event_093	HLA-DRB1*12:01	0	0	0	0	no change
Event_093	HLA-DRB1*13:02	0	0	0	0	no change
Event_093	HLA-DRB1*15:01	0	0	0	0	no change
Event_093	HLA-DRB3*01:01	0	0	0	0	no change
Event_093	HLA-DRB3*02:02	0	0	0	0	no change
Event_093	HLA-DRB4*01:01	0	0	0	0	no change
Event_093	HLA-DRB5*01:01	0	0	0	0	no change
Event_094	HLA-DPA1*01:03/DPB1*02:01	0	0	0	0	no change
Event_094	HLA-DPA1*01:03/DPB1*04:01	0	0	0	0	no change
Event_094	HLA-DPA1*02:01/DPB1*01:01	0	0	0	0	no change
Event_094	HLA-DPA1*02:01/DPB1*05:01	0	0	0	0	no change
Event_094	HLA-DPA1*02:01/DPB1*14:01	3	0	3	3	only gains
Event_094	HLA-DPA1*03:01/DPB1*04:02	0	0	0	0	no change
Event_094	HLA-DQA1*01:01/DQB1*05:01	0	0	0	0	no change
Event_094	HLA-DQA1*01:02/DQB1*06:02	0	0	0	0	no change
Event_094	HLA-DQA1*03:01/DQB1*03:02	0	1	1	-1	only losses
Event_094	HLA-DQA1*04:01/DQB1*04:02	2	0	2	2	only gains
Event_094	HLA-DQA1*05:01/DQB1*02:01	0	0	0	0	no change
Event_094	HLA-DQA1*05:01/DQB1*03:01	3	0	3	3	only gains
Event_094	HLA-DRB1*01:01	4	2	6	2	mixed
Event_094	HLA-DRB1*03:01	0	0	0	0	no change
Event_094	HLA-DRB1*04:01	0	0	0	0	no change
Event_094	HLA-DRB1*04:05	0	0	0	0	no change
Event_094	HLA-DRB1*07:01	3	2	5	1	mixed
Event_094	HLA-DRB1*08:02	1	0	1	1	only gains
Event_094	HLA-DRB1*09:01	3	3	6	0	mixed
Event_094	HLA-DRB1*11:01	2	0	2	2	only gains
Event_094	HLA-DRB1*12:01	0	0	0	0	no change
Event_094	HLA-DRB1*13:02	0	0	0	0	no change
Event_094	HLA-DRB1*15:01	1	0	1	1	only gains
Event_094	HLA-DRB3*01:01	0	4	4	-4	only losses
Event_094	HLA-DRB3*02:02	4	3	7	1	mixed
Event_094	HLA-DRB4*01:01	0	0	0	0	no change
Event_094	HLA-DRB5*01:01	0	0	0	0	no change
Event_095	HLA-DPA1*01:03/DPB1*02:01	0	0	0	0	no change
Event_095	HLA-DPA1*01:03/DPB1*04:01	0	0	0	0	no change
Event_095	HLA-DPA1*02:01/DPB1*01:01	0	0	0	0	no change
Event_095	HLA-DPA1*02:01/DPB1*05:01	0	0	0	0	no change
Event_095	HLA-DPA1*02:01/DPB1*14:01	0	0	0	0	no change
Event_095	HLA-DPA1*03:01/DPB1*04:02	0	0	0	0	no change
Event_095	HLA-DQA1*01:01/DQB1*05:01	4	0	4	4	only gains
Event_095	HLA-DQA1*01:02/DQB1*06:02	0	1	1	-1	only losses
Event_095	HLA-DQA1*03:01/DQB1*03:02	2	0	2	2	only gains
Event_095	HLA-DQA1*04:01/DQB1*04:02	0	0	0	0	no change
Event_095	HLA-DQA1*05:01/DQB1*02:01	0	0	0	0	no change
Event_095	HLA-DQA1*05:01/DQB1*03:01	0	2	2	-2	only losses
Event_095	HLA-DRB1*01:01	0	0	0	0	no change
Event_095	HLA-DRB1*03:01	0	0	0	0	no change
Event_095	HLA-DRB1*04:01	0	0	0	0	no change
Event_095	HLA-DRB1*04:05	0	0	0	0	no change
Event_095	HLA-DRB1*07:01	0	0	0	0	no change
Event_095	HLA-DRB1*08:02	0	0	0	0	no change
Event_095	HLA-DRB1*09:01	0	0	0	0	no change
Event_095	HLA-DRB1*11:01	0	0	0	0	no change
Event_095	HLA-DRB1*12:01	0	0	0	0	no change
Event_095	HLA-DRB1*13:02	0	0	0	0	no change
Event_095	HLA-DRB1*15:01	3	0	3	3	only gains
Event_095	HLA-DRB3*01:01	0	0	0	0	no change
Event_095	HLA-DRB3*02:02	2	0	2	2	only gains
Event_095	HLA-DRB4*01:01	0	0	0	0	no change
Event_095	HLA-DRB5*01:01	0	0	0	0	no change
Event_096	HLA-DPA1*01:03/DPB1*02:01	0	0	0	0	no change
Event_096	HLA-DPA1*01:03/DPB1*04:01	0	0	0	0	no change
Event_096	HLA-DPA1*02:01/DPB1*01:01	0	0	0	0	no change
Event_096	HLA-DPA1*02:01/DPB1*05:01	0	0	0	0	no change
Event_096	HLA-DPA1*02:01/DPB1*14:01	0	0	0	0	no change
Event_096	HLA-DPA1*03:01/DPB1*04:02	0	0	0	0	no change
Event_096	HLA-DQA1*01:01/DQB1*05:01	0	0	0	0	no change
Event_096	HLA-DQA1*01:02/DQB1*06:02	2	1	3	1	mixed
Event_096	HLA-DQA1*03:01/DQB1*03:02	0	0	0	0	no change
Event_096	HLA-DQA1*04:01/DQB1*04:02	0	0	0	0	no change
Event_096	HLA-DQA1*05:01/DQB1*02:01	0	0	0	0	no change
Event_096	HLA-DQA1*05:01/DQB1*03:01	0	2	2	-2	only losses
Event_096	HLA-DRB1*01:01	0	0	0	0	no change
Event_096	HLA-DRB1*03:01	0	0	0	0	no change
Event_096	HLA-DRB1*04:01	0	0	0	0	no change
Event_096	HLA-DRB1*04:05	0	0	0	0	no change
Event_096	HLA-DRB1*07:01	0	0	0	0	no change
Event_096	HLA-DRB1*08:02	0	0	0	0	no change
Event_096	HLA-DRB1*09:01	0	0	0	0	no change
Event_096	HLA-DRB1*11:01	1	0	1	1	only gains
Event_096	HLA-DRB1*12:01	0	0	0	0	no change
Event_096	HLA-DRB1*13:02	0	0	0	0	no change
Event_096	HLA-DRB1*15:01	1	0	1	1	only gains
Event_096	HLA-DRB3*01:01	0	0	0	0	no change
Event_096	HLA-DRB3*02:02	0	0	0	0	no change
Event_096	HLA-DRB4*01:01	0	0	0	0	no change
Event_096	HLA-DRB5*01:01	0	0	0	0	no change
Event_097	HLA-DPA1*01:03/DPB1*02:01	0	0	0	0	no change
Event_097	HLA-DPA1*01:03/DPB1*04:01	0	0	0	0	no change
Event_097	HLA-DPA1*02:01/DPB1*01:01	0	0	0	0	no change
Event_097	HLA-DPA1*02:01/DPB1*05:01	0	0	0	0	no change
Event_097	HLA-DPA1*02:01/DPB1*14:01	0	0	0	0	no change
Event_097	HLA-DPA1*03:01/DPB1*04:02	0	0	0	0	no change
Event_097	HLA-DQA1*01:01/DQB1*05:01	0	0	0	0	no change
Event_097	HLA-DQA1*01:02/DQB1*06:02	0	0	0	0	no change
Event_097	HLA-DQA1*03:01/DQB1*03:02	0	0	0	0	no change
Event_097	HLA-DQA1*04:01/DQB1*04:02	0	0	0	0	no change
Event_097	HLA-DQA1*05:01/DQB1*02:01	0	0	0	0	no change
Event_097	HLA-DQA1*05:01/DQB1*03:01	0	0	0	0	no change
Event_097	HLA-DRB1*01:01	0	0	0	0	no change
Event_097	HLA-DRB1*03:01	0	0	0	0	no change
Event_097	HLA-DRB1*04:01	0	0	0	0	no change
Event_097	HLA-DRB1*04:05	0	0	0	0	no change
Event_097	HLA-DRB1*07:01	0	0	0	0	no change
Event_097	HLA-DRB1*08:02	0	0	0	0	no change
Event_097	HLA-DRB1*09:01	0	0	0	0	no change
Event_097	HLA-DRB1*11:01	1	0	1	1	only gains
Event_097	HLA-DRB1*12:01	0	0	0	0	no change
Event_097	HLA-DRB1*13:02	0	0	0	0	no change
Event_097	HLA-DRB1*15:01	0	0	0	0	no change
Event_097	HLA-DRB3*01:01	0	0	0	0	no change
Event_097	HLA-DRB3*02:02	0	0	0	0	no change
Event_097	HLA-DRB4*01:01	0	0	0	0	no change
Event_097	HLA-DRB5*01:01	2	0	2	2	only gains
