Type,GType,Ref3mer,SNV_HHR,SNV_Unq,HHR_L1Norm,Unq_L1Norm,HHR_vs_Unq_Norm_Diff,HHR_Background,Unq_Background,Background_Norm_Diff,CG_count
A[C>A]A,C>A,ACA,21,73,0.008086072476018665,0.006269007964994158,0.0018170645110245067,7224,80413,1.4703855430397116e-05,1
A[C>A]C,C>A,ACC,49,225,0.007892231479778264,0.008448312197663704,-0.0005560807178854408,17270,183914,0.0007205467957099899,2
A[C>A]G,C>A,ACG,36,230,0.00787433526327083,0.010149667088848933,-0.0022753318255781026,12717,156487,-0.0012032905058919977,2
A[C>A]T,C>A,ACT,9,54,0.005500874617832077,0.006454290596183006,-0.0009534159783509289,4551,57776,-0.000576709359913408,1
C[C>A]A,C>A,CCA,23,109,0.004209013515148663,0.00451764416270019,-0.000308630647551527,15200,166616,0.00024342116363676447,2
C[C>A]C,C>A,CCC,34,134,0.005619745895746289,0.005977224915674764,-0.0003574790199284746,16829,154813,0.002711443000558672,3
C[C>A]G,C>A,CCG,60,406,0.004785700977949912,0.008526381328553684,-0.0037406803506037714,34874,328824,0.004959173188574143,3
C[C>A]T,C>A,CCT,15,71,0.005124555880159212,0.0050526965158078155,7.185936435139678e-05,8142,97037,-0.0005108007230084453,2
G[C>A]A,C>A,GCA,40,169,0.007859872652586664,0.007075165628077726,0.0007847070245089382,14156,164950,-0.0005783362188973139,2
G[C>A]C,C>A,GCC,57,239,0.004983552070085619,0.005544850780316501,-0.0005612987102308819,31815,297653,0.004715841236366473,3
G[C>A]G,C>A,GCG,64,431,0.006281464014397054,0.009514052612689922,-0.0032325885982928673,28341,312834,0.0002750511052242721,3
G[C>A]T,C>A,GCT,22,146,0.004893282944067588,0.006660673420437147,-0.001767390476369559,12506,151369,-0.0009757180613577318,2
T[C>A]A,C>A,TCA,15,89,0.00497901360098524,0.006333139708033725,-0.0013541261070484853,8380,97045,-0.00029285424925287653,1
T[C>A]C,C>A,TCC,14,80,0.004254153926644733,0.004982090122244158,-0.0007279361955994249,9154,110887,-0.0007215750486998865,2
T[C>A]G,C>A,TCG,33,231,0.005088309021494672,0.006890936043470267,-0.0018026270219755943,18040,231492,-0.0024894179277663887,2
T[C>A]T,C>A,TCT,10,48,0.006294657007808149,0.005629288868284102,0.0006653681395240463,4419,58883,-0.0007890946428536589,1
A[C>G]A,C>G,ACA,15,46,0.005775766054299047,0.003950333786160702,0.001825432268138345,7224,80413,1.4703855430397116e-05,1
A[C>G]C,C>G,ACC,41,143,0.006603703891243037,0.0053693717522929315,0.0012343321389501052,17270,183914,0.0007205467957099899,2
A[C>G]G,C>G,ACG,26,112,0.005687019912362266,0.004942446582396002,0.0007445733299662645,12717,156487,-0.0012032905058919977,2
A[C>G]T,C>G,ACT,4,53,0.0024448331634809237,0.0063347666962536905,-0.003889933532772767,4551,57776,-0.000576709359913408,1
C[C>G]A,C>G,CCA,54,189,0.009882031731218599,0.007833346300461798,0.0020486854307568015,15200,166616,0.00024342116363676447,2
C[C>G]C,C>G,CCC,68,213,0.011239491791492579,0.009501111246557647,0.0017383805449349317,16829,154813,0.002711443000558672,3
C[C>G]G,C>G,CCG,126,299,0.010049972053694815,0.0062792808306343624,0.0037706912230604525,34874,328824,0.004959173188574143,3
C[C>G]T,C>G,CCT,27,118,0.009224200584286583,0.008397439279793271,0.0008267613044933113,8142,97037,-0.0005108007230084453,2
G[C>G]A,C>G,GCA,42,112,0.008252866285215998,0.004688867161802989,0.003563999123413009,14156,164950,-0.0005783362188973139,2
G[C>G]C,C>G,GCC,100,275,0.008743073807167753,0.006380058429234469,0.002363015377933284,31815,297653,0.004715841236366473,3
G[C>G]G,C>G,GCG,67,191,0.006575907640071916,0.004216204290078364,0.002359703349993552,28341,312834,0.0002750511052242721,3
G[C>G]T,C>G,GCT,30,122,0.006672658560092166,0.00556576820063926,0.001106890359452906,12506,151369,-0.0009757180613577318,2
T[C>G]A,C>G,TCA,15,83,0.00497901360098524,0.0059061864692898786,-0.0009271728683046387,8380,97045,-0.00029285424925287653,1
T[C>G]C,C>G,TCC,33,99,0.01002764854137687,0.0061653365262771456,0.003862312015099725,9154,110887,-0.0007215750486998865,2
T[C>G]G,C>G,TCG,50,165,0.007709559123476776,0.004922097173907333,0.002787461949569443,18040,231492,-0.0024894179277663887,2
T[C>G]T,C>G,TCT,9,61,0.005665191307027332,0.007153887936777712,-0.0014886966297503797,4419,58883,-0.0007890946428536589,1
A[C>T]A,C>T,ACA,46,346,0.017712349233183742,0.029713380217643547,-0.012001030984459805,7224,80413,1.4703855430397116e-05,1
A[C>T]C,C>T,ACC,95,563,0.015301265113855815,0.021139554521265178,-0.005838289407409363,17270,183914,0.0007205467957099899,2
A[C>T]G,C>T,ACG,100,752,0.02187315350908564,0.03318499848180173,-0.01131184497271609,12717,156487,-0.0012032905058919977,2
A[C>T]T,C>T,ACT,27,196,0.016502623853496233,0.023426684386145726,-0.006924060532649493,4551,57776,-0.000576709359913408,1
C[C>T]A,C>T,CCA,76,631,0.013908044658752103,0.026152600611594676,-0.012244555952842573,15200,166616,0.00024342116363676447,2
C[C>T]C,C>T,CCC,98,537,0.016198091111268714,0.02395350581878618,-0.007755414707517467,16829,154813,0.002711443000558672,3
C[C>T]G,C>T,CCG,208,1394,0.016590430056893028,0.029275309290649837,-0.012684879233756809,34874,328824,0.004959173188574143,3
C[C>T]T,C>T,CCT,45,418,0.015373667640477637,0.029746861177572775,-0.014373193537095139,8142,97037,-0.0005108007230084453,2
G[C>T]A,C>T,GCA,84,575,0.016505732570431995,0.024072309089613563,-0.007566576519181568,14156,164950,-0.0005783362188973139,2
G[C>T]C,C>T,GCC,191,956,0.016699270971690407,0.022179403121266004,-0.005480132149575597,31815,297653,0.004715841236366473,3
G[C>T]G,C>T,GCG,208,1219,0.020414758046790427,0.026908654605264534,-0.006493896558474106,28341,312834,0.0002750511052242721,3
G[C>T]T,C>T,GCT,107,496,0.023799148864328726,0.022628041209156333,0.0011711076551723931,12506,151369,-0.0009757180613577318,2
T[C>T]A,C>T,TCA,34,315,0.011285764162233208,0.022415045034051947,-0.011129280871818739,8380,97045,-0.00029285424925287653,1
T[C>T]C,C>T,TCC,35,295,0.010635384816611833,0.01837145732577533,-0.007736072509163498,9154,110887,-0.0007215750486998865,2
T[C>T]G,C>T,TCG,108,776,0.016652647706709836,0.023148772163346005,-0.006496124456636169,18040,231492,-0.0024894179277663887,2
T[C>T]T,C>T,TCT,28,153,0.017625039621862813,0.017943358267655574,-0.000318318645792761,4419,58883,-0.0007890946428536589,1
A[T>A]A,T>A,ATA,0,4,0.0,0.0009415567838996624,-0.0009415567838996624,2270,29337,-0.00033037378066260456,0
A[T>A]C,T>A,ATC,5,28,0.0012889754085961172,0.0014488023346684459,-0.0001598269260723287,10790,133460,-0.0010773863498567248,1
A[T>A]G,T>A,ATG,7,16,0.002607641960928478,0.0011793630369218197,0.0014282789240066581,7467,93686,-0.0008548980012065858,1
A[T>A]T,T>A,ATT,3,9,0.0021217459433641654,0.001365555238741566,0.0007561907046225993,3933,45513,-0.00013470421053966364,0
C[T>A]A,T>A,CTA,6,11,0.005602434907855832,0.0019833352810829526,0.0036190996267728794,2979,38300,-0.000417097298769222,1
C[T>A]C,T>A,CTC,15,35,0.004896624102365486,0.0023325045066257175,0.002564119595739769,8521,103621,-0.0007047631352856288,2
C[T>A]G,T>A,CTG,10,37,0.0021978578790695486,0.0016458139298388742,0.0005520439492306744,12656,155247,-0.0011572272282604629,2
C[T>A]T,T>A,CTT,4,22,0.0020419225044965464,0.0022371297677949375,-0.0001952072632983911,5449,67910,-0.000586246064133729,1
G[T>A]A,T>A,GTA,6,6,0.0040966258199564365,0.0007764786464627087,0.003320147173493728,4074,53361,-0.0006513400617652741,1
G[T>A]C,T>A,GTC,14,22,0.0030492933242898665,0.0009045972070246042,0.0021446961172652624,12771,167946,-0.0020971393661802073,2
G[T>A]G,T>A,GTG,11,21,0.0020872977862920134,0.0009018972939489407,0.0011854004923430726,14659,160792,0.0002260124083655196,2
G[T>A]T,T>A,GTT,9,12,0.0024423883303174424,0.0008587379569507786,0.0015836503733666638,10250,96499,0.0014697110730282972,1
T[T>A]A,T>A,TTA,5,5,0.00878033122395966,0.001995495822203115,0.006784835401756546,1584,17303,3.0318611985914734e-05,0
T[T>A]C,T>A,TTC,13,20,0.004580810249905684,0.0014803504597824366,0.0031004597901232475,7894,93297,-0.000430667322509376,1
T[T>A]G,T>A,TTG,10,21,0.0027364573848995774,0.0014602250451973386,0.0012762323397022388,10165,99312,0.0011600364327026998,1
T[T>A]T,T>A,TTT,7,10,0.00508786582760725,0.0016423947206193454,0.003445471106987904,3827,42046,5.338068522803708e-05,0
A[T>C]A,T>C,ATA,16,72,0.019606054144496357,0.016948022110193924,0.0026580320343024336,2270,29337,-0.00033037378066260456,0
A[T>C]C,T>C,ATC,57,298,0.014694319657995733,0.015419396276114173,-0.00072507661811844,10790,133460,-0.0010773863498567248,1
A[T>C]G,T>C,ATG,64,315,0.023841297928488943,0.023218709789398325,0.0006225881390906178,7467,93686,-0.0008548980012065858,1
A[T>C]T,T>C,ATT,11,80,0.007779735125668606,0.01213826878881392,-0.004358533663145313,3933,45513,-0.00013470421053966364,0
C[T>C]A,T>C,CTA,32,72,0.02987965284189777,0.012981830930724782,0.016897821911172988,2979,38300,-0.000417097298769222,1
C[T>C]C,T>C,CTC,50,188,0.01632208034121829,0.012528881349875284,0.0037931989913430053,8521,103621,-0.0007047631352856288,2
C[T>C]G,T>C,CTG,85,359,0.018681791972091164,0.0159688432651934,0.0027129487068977658,12656,155247,-0.0011572272282604629,2
C[T>C]T,T>C,CTT,41,86,0.0209297056710896,0.008745143637743844,0.012184562033345756,5449,67910,-0.000586246064133729,1
G[T>C]A,T>C,GTA,38,197,0.0259452968597241,0.0254943822255256,0.00045091463419849945,4074,53361,-0.0006513400617652741,1
G[T>C]C,T>C,GTC,75,431,0.016335499951552857,0.017721881646709292,-0.001386381695156435,12771,167946,-0.0020971393661802073,2
G[T>C]G,T>C,GTG,195,546,0.03700209712063115,0.023449329642672462,0.013552767477958687,14659,160792,0.0002260124083655196,2
G[T>C]T,T>C,GTT,96,237,0.026052142190052717,0.01696007464977788,0.009092067540274838,10250,96499,0.0014697110730282972,1
T[T>C]A,T>C,TTA,25,48,0.04390165611979831,0.0191567598931499,0.024744896226648407,1584,17303,3.0318611985914734e-05,0
T[T>C]C,T>C,TTC,28,139,0.009866360538258396,0.010288435695487933,-0.0004220751572295376,7894,93297,-0.000430667322509376,1
T[T>C]G,T>C,TTG,74,226,0.020249784648256875,0.015714802867361835,0.00453498178089504,10165,99312,0.0011600364327026998,1
T[T>C]T,T>C,TTT,18,66,0.013083083556704357,0.010839805156087678,0.0022432784006166783,3827,42046,5.338068522803708e-05,0
A[T>G]A,T>G,ATA,2,10,0.0024507567680620446,0.0023538919597491563,9.68648083128883e-05,2270,29337,-0.00033037378066260456,0
A[T>G]C,T>G,ATC,20,89,0.005155901634384469,0.0046051217066247025,0.0005507799277597661,10790,133460,-0.0010773863498567248,1
A[T>G]G,T>G,ATG,13,42,0.004842763641724316,0.003095827971919776,0.0017469356698045398,7467,93686,-0.0008548980012065858,1
A[T>G]T,T>G,ATT,8,32,0.00565798918230444,0.004855307515525568,0.0008026816667788721,3933,45513,-0.00013470421053966364,0
C[T>G]A,T>G,CTA,6,66,0.005602434907855832,0.011900011686497717,-0.0062975767786418845,2979,38300,-0.000417097298769222,1
C[T>G]C,T>G,CTC,40,200,0.01305766427297463,0.013328597180718386,-0.00027093290774375493,8521,103621,-0.0007047631352856288,2
C[T>G]G,T>G,CTG,44,258,0.009670574667906013,0.011476216051308906,-0.001805641383402893,12656,155247,-0.0011572272282604629,2
C[T>G]T,T>G,CTT,34,140,0.017356341288220646,0.014236280340513236,0.00312006094770741,5449,67910,-0.000586246064133729,1
G[T>G]A,T>G,GTA,0,48,0.0,0.00621182917170167,-0.00621182917170167,4074,53361,-0.0006513400617652741,1
G[T>G]C,T>G,GTC,47,244,0.010236913302973124,0.010032805387000156,0.00020410791597296786,12771,167946,-0.0020971393661802073,2
G[T>G]G,T>G,GTG,52,202,0.009867225898834974,0.00867539301798505,0.0011918328808499246,14659,160792,0.0002260124083655196,2
G[T>G]T,T>G,GTT,31,114,0.008412670915537858,0.008158010591032397,0.000254660324505461,10250,96499,0.0014697110730282972,1
T[T>G]A,T>G,TTA,5,8,0.00878033122395966,0.003192793315524984,0.0055875379084346765,1584,17303,3.0318611985914734e-05,0
T[T>G]C,T>G,TTC,21,66,0.007399770403693797,0.004885156517282041,0.0025146138864117562,7894,93297,-0.000430667322509376,1
T[T>G]G,T>G,TTG,25,74,0.006841143462248944,0.005145554921171574,0.00169558854107737,10165,99312,0.0011600364327026998,1
T[T>G]T,T>G,TTT,9,44,0.006541541778352178,0.0072265367707251196,-0.0006849949923729412,3827,42046,5.338068522803708e-05,0
