EventID	Parent_Node	Child_Node	N_Sites	Total_Leaves	Total_Score_AllSites	Mean_Score	Median_Score	Score_per_Leaf	Score_per_Site	Score_per_Leaf_per_Site
Event_001	Node_148	Node_133	10	130	25	2.5	0.0	0.19230769230769232	2.5	0.019230769230769232
Event_002	Node_3	N1177	5	1	0	0.0	0.0	0.0	0.0	0.0
Event_003	Node_146	N0153	4	1	0	0.0	0.0	0.0	0.0	0.0
Event_004	Node_134	R27252	6	1	0	0.0	0.0	0.0	0.0	0.0
Event_005	Node_4	Node_3	7	3	4	0.5714285714285714	1.0	1.3333333333333333	0.5714285714285714	0.19047619047619047
Event_006	Node_2	N0091	12	1	0	0.0	0.0	0.0	0.0	0.0
Event_007	Node_149	RW-TB008	16	1	0	0.0	0.0	0.0	0.0	0.0
Event_008	Node_36	Node_28	5	2	0	0.0	0.0	0.0	0.0	0.0
Event_009	Node_69	Node_67	4	3	0	0.0	0.0	0.0	0.0	0.0
Event_010	Node_4	Node_1	31	2	0	0.0	0.0	0.0	0.0	0.0
Event_011	Node_46	M0016737_0	4	1	0	0.0	0.0	0.0	0.0	0.0
Event_012	Node_48	Node_47	5	2	0	0.0	0.0	0.0	0.0	0.0
Event_013	Node_148	Node_147	6	15	8	1.3333333333333333	1.0	0.5333333333333333	1.3333333333333333	0.08888888888888889
Event_014	Node_143	mada_118	7	1	0	0.0	0.0	0.0	0.0	0.0
Event_015	Node_145	N0072	6	1	0	0.0	0.0	0.0	0.0	0.0
Event_016	Node_143	Node_142	4	9	2	0.5	0.0	0.2222222222222222	0.5	0.05555555555555555
Event_017	Node_64	TB3251	16	1	0	0.0	0.0	0.0	0.0	0.0
Event_018	Node_28	R15311	14	1	0	0.0	0.0	0.0	0.0	0.0
Event_019	Node_20	R21770	16	1	0	0.0	0.0	0.0	0.0	0.0
Event_020	Node_41	Node_40	17	2	0	0.0	0.0	0.0	0.0	0.0
Event_021	Node_144	mada_1-10	18	1	0	0.0	0.0	0.0	0.0	0.0
Event_022	Node_53	mada_123	29	1	0	0.0	0.0	0.0	0.0	0.0
Event_023	Node_132	Node_131	25	61	4	0.16	0.0	0.06557377049180328	0.16	0.002622950819672131
Event_024	Node_138	mada_1-1	12	1	0	0.0	0.0	0.0	0.0	0.0
Event_025	Node_90	Node_88	4	3	0	0.0	0.0	0.0	0.0	0.0
Event_026	Node_59	01_R1134	7	1	0	0.0	0.0	0.0	0.0	0.0
Event_027	Node_46	TB4620	6	1	0	0.0	0.0	0.0	0.0	0.0
Event_028	Node_36	Node_35	8	8	1	0.125	0.0	0.125	0.125	0.015625
Event_029	Node_62	Node_45	4	10	0	0.0	0.0	0.0	0.0	0.0
Event_030	Node_22	Node_21	4	2	0	0.0	0.0	0.0	0.0	0.0
Event_031	Node_50	Node_49	4	2	0	0.0	0.0	0.0	0.0	0.0
Event_032	Node_25	Node_24	6	7	0	0.0	0.0	0.0	0.0	0.0
Event_033	Node_17	TB3334	4	1	0	0.0	0.0	0.0	0.0	0.0
Event_034	Node_144	mada_1-10	10	1	0	0.0	0.0	0.0	0.0	0.0
Event_035	Node_34	M0010874_7	7	1	0	0.0	0.0	0.0	0.0	0.0
Event_036	Node_15	Node_14	6	2	0	0.0	0.0	0.0	0.0	0.0
Event_037	Node_65	Node_27	5	24	1	0.2	0.0	0.041666666666666664	0.2	0.008333333333333333
Event_038	Node_71	Node_70	7	6	1	0.14285714285714285	0.0	0.16666666666666666	0.14285714285714285	0.023809523809523808
Event_039	Node_30	TB3162	13	1	0	0.0	0.0	0.0	0.0	0.0
Event_040	Node_6	MT_0080	6	1	0	0.0	0.0	0.0	0.0	0.0
Event_041	Node_25	M0017522_5	18	1	0	0.0	0.0	0.0	0.0	0.0
Event_042	Node_27	Node_5	6	2	0	0.0	0.0	0.0	0.0	0.0
Event_043	Node_138	mada_1-1	5	1	0	0.0	0.0	0.0	0.0	0.0
Event_044	Node_53	Node_52	4	5	0	0.0	0.0	0.0	0.0	0.0
Event_045	Node_54	mada_1-12	6	1	0	0.0	0.0	0.0	0.0	0.0
Event_046	Node_36	Node_35	4	8	0	0.0	0.0	0.0	0.0	0.0
Event_047	Node_134	R27252	6	1	0	0.0	0.0	0.0	0.0	0.0
Event_048	Node_60	Node_48	5	3	0	0.0	0.0	0.0	0.0	0.0
Event_049	Node_41	Node_40	7	2	0	0.0	0.0	0.0	0.0	0.0
Event_050	Node_4	Node_3	10	3	0	0.0	0.0	0.0	0.0	0.0
Event_051	Node_41	Node_40	5	2	0	0.0	0.0	0.0	0.0	0.0
Event_052	Node_57	Node_56	4	9	4	1.0	1.0	0.4444444444444444	1.0	0.1111111111111111
Event_053	Node_4	Node_1	5	2	0	0.0	0.0	0.0	0.0	0.0
Event_054	Node_69	Node_67	4	3	0	0.0	0.0	0.0	0.0	0.0
Event_055	Node_134	R23887	4	1	0	0.0	0.0	0.0	0.0	0.0
Event_056	Node_146	N0153	18	1	0	0.0	0.0	0.0	0.0	0.0
Event_057	Node_4	Node_3	7	3	0	0.0	0.0	0.0	0.0	0.0
Event_058	Node_144	mada_1-10	5	1	0	0.0	0.0	0.0	0.0	0.0
Event_059	Node_27	Node_5	6	2	0	0.0	0.0	0.0	0.0	0.0
Event_060	Node_53	mada_123	10	1	0	0.0	0.0	0.0	0.0	0.0
Event_061	Node_17	TB3334	10	1	0	0.0	0.0	0.0	0.0	0.0
Event_062	Node_64	TB3251	6	1	0	0.0	0.0	0.0	0.0	0.0
Event_063	Node_89	S0256-08	7	1	0	0.0	0.0	0.0	0.0	0.0
Event_064	Node_149	RW-TB008	5	1	0	0.0	0.0	0.0	0.0	0.0
Event_065	Node_27	Node_5	4	2	0	0.0	0.0	0.0	0.0	0.0
Event_066	Node_143	mada_118	4	1	0	0.0	0.0	0.0	0.0	0.0
Event_067	Node_148	Node_133	5	130	6	1.2	1.0	0.046153846153846156	1.2	0.009230769230769232
Event_068	Node_71	N1274	6	1	0	0.0	0.0	0.0	0.0	0.0
Event_069	Node_145	Node_144	5	11	0	0.0	0.0	0.0	0.0	0.0
Event_070	Node_57	TB2968	5	1	0	0.0	0.0	0.0	0.0	0.0
Event_071	Node_25	M0017522_5	13	1	0	0.0	0.0	0.0	0.0	0.0
Event_072	Node_146	N0153	4	1	0	0.0	0.0	0.0	0.0	0.0
Event_073	Node_65	Node_27	7	24	1	0.14285714285714285	0.0	0.041666666666666664	0.14285714285714285	0.005952380952380952
Event_074	Node_33	QC-7	9	1	0	0.0	0.0	0.0	0.0	0.0
Event_075	Node_1	N1272	4	1	0	0.0	0.0	0.0	0.0	0.0
Event_076	Node_148	Node_147	7	15	1	0.14285714285714285	0.0	0.06666666666666667	0.14285714285714285	0.009523809523809525
Event_077	Node_63	Node_36	6	10	4	0.6666666666666666	1.0	0.4	0.6666666666666666	0.06666666666666667
Event_078	Node_131	Node_130	4	46	0	0.0	0.0	0.0	0.0	0.0
Event_079	Node_71	N1274	4	1	0	0.0	0.0	0.0	0.0	0.0
Event_080	Node_149	RW-TB008	6	1	0	0.0	0.0	0.0	0.0	0.0
Event_081	Node_149	RW-TB008	5	1	0	0.0	0.0	0.0	0.0	0.0
Event_082	Node_101	706-05	5	1	0	0.0	0.0	0.0	0.0	0.0
Event_083	Node_24	S0106-01	9	1	0	0.0	0.0	0.0	0.0	0.0
Event_084	Node_57	TB2968	4	1	0	0.0	0.0	0.0	0.0	0.0
Event_085	Node_17	Node_16	45	11	0	0.0	0.0	0.0	0.0	0.0
Event_086	Node_127	Node_113	26	2	0	0.0	0.0	0.0	0.0	0.0
Event_087	Node_149	RW-TB008	8	1	0	0.0	0.0	0.0	0.0	0.0
Event_088	Node_22	mada_1-32	29	1	0	0.0	0.0	0.0	0.0	0.0
Event_089	Node_68	N0004	26	1	0	0.0	0.0	0.0	0.0	0.0
Event_090	Node_131	Node_130	14	46	0	0.0	0.0	0.0	0.0	0.0
Event_091	Node_36	Node_28	4	2	0	0.0	0.0	0.0	0.0	0.0
Event_092	Node_114	TB3368	6	1	0	0.0	0.0	0.0	0.0	0.0
Event_093	Node_27	Node_5	5	2	0	0.0	0.0	0.0	0.0	0.0
Event_094	Node_25	M0017522_5	20	1	0	0.0	0.0	0.0	0.0	0.0
Event_095	Node_43	TB3237	12	1	0	0.0	0.0	0.0	0.0	0.0
Event_096	Node_17	TB3334	8	1	0	0.0	0.0	0.0	0.0	0.0
Event_097	Node_37	01_R1430	11	1	0	0.0	0.0	0.0	0.0	0.0
Event_098	Node_149	RW-TB008	10	1	0	0.0	0.0	0.0	0.0	0.0
Event_099	Node_59	01_R1134	5	1	0	0.0	0.0	0.0	0.0	0.0
Event_100	Node_28	M0016395_7	4	1	0	0.0	0.0	0.0	0.0	0.0
Event_101	Node_44	Node_41	4	5	0	0.0	0.0	0.0	0.0	0.0
Event_102	Node_46	M0016737_0	6	1	0	0.0	0.0	0.0	0.0	0.0
Event_103	Node_137	mada_107	15	1	0	0.0	0.0	0.0	0.0	0.0
Event_104	Node_70	Node_69	4	5	0	0.0	0.0	0.0	0.0	0.0
Event_105	Node_132	Node_71	5	7	4	0.8	1.0	0.5714285714285714	0.8	0.11428571428571428
Event_106	Node_25	Node_24	6	7	4	0.6666666666666666	1.0	0.5714285714285714	0.6666666666666666	0.09523809523809523
Event_107	Node_144	mada_1-10	4	1	0	0.0	0.0	0.0	0.0	0.0
Event_108	Node_22	Node_21	7	2	0	0.0	0.0	0.0	0.0	0.0
Event_109	Node_20	R21770	5	1	0	0.0	0.0	0.0	0.0	0.0
Event_110	Node_28	R15311	5	1	0	0.0	0.0	0.0	0.0	0.0
Event_111	Node_97	R37765	12	1	0	0.0	0.0	0.0	0.0	0.0
Event_112	Node_135	mada_1-36	20	1	0	0.0	0.0	0.0	0.0	0.0
Event_113	Node_26	Node_25	5	8	0	0.0	0.0	0.0	0.0	0.0
Event_114	Node_30	Node_29	4	2	0	0.0	0.0	0.0	0.0	0.0
Event_115	Node_50	mada_1-50	14	1	0	0.0	0.0	0.0	0.0	0.0
Event_116	Node_61	Node_46	21	2	0	0.0	0.0	0.0	0.0	0.0
Event_117	Node_34	M0010874_7	15	1	0	0.0	0.0	0.0	0.0	0.0
Event_118	Node_27	Node_5	4	2	0	0.0	0.0	0.0	0.0	0.0
Event_119	Node_3	N1177	17	1	0	0.0	0.0	0.0	0.0	0.0
Event_120	Node_144	mada_1-10	29	1	0	0.0	0.0	0.0	0.0	0.0
Event_121	Node_146	N0153	5	1	0	0.0	0.0	0.0	0.0	0.0
Event_122	Node_4	Node_3	9	3	0	0.0	0.0	0.0	0.0	0.0
Event_123	Node_149	RW-TB008	18	1	0	0.0	0.0	0.0	0.0	0.0
Event_124	Node_148	Node_147	7	15	6	0.8571428571428571	1.0	0.4	0.8571428571428571	0.05714285714285714
Event_125	Node_133	Node_65	4	62	22	5.5	6.0	0.3548387096774194	5.5	0.08870967741935484
Event_126	Node_133	Node_132	7	68	0	0.0	0.0	0.0	0.0	0.0
Event_127	Node_146	Node_145	9	12	0	0.0	0.0	0.0	0.0	0.0
Event_128	Node_22	mada_1-32	10	1	0	0.0	0.0	0.0	0.0	0.0
Event_129	Node_43	TB3237	15	1	0	0.0	0.0	0.0	0.0	0.0
Event_130	Node_58	mada_1-38	7	1	0	0.0	0.0	0.0	0.0	0.0
Event_131	Node_59	01_R1134	16	1	0	0.0	0.0	0.0	0.0	0.0
Event_132	Node_132	Node_131	5	61	0	0.0	0.0	0.0	0.0	0.0
Event_133	Node_134	R23887	5	1	0	0.0	0.0	0.0	0.0	0.0
Event_134	Node_7	M0014888_3	47	1	0	0.0	0.0	0.0	0.0	0.0
Event_135	Node_36	Node_28	18	2	0	0.0	0.0	0.0	0.0	0.0
Event_136	Node_61	Node_46	6	2	0	0.0	0.0	0.0	0.0	0.0
Event_137	Node_55	mada_1-15	6	1	0	0.0	0.0	0.0	0.0	0.0
Event_138	Node_134	R23887	6	1	0	0.0	0.0	0.0	0.0	0.0
Event_139	Node_2	N1202	10	1	0	0.0	0.0	0.0	0.0	0.0
Event_140	Node_149	RW-TB008	6	1	0	0.0	0.0	0.0	0.0	0.0
Event_141	Node_57	TB2968	4	1	0	0.0	0.0	0.0	0.0	0.0
Event_142	Node_58	mada_1-38	4	1	0	0.0	0.0	0.0	0.0	0.0
Event_143	Node_145	N0072	5	1	0	0.0	0.0	0.0	0.0	0.0
Event_144	Node_148	Node_133	19	130	0	0.0	0.0	0.0	0.0	0.0
Event_145	Node_138	mada_1-51	4	1	0	0.0	0.0	0.0	0.0	0.0
Event_146	Node_147	Node_134	6	2	0	0.0	0.0	0.0	0.0	0.0
Event_147	Node_36	Node_35	8	8	0	0.0	0.0	0.0	0.0	0.0
Event_148	Node_27	Node_5	10	2	0	0.0	0.0	0.0	0.0	0.0
Event_149	Node_54	mada_128	10	1	0	0.0	0.0	0.0	0.0	0.0
Event_150	Node_6	MT_0080	10	1	0	0.0	0.0	0.0	0.0	0.0
Event_151	Node_64	TB3251	15	1	0	0.0	0.0	0.0	0.0	0.0
Event_152	Node_132	Node_71	5	7	0	0.0	0.0	0.0	0.0	0.0
Event_153	Node_45	Node_37	5	2	0	0.0	0.0	0.0	0.0	0.0
Event_154	Node_143	mada_118	7	1	0	0.0	0.0	0.0	0.0	0.0
Event_155	Node_68	N0004	4	1	0	0.0	0.0	0.0	0.0	0.0
Event_156	Node_135	mada_1-36	16	1	0	0.0	0.0	0.0	0.0	0.0
Event_157	Node_96	Node_95	4	2	0	0.0	0.0	0.0	0.0	0.0
Event_158	Node_2	N1202	9	1	0	0.0	0.0	0.0	0.0	0.0
Event_159	Node_26	Node_18	9	14	0	0.0	0.0	0.0	0.0	0.0
Event_160	Node_62	Node_45	7	10	0	0.0	0.0	0.0	0.0	0.0
Event_161	Node_48	TB3054	4	1	0	0.0	0.0	0.0	0.0	0.0
Event_162	Node_147	Node_146	7	13	0	0.0	0.0	0.0	0.0	0.0
Event_163	Node_59	Node_58	6	11	0	0.0	0.0	0.0	0.0	0.0
Event_164	Node_27	Node_5	4	2	0	0.0	0.0	0.0	0.0	0.0
Event_165	Node_54	mada_1-12	8	1	0	0.0	0.0	0.0	0.0	0.0
Event_166	Node_63	Node_36	9	10	15	1.6666666666666667	1.0	1.5	1.6666666666666667	0.16666666666666666
Event_167	Node_22	Node_21	4	2	0	0.0	0.0	0.0	0.0	0.0
Event_168	Node_7	mada_151	4	1	0	0.0	0.0	0.0	0.0	0.0
Event_169	Node_48	Node_47	6	2	0	0.0	0.0	0.0	0.0	0.0
Event_170	Node_52	Node_51	6	4	0	0.0	0.0	0.0	0.0	0.0
Event_171	Node_148	Node_133	4	130	1	0.25	0.0	0.007692307692307693	0.25	0.0019230769230769232
Event_172	Node_64	TB3251	7	1	0	0.0	0.0	0.0	0.0	0.0
Event_173	Node_24	S0106-01	6	1	0	0.0	0.0	0.0	0.0	0.0
Event_174	Node_46	M0016737_0	4	1	0	0.0	0.0	0.0	0.0	0.0
Event_175	Node_146	N0153	6	1	0	0.0	0.0	0.0	0.0	0.0
Event_176	Node_113	R25048	5	1	0	0.0	0.0	0.0	0.0	0.0
Event_177	Node_28	M0016395_7	5	1	0	0.0	0.0	0.0	0.0	0.0
Event_178	Node_46	M0016737_0	5	1	0	0.0	0.0	0.0	0.0	0.0
Event_179	Node_71	N1274	5	1	0	0.0	0.0	0.0	0.0	0.0
Event_180	Node_35	Node_31	6	4	0	0.0	0.0	0.0	0.0	0.0
Event_181	Node_48	Node_47	12	2	0	0.0	0.0	0.0	0.0	0.0
Event_182	Node_116	Node_115	16	2	0	0.0	0.0	0.0	0.0	0.0
Event_183	Node_147	Node_134	30	2	0	0.0	0.0	0.0	0.0	0.0
Event_184	Node_6	mada_102	4	1	0	0.0	0.0	0.0	0.0	0.0
Event_185	Node_36	Node_28	26	2	0	0.0	0.0	0.0	0.0	0.0
Event_186	Node_25	M0017522_5	13	1	0	0.0	0.0	0.0	0.0	0.0
Event_187	Node_138	mada_1-1	29	1	0	0.0	0.0	0.0	0.0	0.0
Event_188	Node_149	RW-TB008	32	1	0	0.0	0.0	0.0	0.0	0.0
Event_189	Node_112	Node_102	15	5	0	0.0	0.0	0.0	0.0	0.0
Event_190	Node_144	mada_1-10	5	1	0	0.0	0.0	0.0	0.0	0.0
Event_191	Node_134	R23887	14	1	0	0.0	0.0	0.0	0.0	0.0
Event_192	Node_4	Node_1	14	2	0	0.0	0.0	0.0	0.0	0.0
Event_193	Node_30	TB3162	4	1	0	0.0	0.0	0.0	0.0	0.0
Event_194	Node_1	N1272	9	1	0	0.0	0.0	0.0	0.0	0.0
Event_195	Node_43	TB3237	13	1	0	0.0	0.0	0.0	0.0	0.0
Event_196	Node_42	02_R1896	11	1	0	0.0	0.0	0.0	0.0	0.0
Event_197	Node_27	Node_5	14	2	0	0.0	0.0	0.0	0.0	0.0
Event_198	Node_1	N1272	4	1	0	0.0	0.0	0.0	0.0	0.0
Event_199	Node_27	Node_5	5	2	0	0.0	0.0	0.0	0.0	0.0
Event_200	Node_45	Node_37	4	2	0	0.0	0.0	0.0	0.0	0.0
Event_201	Node_149	RW-TB008	7	1	0	0.0	0.0	0.0	0.0	0.0
Event_202	Node_25	Node_24	7	7	0	0.0	0.0	0.0	0.0	0.0
Event_203	Node_64	TB3251	6	1	0	0.0	0.0	0.0	0.0	0.0
Event_204	Node_4	Node_1	6	2	0	0.0	0.0	0.0	0.0	0.0
Event_205	Node_148	Node_133	4	130	0	0.0	0.0	0.0	0.0	0.0
Event_206	Node_19	R21839	4	1	0	0.0	0.0	0.0	0.0	0.0
Event_207	Node_7	mada_151	4	1	0	0.0	0.0	0.0	0.0	0.0
Event_208	Node_138	mada_1-1	9	1	0	0.0	0.0	0.0	0.0	0.0
Event_209	Node_149	RW-TB008	24	1	0	0.0	0.0	0.0	0.0	0.0
Event_210	Node_148	Node_133	7	130	2	0.2857142857142857	0.0	0.015384615384615385	0.2857142857142857	0.002197802197802198
Event_211	Node_140	mada_1-39	14	1	0	0.0	0.0	0.0	0.0	0.0
Event_212	Node_131	Node_85	5	15	0	0.0	0.0	0.0	0.0	0.0
Event_213	Node_2	N1202	4	1	0	0.0	0.0	0.0	0.0	0.0
Event_214	Node_58	mada_1-38	4	1	0	0.0	0.0	0.0	0.0	0.0
Event_215	Node_43	TB3237	4	1	0	0.0	0.0	0.0	0.0	0.0
Event_216	Node_12	Node_11	4	3	0	0.0	0.0	0.0	0.0	0.0
Event_217	Node_7	mada_151	4	1	0	0.0	0.0	0.0	0.0	0.0
Event_218	Node_36	Node_28	4	2	0	0.0	0.0	0.0	0.0	0.0
Event_219	Node_144	mada_1-10	6	1	0	0.0	0.0	0.0	0.0	0.0
Event_220	Node_132	Node_131	10	61	0	0.0	0.0	0.0	0.0	0.0
Event_221	Node_133	Node_132	9	68	9	1.0	1.0	0.1323529411764706	1.0	0.014705882352941176
Event_222	Node_145	N0072	21	1	0	0.0	0.0	0.0	0.0	0.0
Event_223	Node_149	RW-TB008	5	1	0	0.0	0.0	0.0	0.0	0.0
Event_224	Node_130	18_0621851	4	1	0	0.0	0.0	0.0	0.0	0.0
Event_225	Node_132	Node_71	4	7	0	0.0	0.0	0.0	0.0	0.0
Event_226	Node_33	Node_32	7	2	0	0.0	0.0	0.0	0.0	0.0
Event_227	Node_148	Node_133	5	130	0	0.0	0.0	0.0	0.0	0.0
Event_228	Node_50	Node_49	6	2	0	0.0	0.0	0.0	0.0	0.0
Event_229	Node_148	Node_147	14	15	0	0.0	0.0	0.0	0.0	0.0
Event_230	Node_132	Node_71	8	7	0	0.0	0.0	0.0	0.0	0.0
Event_231	Node_48	TB3054	6	1	0	0.0	0.0	0.0	0.0	0.0
Event_232	Node_97	R37765	6	1	0	0.0	0.0	0.0	0.0	0.0
Event_233	Node_37	01_R1430	4	1	0	0.0	0.0	0.0	0.0	0.0
Event_234	Node_42	02_R1896	5	1	0	0.0	0.0	0.0	0.0	0.0
Event_235	Node_48	Node_47	26	2	0	0.0	0.0	0.0	0.0	0.0
Event_236	Node_132	Node_71	5	7	0	0.0	0.0	0.0	0.0	0.0
Event_237	Node_58	mada_1-38	13	1	0	0.0	0.0	0.0	0.0	0.0
Event_238	Node_1	N1272	5	1	0	0.0	0.0	0.0	0.0	0.0
Event_239	Node_148	Node_147	4	15	2	0.5	0.5	0.13333333333333333	0.5	0.03333333333333333
Event_240	Node_134	R23887	12	1	0	0.0	0.0	0.0	0.0	0.0
Event_241	Node_33	QC-7	7	1	0	0.0	0.0	0.0	0.0	0.0
Event_242	Node_141	mada_122	5	1	0	0.0	0.0	0.0	0.0	0.0
Event_243	Node_4	Node_1	6	2	0	0.0	0.0	0.0	0.0	0.0
Event_244	Node_134	R23887	8	1	0	0.0	0.0	0.0	0.0	0.0
Event_245	Node_96	M0003941_3	5	1	0	0.0	0.0	0.0	0.0	0.0
Event_246	Node_148	Node_147	6	15	4	0.6666666666666666	1.0	0.26666666666666666	0.6666666666666666	0.044444444444444446
Event_247	Node_68	N0004	13	1	0	0.0	0.0	0.0	0.0	0.0
Event_248	Node_131	Node_85	7	15	0	0.0	0.0	0.0	0.0	0.0
Event_249	Node_94	N0155	5	1	0	0.0	0.0	0.0	0.0	0.0
Event_250	Node_59	01_R1134	5	1	0	0.0	0.0	0.0	0.0	0.0
Event_251	Node_64	TB3251	13	1	0	0.0	0.0	0.0	0.0	0.0
Event_252	Node_4	Node_3	8	3	0	0.0	0.0	0.0	0.0	0.0
Event_253	Node_134	R27252	8	1	0	0.0	0.0	0.0	0.0	0.0
Event_254	Node_148	Node_147	11	15	11	1.0	1.0	0.7333333333333333	1.0	0.06666666666666667
Event_255	Node_17	Node_16	10	11	10	1.0	1.0	0.9090909090909091	1.0	0.09090909090909091
Event_256	Node_133	Node_65	12	62	0	0.0	0.0	0.0	0.0	0.0
Event_257	Node_29	TB3386	16	1	0	0.0	0.0	0.0	0.0	0.0
Event_258	Node_134	R27252	4	1	0	0.0	0.0	0.0	0.0	0.0
Event_259	Node_145	N0072	4	1	0	0.0	0.0	0.0	0.0	0.0
Event_260	Node_132	Node_71	5	7	0	0.0	0.0	0.0	0.0	0.0
Event_261	Node_19	R21363	14	1	0	0.0	0.0	0.0	0.0	0.0
Event_262	Node_34	M0010874_7	10	1	0	0.0	0.0	0.0	0.0	0.0
Event_263	Node_41	Node_40	5	2	0	0.0	0.0	0.0	0.0	0.0
Event_264	Node_149	RW-TB008	5	1	0	0.0	0.0	0.0	0.0	0.0
Event_265	Node_25	Node_24	4	7	0	0.0	0.0	0.0	0.0	0.0
Event_266	Node_4	Node_1	4	2	0	0.0	0.0	0.0	0.0	0.0
Event_267	Node_149	RW-TB008	4	1	0	0.0	0.0	0.0	0.0	0.0
Event_268	Node_43	TB3237	4	1	0	0.0	0.0	0.0	0.0	0.0
Event_269	Node_36	Node_28	6	2	0	0.0	0.0	0.0	0.0	0.0
Event_270	Node_132	Node_131	5	61	0	0.0	0.0	0.0	0.0	0.0
Event_271	Node_15	mada_139	7	1	0	0.0	0.0	0.0	0.0	0.0
Event_272	Node_148	Node_147	5	15	0	0.0	0.0	0.0	0.0	0.0
Event_273	Node_12	Node_11	4	3	0	0.0	0.0	0.0	0.0	0.0
Event_274	Node_59	01_R1134	7	1	0	0.0	0.0	0.0	0.0	0.0
Event_275	Node_136	mada_1-44	30	1	0	0.0	0.0	0.0	0.0	0.0
Event_276	Node_96	Node_95	4	2	0	0.0	0.0	0.0	0.0	0.0
Event_277	Node_48	Node_47	8	2	0	0.0	0.0	0.0	0.0	0.0
Event_278	Node_27	Node_5	26	2	0	0.0	0.0	0.0	0.0	0.0
Event_279	Node_13	Node_9	24	4	0	0.0	0.0	0.0	0.0	0.0
Event_280	Node_41	Node_40	11	2	0	0.0	0.0	0.0	0.0	0.0
Event_281	Node_1	N1272	5	1	0	0.0	0.0	0.0	0.0	0.0
Event_282	Node_22	Node_21	5	2	0	0.0	0.0	0.0	0.0	0.0
Event_283	Node_134	R27252	5	1	0	0.0	0.0	0.0	0.0	0.0
Event_284	Node_25	M0017522_5	7	1	0	0.0	0.0	0.0	0.0	0.0
Event_285	Node_69	Node_67	9	3	0	0.0	0.0	0.0	0.0	0.0
Event_286	Node_2	N0091	13	1	0	0.0	0.0	0.0	0.0	0.0
Event_287	Node_42	02_R1896	19	1	0	0.0	0.0	0.0	0.0	0.0
Event_288	Node_37	01_R1430	15	1	0	0.0	0.0	0.0	0.0	0.0
Event_289	Node_25	M0017522_5	6	1	0	0.0	0.0	0.0	0.0	0.0
Event_290	Node_48	TB3054	27	1	0	0.0	0.0	0.0	0.0	0.0
Event_291	Node_41	Node_39	20	3	0	0.0	0.0	0.0	0.0	0.0
Event_292	Node_50	mada_1-50	20	1	0	0.0	0.0	0.0	0.0	0.0
Event_293	Node_9	mada_105	33	1	0	0.0	0.0	0.0	0.0	0.0
Event_294	Node_18	Node_6	7	2	0	0.0	0.0	0.0	0.0	0.0
Event_295	Node_31	Node_30	25	3	0	0.0	0.0	0.0	0.0	0.0
Event_296	Node_71	N1274	7	1	0	0.0	0.0	0.0	0.0	0.0
Event_297	Node_148	Node_147	5	15	0	0.0	0.0	0.0	0.0	0.0
Event_298	Node_25	M0017522_5	14	1	0	0.0	0.0	0.0	0.0	0.0
Event_299	Node_15	mada_139	6	1	0	0.0	0.0	0.0	0.0	0.0
Event_300	Node_131	Node_85	15	15	0	0.0	0.0	0.0	0.0	0.0
Event_301	Node_138	mada_1-1	7	1	0	0.0	0.0	0.0	0.0	0.0
Event_302	Node_70	N0054	4	1	0	0.0	0.0	0.0	0.0	0.0
Event_303	Node_7	mada_151	7	1	0	0.0	0.0	0.0	0.0	0.0
Event_304	Node_59	01_R1134	4	1	0	0.0	0.0	0.0	0.0	0.0
Event_305	Node_71	N1274	4	1	0	0.0	0.0	0.0	0.0	0.0
Event_306	Node_147	Node_134	8	2	0	0.0	0.0	0.0	0.0	0.0
Event_307	Node_149	RW-TB008	8	1	0	0.0	0.0	0.0	0.0	0.0
Event_308	Node_143	Node_142	10	9	3	0.3	0.0	0.3333333333333333	0.3	0.03333333333333333
Event_309	Node_54	mada_128	5	1	0	0.0	0.0	0.0	0.0	0.0
Event_310	Node_141	mada_122	4	1	0	0.0	0.0	0.0	0.0	0.0
Event_311	Node_42	mada_2-25	4	1	0	0.0	0.0	0.0	0.0	0.0
Event_312	Node_57	Node_56	5	9	0	0.0	0.0	0.0	0.0	0.0
Event_313	Node_28	R15311	6	1	0	0.0	0.0	0.0	0.0	0.0
Event_314	Node_48	TB3054	4	1	0	0.0	0.0	0.0	0.0	0.0
Event_315	Node_136	mada_2-46	4	1	0	0.0	0.0	0.0	0.0	0.0
Event_316	Node_144	mada_1-10	4	1	0	0.0	0.0	0.0	0.0	0.0
Event_317	Node_143	mada_118	10	1	0	0.0	0.0	0.0	0.0	0.0
Event_318	Node_17	TB3334	5	1	0	0.0	0.0	0.0	0.0	0.0
Event_319	Node_26	Node_18	5	14	5	1.0	1.0	0.35714285714285715	1.0	0.07142857142857142
Event_320	Node_64	TB3251	6	1	0	0.0	0.0	0.0	0.0	0.0
Event_321	Node_149	RW-TB008	13	1	0	0.0	0.0	0.0	0.0	0.0
Event_322	Node_59	Node_58	4	11	0	0.0	0.0	0.0	0.0	0.0
Event_323	Node_112	Node_102	7	5	0	0.0	0.0	0.0	0.0	0.0
Event_324	Node_148	Node_133	4	130	0	0.0	0.0	0.0	0.0	0.0
