seqname	start_1based	end_1based	strand	Parent_Node	Child_Node	neg_log_likelihood	snp_count	taxa_List	start_0based	CenterOfRegion	EventLen	Lineage	Num_Tips_Downstream	Overlap_Genes	Overlap_Gene_RvIDs	EventID	Contains_Esx	Contains_PEPPE	Contains_REP13E12	NoOverlap_Wi_PEPPE_Esx_13E12_Genes	Overlap_HHRs	N_HmMapAln_PR_Ovrlap	OvrlapWi_HmMap_ParalogReg	N_HmMapAln_LR_Ovrlap	OvrlapWi_HmMap_LocalRepeat	N_LCR_Ovrlap	OvrlapWi_LowComplexityRegion	N_LowPmap_Ovrlap	OvrlapWi_LowPmapRegion
NC_000962.3	103600	104478	.	Node_148	Node_133	1737.432787	10	['mada_2-31', 'mada_1-41', 'MT_0080', 'mada_102', 'TB3334', 'mada_105', 'TB3169', 'M0014888_3', 'mada_151', 'mada_129', 'QC-4', 'QC-8', 'QC-10', '02_R1708', '02_R0894', 'mada_139', 'M0017522_5', 'S0106-01', 'R21770', 'R21839', 'R21363', 'mada_1-32', 'R30396', 'R20896', 'TB3251', 'M0016395_7', 'R15311', '02_R1179', 'TB3162', 'TB2661', 'TB3386', 'M0010874_7', 'QC-7', 'QC-6', 'QC-1', '01_R1430', 'M0011368_9', 'mada_103', 'mada_112', 'mada_124', 'S0123-01', 'S0262-02', '02_R1896', 'mada_2-25', 'TB3237', 'TB4620', 'M0016737_0', 'TB3054', 'mada_126', 'mada_120', '01_R1134', 'mada_1-38', 'TB2968', 'mada_123', 'R23571', 'mada_2-1', 'mada_1-50', 'mada_1-53', 'mada_2-53', 'mada_1-12', 'mada_128', 'mada_1-15', 'N1274', 'N0054', 'QC-3', 'QC-9', 'QC-5', 'N0004', 'mada_1-30', 'R21893', 'R30420', 'R32929', 'R26778', 'R23146', 'R28980', 'R21408', 'R20574', 'R20260', 'R26791', 'R27725', 'R18043', 'R18040', 'R27937', 'R22601', '18_0621851', 'N0155', 'mada_1-11', 'N0145', 'S0085-01', 'S0089-01', 'S0107-01', 'R29598', 'R24100', 'R28581', 'S0256-08', 'R37765', 'M0003941_3', 'mada_115', 'mada_2-42', 'TB2995', 'TB2512', 'TB2981', '706-05', 'TB3113', 'S0070-08', 'R29816', 'R36431', 'R24120', 'R28703', 'R30234', 'R31095', 'R30078', 'R28012', 'R27657', 'R30215', 'R25048', 'TB2780', 'TB3368', '8129-04', 'TB1236', 'TB2659', 'TB1612', 'TB3396', '4549-04', '696-05', '8651-04', 'TB3091', '702-06', '9050-05', '3003-06']	103599	104038.5	879	None	130	Rv0093c,Rv0094c	Rv0093c,Rv0094c	Event_001	False	False	True	False	PR_HmRegion_002	2	1	0	0	0	0	1	1
NC_000962.3	103676	103930	.	Node_3	N1177	1950.228311	5	['N1177']	103675	103802.5	255	lineage6	0	Rv0094c	Rv0094c	Event_002	False	False	True	False	PR_HmRegion_002	2	1	0	0	0	0	1	1
NC_000962.3	103823	103846	.	Node_146	N0153	1944.165722	4	['N0153']	103822	103834.0	24	lineage1	0	Rv0094c	Rv0094c	Event_003	False	False	True	False	PR_HmRegion_002	2	1	0	0	0	0	1	1
NC_000962.3	103823	104065	.	Node_134	R27252	2067.461166	6	['R27252']	103822	103943.5	243	lineage1	0	Rv0094c	Rv0094c	Event_004	False	False	True	False	PR_HmRegion_002	2	1	0	0	0	0	1	1
NC_000962.3	103823	104712	.	Node_4	Node_3	3155.350126	7	['N1177', 'N1202', 'N0091']	103822	104267.0	890	lineage6	3	Rv0094c	Rv0094c	Event_005	False	False	True	False	PR_HmRegion_002	2	1	0	0	0	0	1	1
NC_000962.3	103823	104941	.	Node_2	N0091	1750.558488	12	['N0091']	103822	104381.5	1119	lineage6	0	Rv0094c,Rv0095c	Rv0094c,Rv0095c	Event_006	False	False	True	False	PR_HmRegion_002	2	1	0	0	0	0	2	1
NC_000962.3	103823	105000	.	Node_149	RW-TB008	4639.341065	16	['RW-TB008']	103822	104411.0	1178	lineage8	0	Rv0094c,Rv0095c	Rv0094c,Rv0095c	Event_007	False	False	True	False	PR_HmRegion_002	2	1	0	0	0	0	3	1
NC_000962.3	103836	104283	.	Node_36	Node_28	639.18739	5	['M0016395_7', 'R15311']	103835	104059.0	448	lineage4	2	Rv0094c	Rv0094c	Event_008	False	False	True	False	PR_HmRegion_002	2	1	0	0	0	0	1	1
NC_000962.3	103836	104283	.	Node_69	Node_67	961.131709	4	['QC-3', 'QC-9', 'QC-5']	103835	104059.0	448	lineage3	3	Rv0094c	Rv0094c	Event_009	False	False	True	False	PR_HmRegion_002	2	1	0	0	0	0	1	1
NC_000962.3	103840	105045	.	Node_4	Node_1	3593.178381	31	['N1272', 'N1176']	103839	104442.0	1206	lineage5	2	Rv0094c,Rv0095c	Rv0094c,Rv0095c	Event_010	False	False	True	False	PR_HmRegion_002	2	1	0	0	0	0	3	1
NC_000962.3	103879	104283	.	Node_46	M0016737_0	1133.144121	4	['M0016737_0']	103878	104080.5	405	lineage4	0	Rv0094c	Rv0094c	Event_011	False	False	True	False	PR_HmRegion_002	2	1	0	0	0	0	1	1
NC_000962.3	103879	104283	.	Node_48	Node_47	1508.318418	5	['mada_126', 'mada_120']	103878	104080.5	405	lineage4	2	Rv0094c	Rv0094c	Event_012	False	False	True	False	PR_HmRegion_002	2	1	0	0	0	0	1	1
NC_000962.3	103893	104034	.	Node_148	Node_147	2463.174204	6	['R27252', 'R23887', 'N0153', 'N0072', 'mada_1-10', 'mada_118', 'mada_1-36', 'mada_117', 'mada_1-39', 'mada_107', 'mada_2-46', 'mada_1-44', 'mada_1-1', 'mada_1-51', 'mada_122']	103892	103963.0	142	lineage1	15	Rv0094c	Rv0094c	Event_013	False	False	True	False	PR_HmRegion_002	2	1	0	0	0	0	1	1
NC_000962.3	103992	104478	.	Node_143	mada_118	1287.558839	7	['mada_118']	103991	104234.5	487	lineage1	0	Rv0094c	Rv0094c	Event_014	False	False	True	False	PR_HmRegion_002	2	1	0	0	0	0	1	1
NC_000962.3	103992	104478	.	Node_145	N0072	1377.850951	6	['N0072']	103991	104234.5	487	lineage1	0	Rv0094c	Rv0094c	Event_015	False	False	True	False	PR_HmRegion_002	2	1	0	0	0	0	1	1
NC_000962.3	104065	104283	.	Node_143	Node_142	658.632674	4	['mada_1-36', 'mada_117', 'mada_1-39', 'mada_107', 'mada_2-46', 'mada_1-44', 'mada_1-1', 'mada_1-51', 'mada_122']	104064	104173.5	219	lineage1	9	Rv0094c	Rv0094c	Event_016	False	False	True	False	PR_HmRegion_002	2	1	0	0	0	0	1	1
NC_000962.3	104276	105063	.	Node_64	TB3251	2212.005781	16	['TB3251']	104275	104669.0	788	lineage4	0	Rv0094c,Rv0095c	Rv0094c,Rv0095c	Event_017	False	False	True	False	PR_HmRegion_002	2	1	0	0	0	0	3	1
NC_000962.3	104767	104824	.	Node_28	R15311	622.885743	14	['R15311']	104766	104795.0	58	lineage4	0	Rv0095c	Rv0095c	Event_018	False	False	True	False	PR_HmRegion_002	2	1	0	0	0	0	1	1
NC_000962.3	104767	104838	.	Node_20	R21770	693.527123	16	['R21770']	104766	104802.0	72	lineage4	0	Rv0095c	Rv0095c	Event_019	False	False	True	False	PR_HmRegion_002	2	1	0	0	0	0	2	1
NC_000962.3	104767	104858	.	Node_41	Node_40	736.547601	17	['S0123-01', 'S0262-02']	104766	104812.0	92	lineage4	2	Rv0095c	Rv0095c	Event_020	False	False	True	False	PR_HmRegion_002	2	1	0	0	0	0	2	1
NC_000962.3	104767	105011	.	Node_144	mada_1-10	1639.616511	18	['mada_1-10']	104766	104888.5	245	lineage1	0	Rv0095c	Rv0095c	Event_021	False	False	True	False	PR_HmRegion_002	2	1	0	0	0	0	3	1
NC_000962.3	104767	105011	.	Node_53	mada_123	756.155351	29	['mada_123']	104766	104888.5	245	lineage4	0	Rv0095c	Rv0095c	Event_022	False	False	True	False	PR_HmRegion_002	2	1	0	0	0	0	3	1
NC_000962.3	104767	105045	.	Node_132	Node_131	1524.899526	25	['R21893', 'R30420', 'R32929', 'R26778', 'R23146', 'R28980', 'R21408', 'R20574', 'R20260', 'R26791', 'R27725', 'R18043', 'R18040', 'R27937', 'R22601', '18_0621851', 'N0155', 'mada_1-11', 'N0145', 'S0085-01', 'S0089-01', 'S0107-01', 'R29598', 'R24100', 'R28581', 'S0256-08', 'R37765', 'M0003941_3', 'mada_115', 'mada_2-42', 'TB2995', 'TB2512', 'TB2981', '706-05', 'TB3113', 'S0070-08', 'R29816', 'R36431', 'R24120', 'R28703', 'R30234', 'R31095', 'R30078', 'R28012', 'R27657', 'R30215', 'R25048', 'TB2780', 'TB3368', '8129-04', 'TB1236', 'TB2659', 'TB1612', 'TB3396', '4549-04', '696-05', '8651-04', 'TB3091', '702-06', '9050-05', '3003-06']	104766	104905.5	279	lineage2	61	Rv0095c	Rv0095c	Event_023	False	False	True	False	PR_HmRegion_002	2	1	0	0	0	0	3	1
NC_000962.3	104771	104817	.	Node_138	mada_1-1	565.586723	12	['mada_1-1']	104770	104793.5	47	lineage1	0	Rv0095c	Rv0095c	Event_024	False	False	True	False	PR_HmRegion_002	2	1	0	0	0	0	1	1
NC_000962.3	104782	104943	.	Node_90	Node_88	91.192809	4	['S0107-01', 'R29598', 'R24100']	104781	104862.0	162	lineage2	3	Rv0095c	Rv0095c	Event_025	False	False	True	False	PR_HmRegion_002	2	1	0	0	0	0	3	1
NC_000962.3	104782	104962	.	Node_59	01_R1134	1714.354684	7	['01_R1134']	104781	104871.5	181	lineage4	0	Rv0095c	Rv0095c	Event_026	False	False	True	False	PR_HmRegion_002	2	1	0	0	0	0	3	1
NC_000962.3	104915	104944	.	Node_46	TB4620	1000.992789	6	['TB4620']	104914	104929.0	30	lineage4	0	Rv0095c	Rv0095c	Event_027	False	False	True	False	PR_HmRegion_002	2	1	0	0	0	0	2	1
NC_000962.3	104915	105045	.	Node_36	Node_35	599.300815	8	['02_R1179', 'TB3162', 'TB2661', 'TB3386', 'M0010874_7', 'QC-7', 'QC-6', 'QC-1']	104914	104979.5	131	lineage4	8	Rv0095c	Rv0095c	Event_028	False	False	True	False	PR_HmRegion_002	2	1	0	0	0	0	2	1
NC_000962.3	104944	105050	.	Node_62	Node_45	862.45941	4	['01_R1430', 'M0011368_9', 'mada_103', 'mada_112', 'mada_124', 'S0123-01', 'S0262-02', '02_R1896', 'mada_2-25', 'TB3237']	104943	104996.5	107	lineage4	10	Rv0095c	Rv0095c	Event_029	False	False	True	False	PR_HmRegion_002	2	1	0	0	0	0	1	1
NC_000962.3	104962	105063	.	Node_22	Node_21	697.892208	4	['R30396', 'R20896']	104961	105012.0	102	lineage4	2	Rv0095c	Rv0095c	Event_030	False	False	True	False	PR_HmRegion_002	2	1	0	0	0	0	1	1
NC_000962.3	105021	105063	.	Node_50	Node_49	204.548917	4	['mada_1-53', 'mada_2-53']	105020	105041.5	43	lineage4	2	Rv0095c	Rv0095c	Event_031	False	False	True	False	PR_HmRegion_002	2	1	0	0	0	0	1	1
NC_000962.3	150327	150338	.	Node_25	Node_24	729.76606	6	['S0106-01', 'R21770', 'R21839', 'R21363', 'mada_1-32', 'R30396', 'R20896']	150326	150332.0	12	lineage4	7	PE_PGRS2	Rv0124	Event_032	False	True	False	False		0	0	0	0	1	1	0	0
NC_000962.3	332726	332916	.	Node_17	TB3334	946.59072	4	['TB3334']	332725	332820.5	191	lineage4	0	vapC25	Rv0277c	Event_033	False	False	False	True	PR_HmRegion_009	1	1	0	0	0	0	1	1
NC_000962.3	332726	333086	.	Node_144	mada_1-10	1590.558219	10	['mada_1-10']	332725	332905.5	361	lineage1	0	vapC25	Rv0277c	Event_034	False	False	False	True	PR_HmRegion_009	1	1	0	0	0	0	1	1
NC_000962.3	333406	333441	.	Node_34	M0010874_7	612.115174	7	['M0010874_7']	333405	333423.0	36	lineage4	0	vapB25,PE_PGRS3	Rv0277A,Rv0278c	Event_035	False	True	False	False	PR_HmRegion_009	1	1	0	0	0	0	0	0
NC_000962.3	334552	334577	.	Node_15	Node_14	610.509286	6	['02_R1708', '02_R0894']	334551	334564.0	26	lineage4	2	PE_PGRS3	Rv0278c	Event_036	False	True	False	False	PR_HmRegion_009,LR_HmRegion_000	3	1	1	1	1	1	1	1
NC_000962.3	338618	338792	.	Node_65	Node_27	522.375645	5	['mada_2-31', 'mada_1-41', 'MT_0080', 'mada_102', 'TB3334', 'mada_105', 'TB3169', 'M0014888_3', 'mada_151', 'mada_129', 'QC-4', 'QC-8', 'QC-10', '02_R1708', '02_R0894', 'mada_139', 'M0017522_5', 'S0106-01', 'R21770', 'R21839', 'R21363', 'mada_1-32', 'R30396', 'R20896']	338617	338704.5	175	lineage4	24	PE_PGRS4	Rv0279c	Event_037	False	True	False	False	PR_HmRegion_010	2	1	0	0	1	1	1	1
NC_000962.3	338648	338692	.	Node_71	Node_70	725.891916	7	['N0054', 'QC-3', 'QC-9', 'QC-5', 'N0004', 'mada_1-30']	338647	338669.5	45	lineage3	6	PE_PGRS4	Rv0279c	Event_038	False	True	False	False	PR_HmRegion_010	2	1	0	0	1	1	1	1
NC_000962.3	338719	338837	.	Node_30	TB3162	379.336794	13	['TB3162']	338718	338777.5	119	lineage4	0	PE_PGRS4	Rv0279c	Event_039	False	True	False	False	PR_HmRegion_010	2	1	0	0	1	1	2	1
NC_000962.3	338719	338837	.	Node_6	MT_0080	869.760686	6	['MT_0080']	338718	338777.5	119	lineage4	0	PE_PGRS4	Rv0279c	Event_040	False	True	False	False	PR_HmRegion_010	2	1	0	0	1	1	2	1
NC_000962.3	338719	338984	.	Node_25	M0017522_5	1554.085367	18	['M0017522_5']	338718	338851.0	266	lineage4	0	PE_PGRS4	Rv0279c	Event_041	False	True	False	False	PR_HmRegion_010	2	1	0	0	1	1	3	1
NC_000962.3	338768	338903	.	Node_27	Node_5	1630.581177	6	['mada_2-31', 'mada_1-41']	338767	338835.0	136	lineage4	2	PE_PGRS4	Rv0279c	Event_042	False	True	False	False	PR_HmRegion_010	2	1	0	0	0	0	2	1
NC_000962.3	338789	338837	.	Node_138	mada_1-1	463.485159	5	['mada_1-1']	338788	338812.5	49	lineage1	0	PE_PGRS4	Rv0279c	Event_043	False	True	False	False	PR_HmRegion_010	2	1	0	0	0	0	2	1
NC_000962.3	338844	338903	.	Node_53	Node_52	105.775287	4	['R23571', 'mada_2-1', 'mada_1-50', 'mada_1-53', 'mada_2-53']	338843	338873.0	60	lineage4	5	PE_PGRS4	Rv0279c	Event_044	False	True	False	False	PR_HmRegion_010	2	1	0	0	0	0	1	1
NC_000962.3	338844	338963	.	Node_54	mada_1-12	605.716191	6	['mada_1-12']	338843	338903.0	120	lineage4	0	PE_PGRS4	Rv0279c	Event_045	False	True	False	False	PR_HmRegion_010	2	1	0	0	0	0	2	1
NC_000962.3	338984	338998	.	Node_36	Node_35	571.550662	4	['02_R1179', 'TB3162', 'TB2661', 'TB3386', 'M0010874_7', 'QC-7', 'QC-6', 'QC-1']	338983	338990.5	15	lineage4	8	PE_PGRS4	Rv0279c	Event_046	False	True	False	False	PR_HmRegion_010	2	1	0	0	0	0	2	1
NC_000962.3	473767	473971	.	Node_134	R27252	2090.86106	6	['R27252']	473766	473868.5	205	lineage1	0	Rv0393	Rv0393	Event_047	False	False	True	False	PR_HmRegion_018	1	1	0	0	0	0	1	1
NC_000962.3	473822	473971	.	Node_60	Node_48	278.500441	5	['TB3054', 'mada_126', 'mada_120']	473821	473896.0	150	lineage4	3	Rv0393	Rv0393	Event_048	False	False	True	False	PR_HmRegion_018	1	1	0	0	0	0	1	1
NC_000962.3	475833	475971	.	Node_41	Node_40	648.389372	7	['S0123-01', 'S0262-02']	475832	475901.5	139	lineage4	2	Rv0397	Rv0397	Event_049	False	False	False	True	PR_HmRegion_019	1	1	0	0	0	0	1	1
NC_000962.3	475959	476054	.	Node_4	Node_3	3238.214777	10	['N1177', 'N1202', 'N0091']	475958	476006.0	96	lineage6	3	Rv0397	Rv0397	Event_050	False	False	False	True	PR_HmRegion_019	1	1	0	0	0	0	1	1
NC_000962.3	531580	531595	.	Node_41	Node_40	617.781169	5	['S0123-01', 'S0262-02']	531579	531587.0	16	lineage4	2	PPE10	Rv0442c	Event_051	False	True	False	False		0	0	0	0	1	1	1	1
NC_000962.3	531622	531631	.	Node_57	Node_56	435.671253	4	['mada_123', 'R23571', 'mada_2-1', 'mada_1-50', 'mada_1-53', 'mada_2-53', 'mada_1-12', 'mada_128', 'mada_1-15']	531621	531626.0	10	lineage4	9	PPE10	Rv0442c	Event_052	False	True	False	False		0	0	0	0	1	1	0	0
NC_000962.3	623260	623279	.	Node_4	Node_1	3464.693255	5	['N1272', 'N1176']	623259	623269.0	20	lineage5	2	PE_PGRS6	Rv0532	Event_053	False	True	False	False		0	0	0	0	1	1	0	0
NC_000962.3	623260	623279	.	Node_69	Node_67	972.830205	4	['QC-3', 'QC-9', 'QC-5']	623259	623269.0	20	lineage3	3	PE_PGRS6	Rv0532	Event_054	False	True	False	False		0	0	0	0	1	1	0	0
NC_000962.3	837497	837508	.	Node_134	R23887	2050.445707	4	['R23887']	837496	837502.0	12	lineage1	0	PE_PGRS9	Rv0746	Event_055	False	True	False	False	LR_HmRegion_006	0	0	1	1	1	1	0	0
NC_000962.3	838643	838702	.	Node_146	N0153	2031.217925	18	['N0153']	838642	838672.0	60	lineage1	0	PE_PGRS10	Rv0747	Event_056	False	True	False	False	PR_HmRegion_032,LR_HmRegion_006	3	1	1	1	0	0	1	1
NC_000962.3	839098	839291	.	Node_4	Node_3	3211.012559	7	['N1177', 'N1202', 'N0091']	839097	839194.0	194	lineage6	3	PE_PGRS10	Rv0747	Event_057	False	True	False	False	PR_HmRegion_032,LR_HmRegion_006	6	1	1	1	1	1	1	1
NC_000962.3	839251	839291	.	Node_144	mada_1-10	1511.404547	5	['mada_1-10']	839250	839270.5	41	lineage1	0	PE_PGRS10	Rv0747	Event_058	False	True	False	False	PR_HmRegion_032,LR_HmRegion_006	6	1	1	1	1	1	1	1
NC_000962.3	841377	841651	.	Node_27	Node_5	1591.478718	6	['mada_2-31', 'mada_1-41']	841376	841513.5	275	lineage4	2	vapC31	Rv0749	Event_059	False	False	False	True	PR_HmRegion_032	1	1	0	0	0	0	1	1
NC_000962.3	841377	841651	.	Node_53	mada_123	691.198422	10	['mada_123']	841376	841513.5	275	lineage4	0	vapC31	Rv0749	Event_060	False	False	False	True	PR_HmRegion_032	1	1	0	0	0	0	1	1
NC_000962.3	842026	842111	.	Node_17	TB3334	1025.223997	10	['TB3334']	842025	842068.0	86	lineage4	0	Rv0750	Rv0750	Event_061	False	False	False	True	PR_HmRegion_033	1	1	0	0	0	0	1	1
NC_000962.3	842051	842065	.	Node_64	TB3251	2083.211646	6	['TB3251']	842050	842057.5	15	lineage4	0	Rv0750	Rv0750	Event_062	False	False	False	True	PR_HmRegion_033	1	1	0	0	0	0	1	1
NC_000962.3	842051	842111	.	Node_89	S0256-08	124.943606	7	['S0256-08']	842050	842080.5	61	lineage2	0	Rv0750	Rv0750	Event_063	False	False	False	True	PR_HmRegion_033	1	1	0	0	0	0	1	1
NC_000962.3	921813	921861	.	Node_149	RW-TB008	4400.769124	5	['RW-TB008']	921812	921836.5	49	lineage8	0	Rv0829	Rv0829	Event_064	False	False	False	True	PR_HmRegion_036,LR_HmRegion_007	3	1	1	1	0	0	1	1
NC_000962.3	921813	921861	.	Node_27	Node_5	1552.057887	4	['mada_2-31', 'mada_1-41']	921812	921836.5	49	lineage4	2	Rv0829	Rv0829	Event_065	False	False	False	True	PR_HmRegion_036,LR_HmRegion_007	3	1	1	1	0	0	1	1
NC_000962.3	925786	925801	.	Node_143	mada_118	1258.587675	4	['mada_118']	925785	925793.0	16	lineage1	0	PE_PGRS13	Rv0833	Event_066	False	True	False	False	PR_HmRegion_037,LR_HmRegion_007	3	1	1	1	1	1	1	1
NC_000962.3	1094140	1094415	.	Node_148	Node_133	1606.178382	5	['mada_2-31', 'mada_1-41', 'MT_0080', 'mada_102', 'TB3334', 'mada_105', 'TB3169', 'M0014888_3', 'mada_151', 'mada_129', 'QC-4', 'QC-8', 'QC-10', '02_R1708', '02_R0894', 'mada_139', 'M0017522_5', 'S0106-01', 'R21770', 'R21839', 'R21363', 'mada_1-32', 'R30396', 'R20896', 'TB3251', 'M0016395_7', 'R15311', '02_R1179', 'TB3162', 'TB2661', 'TB3386', 'M0010874_7', 'QC-7', 'QC-6', 'QC-1', '01_R1430', 'M0011368_9', 'mada_103', 'mada_112', 'mada_124', 'S0123-01', 'S0262-02', '02_R1896', 'mada_2-25', 'TB3237', 'TB4620', 'M0016737_0', 'TB3054', 'mada_126', 'mada_120', '01_R1134', 'mada_1-38', 'TB2968', 'mada_123', 'R23571', 'mada_2-1', 'mada_1-50', 'mada_1-53', 'mada_2-53', 'mada_1-12', 'mada_128', 'mada_1-15', 'N1274', 'N0054', 'QC-3', 'QC-9', 'QC-5', 'N0004', 'mada_1-30', 'R21893', 'R30420', 'R32929', 'R26778', 'R23146', 'R28980', 'R21408', 'R20574', 'R20260', 'R26791', 'R27725', 'R18043', 'R18040', 'R27937', 'R22601', '18_0621851', 'N0155', 'mada_1-11', 'N0145', 'S0085-01', 'S0089-01', 'S0107-01', 'R29598', 'R24100', 'R28581', 'S0256-08', 'R37765', 'M0003941_3', 'mada_115', 'mada_2-42', 'TB2995', 'TB2512', 'TB2981', '706-05', 'TB3113', 'S0070-08', 'R29816', 'R36431', 'R24120', 'R28703', 'R30234', 'R31095', 'R30078', 'R28012', 'R27657', 'R30215', 'R25048', 'TB2780', 'TB3368', '8129-04', 'TB1236', 'TB2659', 'TB1612', 'TB3396', '4549-04', '696-05', '8651-04', 'TB3091', '702-06', '9050-05', '3003-06']	1094139	1094277.0	276	None	130	PE_PGRS17	Rv0978c	Event_067	False	True	False	False	PR_HmRegion_040	2	1	0	0	0	0	1	1
NC_000962.3	1094140	1094472	.	Node_71	N1274	1385.212886	6	['N1274']	1094139	1094305.5	333	lineage3	0	PE_PGRS17	Rv0978c	Event_068	False	True	False	False	PR_HmRegion_040	2	1	0	0	0	0	1	1
NC_000962.3	1094303	1094538	.	Node_145	Node_144	234.617637	5	['mada_1-10', 'mada_118', 'mada_1-36', 'mada_117', 'mada_1-39', 'mada_107', 'mada_2-46', 'mada_1-44', 'mada_1-1', 'mada_1-51', 'mada_122']	1094302	1094420.0	236	lineage1	11	PE_PGRS17	Rv0978c	Event_069	False	True	False	False	PR_HmRegion_040	2	1	0	0	0	0	1	1
NC_000962.3	1094303	1094538	.	Node_57	TB2968	979.09263	5	['TB2968']	1094302	1094420.0	236	lineage4	0	PE_PGRS17	Rv0978c	Event_070	False	True	False	False	PR_HmRegion_040	2	1	0	0	0	0	1	1
NC_000962.3	1095338	1095525	.	Node_25	M0017522_5	1434.295216	13	['M0017522_5']	1095337	1095431.0	188	lineage4	0	PE_PGRS18	Rv0980c	Event_071	False	True	False	False	PR_HmRegion_041	1	1	0	0	1	1	1	1
NC_000962.3	1095850	1095855	.	Node_146	N0153	1980.633567	4	['N0153']	1095849	1095852.0	6	lineage1	0	PE_PGRS18	Rv0980c	Event_072	False	True	False	False	PR_HmRegion_041	2	1	0	0	1	1	1	1
NC_000962.3	1095942	1096023	.	Node_65	Node_27	546.026328	7	['mada_2-31', 'mada_1-41', 'MT_0080', 'mada_102', 'TB3334', 'mada_105', 'TB3169', 'M0014888_3', 'mada_151', 'mada_129', 'QC-4', 'QC-8', 'QC-10', '02_R1708', '02_R0894', 'mada_139', 'M0017522_5', 'S0106-01', 'R21770', 'R21839', 'R21363', 'mada_1-32', 'R30396', 'R20896']	1095941	1095982.0	82	lineage4	24	PE_PGRS18	Rv0980c	Event_073	False	True	False	False	PR_HmRegion_041	2	1	0	0	1	1	1	1
NC_000962.3	1095942	1096508	.	Node_33	QC-7	453.044581	9	['QC-7']	1095941	1096224.5	567	lineage4	0	PE_PGRS18	Rv0980c	Event_074	False	True	False	False	PR_HmRegion_041	2	1	0	0	1	1	1	1
NC_000962.3	1095981	1096323	.	Node_1	N1272	1012.661678	4	['N1272']	1095980	1096151.5	343	lineage5	0	PE_PGRS18	Rv0980c	Event_075	False	True	False	False	PR_HmRegion_041	2	1	0	0	1	1	1	1
NC_000962.3	1095981	1096567	.	Node_148	Node_147	2414.268739	7	['R27252', 'R23887', 'N0153', 'N0072', 'mada_1-10', 'mada_118', 'mada_1-36', 'mada_117', 'mada_1-39', 'mada_107', 'mada_2-46', 'mada_1-44', 'mada_1-1', 'mada_1-51', 'mada_122']	1095980	1096273.5	587	lineage1	15	PE_PGRS18	Rv0980c	Event_076	False	True	False	False	PR_HmRegion_041	2	1	0	0	1	1	1	1
NC_000962.3	1096205	1096510	.	Node_63	Node_36	716.875948	6	['M0016395_7', 'R15311', '02_R1179', 'TB3162', 'TB2661', 'TB3386', 'M0010874_7', 'QC-7', 'QC-6', 'QC-1']	1096204	1096357.0	306	lineage4	10	PE_PGRS18	Rv0980c	Event_077	False	True	False	False	PR_HmRegion_041	2	1	0	0	0	0	1	1
NC_000962.3	1096235	1096510	.	Node_131	Node_130	1029.55034	4	['18_0621851', 'N0155', 'mada_1-11', 'N0145', 'S0085-01', 'S0089-01', 'S0107-01', 'R29598', 'R24100', 'R28581', 'S0256-08', 'R37765', 'M0003941_3', 'mada_115', 'mada_2-42', 'TB2995', 'TB2512', 'TB2981', '706-05', 'TB3113', 'S0070-08', 'R29816', 'R36431', 'R24120', 'R28703', 'R30234', 'R31095', 'R30078', 'R28012', 'R27657', 'R30215', 'R25048', 'TB2780', 'TB3368', '8129-04', 'TB1236', 'TB2659', 'TB1612', 'TB3396', '4549-04', '696-05', '8651-04', 'TB3091', '702-06', '9050-05', '3003-06']	1096234	1096372.0	276	lineage2	46	PE_PGRS18	Rv0980c	Event_078	False	True	False	False	PR_HmRegion_041	2	1	0	0	0	0	1	1
NC_000962.3	1096665	1096671	.	Node_71	N1274	1415.473198	4	['N1274']	1096664	1096667.5	7	lineage3	0	_	_	Event_079	False	False	False	True	PR_HmRegion_041	2	1	0	0	0	0	1	1
NC_000962.3	1212095	1212130	.	Node_149	RW-TB008	4559.290871	6	['RW-TB008']	1212094	1212112.0	36	lineage8	0	PE_PGRS21	Rv1087	Event_080	False	True	False	False	PR_HmRegion_047	1	1	0	0	1	1	1	1
NC_000962.3	1213371	1213388	.	Node_149	RW-TB008	4484.833694	5	['RW-TB008']	1213370	1213379.0	18	lineage8	0	PE_PGRS21	Rv1087	Event_081	False	True	False	False		0	0	0	0	1	1	0	0
NC_000962.3	1217966	1217980	.	Node_101	706-05	135.457249	5	['706-05']	1217965	1217972.5	15	lineage2	0	PE_PGRS22	Rv1091	Event_082	False	True	False	False	LR_HmRegion_009	0	0	2	1	1	1	0	0
NC_000962.3	1263088	1263123	.	Node_24	S0106-01	640.497945	9	['S0106-01']	1263087	1263105.0	36	lineage4	0	PPE16	Rv1135c	Event_083	False	True	False	False	LR_HmRegion_010	0	0	1	1	1	1	1	1
NC_000962.3	1276321	1276432	.	Node_57	TB2968	958.694897	4	['TB2968']	1276320	1276376.0	112	lineage4	0	Rv1148c	Rv1148c	Event_084	False	False	True	False	PR_HmRegion_050	1	1	0	0	0	0	1	1
NC_000962.3	1276321	1276885	.	Node_17	Node_16	672.674762	45	['mada_105', 'TB3169', 'M0014888_3', 'mada_151', 'mada_129', 'QC-4', 'QC-8', 'QC-10', '02_R1708', '02_R0894', 'mada_139']	1276320	1276602.5	565	lineage4	11	Rv1148c	Rv1148c	Event_085	False	False	True	False	PR_HmRegion_050	1	1	0	0	0	0	2	1
NC_000962.3	1276375	1276822	.	Node_127	Node_113	428.585991	26	['R30215', 'R25048']	1276374	1276598.0	448	lineage2	2	Rv1148c	Rv1148c	Event_086	False	False	True	False	PR_HmRegion_050	1	1	0	0	0	0	1	1
NC_000962.3	1276448	1276938	.	Node_149	RW-TB008	4429.585352	8	['RW-TB008']	1276447	1276692.5	491	lineage8	0	Rv1148c	Rv1148c	Event_087	False	False	True	False	PR_HmRegion_050	1	1	0	0	0	0	2	1
NC_000962.3	1276683	1276885	.	Node_22	mada_1-32	622.337543	29	['mada_1-32']	1276682	1276783.5	203	lineage4	0	Rv1148c	Rv1148c	Event_088	False	False	True	False	PR_HmRegion_050	1	1	0	0	0	0	2	1
NC_000962.3	1276771	1276885	.	Node_68	N0004	951.690133	26	['N0004']	1276770	1276827.5	115	lineage3	0	Rv1148c	Rv1148c	Event_089	False	False	True	False	PR_HmRegion_050	1	1	0	0	0	0	2	1
NC_000962.3	1276842	1276885	.	Node_131	Node_130	1049.498838	14	['18_0621851', 'N0155', 'mada_1-11', 'N0145', 'S0085-01', 'S0089-01', 'S0107-01', 'R29598', 'R24100', 'R28581', 'S0256-08', 'R37765', 'M0003941_3', 'mada_115', 'mada_2-42', 'TB2995', 'TB2512', 'TB2981', '706-05', 'TB3113', 'S0070-08', 'R29816', 'R36431', 'R24120', 'R28703', 'R30234', 'R31095', 'R30078', 'R28012', 'R27657', 'R30215', 'R25048', 'TB2780', 'TB3368', '8129-04', 'TB1236', 'TB2659', 'TB1612', 'TB3396', '4549-04', '696-05', '8651-04', 'TB3091', '702-06', '9050-05', '3003-06']	1276841	1276863.0	44	lineage2	46	Rv1148c	Rv1148c	Event_090	False	False	True	False	PR_HmRegion_050	1	1	0	0	0	0	1	1
NC_000962.3	1339399	1339436	.	Node_36	Node_28	655.459143	4	['M0016395_7', 'R15311']	1339398	1339417.0	38	lineage4	2	PPE18	Rv1196	Event_091	False	True	False	False	PR_HmRegion_053	2	1	0	0	0	0	1	1
NC_000962.3	1339432	1339516	.	Node_114	TB3368	475.291405	6	['TB3368']	1339431	1339473.5	85	lineage2	0	PPE18	Rv1196	Event_092	False	True	False	False	PR_HmRegion_053	2	1	0	0	0	0	1	1
NC_000962.3	1339432	1339774	.	Node_27	Node_5	1536.817046	5	['mada_2-31', 'mada_1-41']	1339431	1339602.5	343	lineage4	2	PPE18	Rv1196	Event_093	False	True	False	False	PR_HmRegion_053	2	1	0	0	0	0	1	1
NC_000962.3	1339648	1339806	.	Node_25	M0017522_5	1625.53345	20	['M0017522_5']	1339647	1339726.5	159	lineage4	0	PPE18	Rv1196	Event_094	False	True	False	False	PR_HmRegion_053	2	1	0	0	0	0	1	1
NC_000962.3	1339861	1339905	.	Node_43	TB3237	688.268204	12	['TB3237']	1339860	1339882.5	45	lineage4	0	PPE18	Rv1196	Event_095	False	True	False	False	PR_HmRegion_053	2	1	0	0	0	0	1	1
NC_000962.3	1339894	1340208	.	Node_17	TB3334	993.431569	8	['TB3334']	1339893	1340050.5	315	lineage4	0	PPE18	Rv1196	Event_096	False	True	False	False	PR_HmRegion_053	2	1	0	0	0	0	3	1
NC_000962.3	1339966	1340036	.	Node_37	01_R1430	622.305357	11	['01_R1430']	1339965	1340000.5	71	lineage4	0	PPE18	Rv1196	Event_097	False	True	False	False	PR_HmRegion_053	2	1	0	0	0	0	2	1
NC_000962.3	1340500	1341152	.	Node_149	RW-TB008	4520.801917	10	['RW-TB008']	1340499	1340825.5	653	lineage8	0	PPE18,esxK,esxL	Rv1196,Rv1197,Rv1198	Event_098	True	True	False	False	PR_HmRegion_054	4	1	0	0	0	0	1	1
NC_000962.3	1340657	1341120	.	Node_59	01_R1134	1656.415569	5	['01_R1134']	1340656	1340888.0	464	lineage4	0	esxK,esxL	Rv1197,Rv1198	Event_099	True	False	False	False	PR_HmRegion_054	4	1	0	0	0	0	1	1
NC_000962.3	1340667	1341102	.	Node_28	M0016395_7	650.777286	4	['M0016395_7']	1340666	1340884.0	436	lineage4	0	esxK,esxL	Rv1197,Rv1198	Event_100	True	False	False	False	PR_HmRegion_054	4	1	0	0	0	0	1	1
NC_000962.3	1340688	1340784	.	Node_44	Node_41	106.644404	4	['mada_103', 'mada_112', 'mada_124', 'S0123-01', 'S0262-02']	1340687	1340735.5	97	lineage4	5	esxK	Rv1197	Event_101	True	False	False	False	PR_HmRegion_054	4	1	0	0	0	0	1	1
NC_000962.3	1340916	1341073	.	Node_46	M0016737_0	1168.490206	6	['M0016737_0']	1340915	1340994.0	158	lineage4	0	esxK,esxL	Rv1197,Rv1198	Event_102	True	False	False	False	PR_HmRegion_054	4	1	0	0	0	0	1	1
NC_000962.3	1340974	1341174	.	Node_137	mada_107	535.665848	15	['mada_107']	1340973	1341073.5	201	lineage1	0	esxL	Rv1198	Event_103	True	False	False	False	PR_HmRegion_054	4	1	0	0	0	0	1	1
NC_000962.3	1341023	1341120	.	Node_70	Node_69	128.129338	4	['QC-3', 'QC-9', 'QC-5', 'N0004', 'mada_1-30']	1341022	1341071.0	98	lineage3	5	esxL	Rv1198	Event_104	True	False	False	False	PR_HmRegion_054	4	1	0	0	0	0	1	1
NC_000962.3	1341023	1341295	.	Node_132	Node_71	1445.39697	5	['N1274', 'N0054', 'QC-3', 'QC-9', 'QC-5', 'N0004', 'mada_1-30']	1341022	1341158.5	273	lineage3	7	esxL	Rv1198	Event_105	True	False	False	False	PR_HmRegion_054	4	1	0	0	0	0	1	1
NC_000962.3	1341029	1341120	.	Node_25	Node_24	677.651945	6	['S0106-01', 'R21770', 'R21839', 'R21363', 'mada_1-32', 'R30396', 'R20896']	1341028	1341074.0	92	lineage4	7	esxL	Rv1198	Event_106	True	False	False	False	PR_HmRegion_054	4	1	0	0	0	0	1	1
NC_000962.3	1341032	1341254	.	Node_144	mada_1-10	1480.500925	4	['mada_1-10']	1341031	1341142.5	223	lineage1	0	esxL	Rv1198	Event_107	True	False	False	False	PR_HmRegion_054	4	1	0	0	0	0	1	1
NC_000962.3	1341073	1341120	.	Node_22	Node_21	757.398642	7	['R30396', 'R20896']	1341072	1341096.0	48	lineage4	2	esxL	Rv1198	Event_108	True	False	False	False	PR_HmRegion_054	4	1	0	0	0	0	1	1
NC_000962.3	1481671	1481677	.	Node_20	R21770	655.668298	5	['R21770']	1481670	1481673.5	7	lineage4	0	Rv1319c	Rv1319c	Event_109	False	False	False	True	LR_HmRegion_014	0	0	2	1	0	0	0	0
NC_000962.3	1532656	1532855	.	Node_28	R15311	568.864078	5	['R15311']	1532655	1532755.0	200	lineage4	0	PPE19	Rv1361c	Event_110	False	True	False	False	PR_HmRegion_060	2	1	0	0	0	0	1	1
NC_000962.3	1532656	1532889	.	Node_97	R37765	661.439122	12	['R37765']	1532655	1532772.0	234	lineage2	0	PPE19	Rv1361c	Event_111	False	True	False	False	PR_HmRegion_060	2	1	0	0	0	0	1	1
NC_000962.3	1532911	1533016	.	Node_135	mada_1-36	450.466003	20	['mada_1-36']	1532910	1532963.0	106	lineage1	0	PPE19	Rv1361c	Event_112	False	True	False	False	PR_HmRegion_060	2	1	0	0	0	0	2	1
NC_000962.3	1533159	1533241	.	Node_26	Node_25	379.338694	5	['M0017522_5', 'S0106-01', 'R21770', 'R21839', 'R21363', 'mada_1-32', 'R30396', 'R20896']	1533158	1533199.5	83	lineage4	8	PPE19	Rv1361c	Event_113	False	True	False	False	PR_HmRegion_060	2	1	0	0	0	0	1	1
NC_000962.3	1533327	1533434	.	Node_30	Node_29	276.408286	4	['TB2661', 'TB3386']	1533326	1533380.0	108	lineage4	2	PPE19	Rv1361c	Event_114	False	True	False	False	PR_HmRegion_060	2	1	0	0	0	0	1	1
NC_000962.3	1633632	1634550	.	Node_50	mada_1-50	178.726517	14	['mada_1-50']	1633631	1634090.5	919	lineage4	0	PE_PGRS27	Rv1450c	Event_115	False	True	False	False	PR_HmRegion_064	2	1	0	0	2	1	1	1
NC_000962.3	1633632	1634610	.	Node_61	Node_46	872.68071	21	['TB4620', 'M0016737_0']	1633631	1634120.5	979	lineage4	2	PE_PGRS27	Rv1450c	Event_116	False	True	False	False	PR_HmRegion_064	2	1	0	0	2	1	2	1
NC_000962.3	1633632	1634636	.	Node_34	M0010874_7	715.415285	15	['M0010874_7']	1633631	1634133.5	1005	lineage4	0	PE_PGRS27	Rv1450c	Event_117	False	True	False	False	PR_HmRegion_064	2	1	0	0	2	1	2	1
NC_000962.3	1633653	1633662	.	Node_27	Node_5	1606.233707	4	['mada_2-31', 'mada_1-41']	1633652	1633657.0	10	lineage4	2	PE_PGRS27	Rv1450c	Event_118	False	True	False	False	PR_HmRegion_064	1	1	0	0	1	1	1	1
NC_000962.3	1633678	1633739	.	Node_3	N1177	1975.243338	17	['N1177']	1633677	1633708.0	62	lineage6	0	PE_PGRS27	Rv1450c	Event_119	False	True	False	False	PR_HmRegion_064	1	1	0	0	1	1	1	1
NC_000962.3	1633678	1634592	.	Node_144	mada_1-10	1741.055566	29	['mada_1-10']	1633677	1634134.5	915	lineage1	0	PE_PGRS27	Rv1450c	Event_120	False	True	False	False	PR_HmRegion_064	2	1	0	0	2	1	1	1
NC_000962.3	1633728	1633746	.	Node_146	N0153	2000.13502	5	['N0153']	1633727	1633736.5	19	lineage1	0	PE_PGRS27	Rv1450c	Event_121	False	True	False	False	PR_HmRegion_064	1	1	0	0	1	1	1	1
NC_000962.3	1633744	1634550	.	Node_4	Node_3	3185.503655	9	['N1177', 'N1202', 'N0091']	1633743	1634146.5	807	lineage6	3	PE_PGRS27	Rv1450c	Event_122	False	True	False	False	PR_HmRegion_064	2	1	0	0	2	1	1	1
NC_000962.3	1633908	1634636	.	Node_149	RW-TB008	4696.668709	18	['RW-TB008']	1633907	1634271.5	729	lineage8	0	PE_PGRS27	Rv1450c	Event_123	False	True	False	False	PR_HmRegion_064	2	1	0	0	2	1	2	1
NC_000962.3	1633973	1634539	.	Node_148	Node_147	2441.487166	7	['R27252', 'R23887', 'N0153', 'N0072', 'mada_1-10', 'mada_118', 'mada_1-36', 'mada_117', 'mada_1-39', 'mada_107', 'mada_2-46', 'mada_1-44', 'mada_1-1', 'mada_1-51', 'mada_122']	1633972	1634255.5	567	lineage1	15	PE_PGRS27	Rv1450c	Event_124	False	True	False	False	PR_HmRegion_064	2	1	0	0	2	1	1	1
NC_000962.3	1634418	1634541	.	Node_133	Node_65	928.403124	4	['mada_2-31', 'mada_1-41', 'MT_0080', 'mada_102', 'TB3334', 'mada_105', 'TB3169', 'M0014888_3', 'mada_151', 'mada_129', 'QC-4', 'QC-8', 'QC-10', '02_R1708', '02_R0894', 'mada_139', 'M0017522_5', 'S0106-01', 'R21770', 'R21839', 'R21363', 'mada_1-32', 'R30396', 'R20896', 'TB3251', 'M0016395_7', 'R15311', '02_R1179', 'TB3162', 'TB2661', 'TB3386', 'M0010874_7', 'QC-7', 'QC-6', 'QC-1', '01_R1430', 'M0011368_9', 'mada_103', 'mada_112', 'mada_124', 'S0123-01', 'S0262-02', '02_R1896', 'mada_2-25', 'TB3237', 'TB4620', 'M0016737_0', 'TB3054', 'mada_126', 'mada_120', '01_R1134', 'mada_1-38', 'TB2968', 'mada_123', 'R23571', 'mada_2-1', 'mada_1-50', 'mada_1-53', 'mada_2-53', 'mada_1-12', 'mada_128', 'mada_1-15']	1634417	1634479.0	124	lineage4	62	PE_PGRS27	Rv1450c	Event_125	False	True	False	False	PR_HmRegion_064	2	1	0	0	1	1	1	1
NC_000962.3	1634523	1634610	.	Node_133	Node_132	391.309957	7	['N1274', 'N0054', 'QC-3', 'QC-9', 'QC-5', 'N0004', 'mada_1-30', 'R21893', 'R30420', 'R32929', 'R26778', 'R23146', 'R28980', 'R21408', 'R20574', 'R20260', 'R26791', 'R27725', 'R18043', 'R18040', 'R27937', 'R22601', '18_0621851', 'N0155', 'mada_1-11', 'N0145', 'S0085-01', 'S0089-01', 'S0107-01', 'R29598', 'R24100', 'R28581', 'S0256-08', 'R37765', 'M0003941_3', 'mada_115', 'mada_2-42', 'TB2995', 'TB2512', 'TB2981', '706-05', 'TB3113', 'S0070-08', 'R29816', 'R36431', 'R24120', 'R28703', 'R30234', 'R31095', 'R30078', 'R28012', 'R27657', 'R30215', 'R25048', 'TB2780', 'TB3368', '8129-04', 'TB1236', 'TB2659', 'TB1612', 'TB3396', '4549-04', '696-05', '8651-04', 'TB3091', '702-06', '9050-05', '3003-06']	1634522	1634566.0	88	None	68	PE_PGRS27	Rv1450c	Event_126	False	True	False	False	PR_HmRegion_064	2	1	0	0	1	1	2	1
NC_000962.3	1634523	1634610	.	Node_146	Node_145	788.083906	9	['N0072', 'mada_1-10', 'mada_118', 'mada_1-36', 'mada_117', 'mada_1-39', 'mada_107', 'mada_2-46', 'mada_1-44', 'mada_1-1', 'mada_1-51', 'mada_122']	1634522	1634566.0	88	lineage1	12	PE_PGRS27	Rv1450c	Event_127	False	True	False	False	PR_HmRegion_064	2	1	0	0	1	1	2	1
NC_000962.3	1634523	1634610	.	Node_22	mada_1-32	553.770759	10	['mada_1-32']	1634522	1634566.0	88	lineage4	0	PE_PGRS27	Rv1450c	Event_128	False	True	False	False	PR_HmRegion_064	2	1	0	0	1	1	2	1
NC_000962.3	1634523	1634610	.	Node_43	TB3237	806.201844	15	['TB3237']	1634522	1634566.0	88	lineage4	0	PE_PGRS27	Rv1450c	Event_129	False	True	False	False	PR_HmRegion_064	2	1	0	0	1	1	2	1
NC_000962.3	1634538	1634550	.	Node_58	mada_1-38	1156.766327	7	['mada_1-38']	1634537	1634543.5	13	lineage4	0	PE_PGRS27	Rv1450c	Event_130	False	True	False	False	PR_HmRegion_064	2	1	0	0	1	1	1	1
NC_000962.3	1634538	1634636	.	Node_59	01_R1134	1777.283237	16	['01_R1134']	1634537	1634586.5	99	lineage4	0	PE_PGRS27	Rv1450c	Event_131	False	True	False	False	PR_HmRegion_064	2	1	0	0	1	1	2	1
NC_000962.3	1634580	1634592	.	Node_132	Node_131	1471.259023	5	['R21893', 'R30420', 'R32929', 'R26778', 'R23146', 'R28980', 'R21408', 'R20574', 'R20260', 'R26791', 'R27725', 'R18043', 'R18040', 'R27937', 'R22601', '18_0621851', 'N0155', 'mada_1-11', 'N0145', 'S0085-01', 'S0089-01', 'S0107-01', 'R29598', 'R24100', 'R28581', 'S0256-08', 'R37765', 'M0003941_3', 'mada_115', 'mada_2-42', 'TB2995', 'TB2512', 'TB2981', '706-05', 'TB3113', 'S0070-08', 'R29816', 'R36431', 'R24120', 'R28703', 'R30234', 'R31095', 'R30078', 'R28012', 'R27657', 'R30215', 'R25048', 'TB2780', 'TB3368', '8129-04', 'TB1236', 'TB2659', 'TB1612', 'TB3396', '4549-04', '696-05', '8651-04', 'TB3091', '702-06', '9050-05', '3003-06']	1634579	1634585.5	13	lineage2	61	PE_PGRS27	Rv1450c	Event_132	False	True	False	False	PR_HmRegion_064	1	1	0	0	0	0	0	0
NC_000962.3	1634580	1634592	.	Node_134	R23887	2066.758984	5	['R23887']	1634579	1634585.5	13	lineage1	0	PE_PGRS27	Rv1450c	Event_133	False	True	False	False	PR_HmRegion_064	1	1	0	0	0	0	0	0
NC_000962.3	1636757	1638212	.	Node_7	M0014888_3	527.835463	47	['M0014888_3']	1636756	1637484.0	1456	lineage4	0	PE_PGRS28	Rv1452c	Event_134	False	True	False	False	PR_HmRegion_065	3	1	0	0	1	1	4	1
NC_000962.3	1636826	1637264	.	Node_36	Node_28	727.673749	18	['M0016395_7', 'R15311']	1636825	1637044.5	439	lineage4	2	PE_PGRS28	Rv1452c	Event_135	False	True	False	False	PR_HmRegion_065	1	1	0	0	1	1	3	1
NC_000962.3	1636868	1636881	.	Node_61	Node_46	806.009966	6	['TB4620', 'M0016737_0']	1636867	1636874.0	14	lineage4	2	PE_PGRS28	Rv1452c	Event_136	False	True	False	False	PR_HmRegion_065	1	1	0	0	1	1	1	1
NC_000962.3	1637234	1637264	.	Node_55	mada_1-15	647.428044	6	['mada_1-15']	1637233	1637248.5	31	lineage4	0	PE_PGRS28	Rv1452c	Event_137	False	True	False	False	PR_HmRegion_065	1	1	0	0	1	1	1	1
NC_000962.3	1637249	1637280	.	Node_134	R23887	2089.694503	6	['R23887']	1637248	1637264.0	32	lineage1	0	PE_PGRS28	Rv1452c	Event_138	False	True	False	False	PR_HmRegion_065	1	1	0	0	1	1	1	1
NC_000962.3	1637249	1638194	.	Node_2	N1202	1615.304898	10	['N1202']	1637248	1637721.0	946	lineage6	0	PE_PGRS28	Rv1452c	Event_139	False	True	False	False	PR_HmRegion_065	3	1	0	0	1	1	1	1
NC_000962.3	1637253	1637762	.	Node_149	RW-TB008	4386.252059	6	['RW-TB008']	1637252	1637507.0	510	lineage8	0	PE_PGRS28	Rv1452c	Event_140	False	True	False	False	PR_HmRegion_065	2	1	0	0	1	1	1	1
NC_000962.3	1637255	1637264	.	Node_57	TB2968	992.932538	4	['TB2968']	1637254	1637259.0	10	lineage4	0	PE_PGRS28	Rv1452c	Event_141	False	True	False	False	PR_HmRegion_065	1	1	0	0	1	1	1	1
NC_000962.3	1637255	1637264	.	Node_58	mada_1-38	1138.882938	4	['mada_1-38']	1637254	1637259.0	10	lineage4	0	PE_PGRS28	Rv1452c	Event_142	False	True	False	False	PR_HmRegion_065	1	1	0	0	1	1	1	1
NC_000962.3	1637263	1637294	.	Node_145	N0072	1394.78565	5	['N0072']	1637262	1637278.0	32	lineage1	0	PE_PGRS28	Rv1452c	Event_143	False	True	False	False	PR_HmRegion_065	1	1	0	0	1	1	1	1
NC_000962.3	1637280	1637348	.	Node_148	Node_133	1771.787036	19	['mada_2-31', 'mada_1-41', 'MT_0080', 'mada_102', 'TB3334', 'mada_105', 'TB3169', 'M0014888_3', 'mada_151', 'mada_129', 'QC-4', 'QC-8', 'QC-10', '02_R1708', '02_R0894', 'mada_139', 'M0017522_5', 'S0106-01', 'R21770', 'R21839', 'R21363', 'mada_1-32', 'R30396', 'R20896', 'TB3251', 'M0016395_7', 'R15311', '02_R1179', 'TB3162', 'TB2661', 'TB3386', 'M0010874_7', 'QC-7', 'QC-6', 'QC-1', '01_R1430', 'M0011368_9', 'mada_103', 'mada_112', 'mada_124', 'S0123-01', 'S0262-02', '02_R1896', 'mada_2-25', 'TB3237', 'TB4620', 'M0016737_0', 'TB3054', 'mada_126', 'mada_120', '01_R1134', 'mada_1-38', 'TB2968', 'mada_123', 'R23571', 'mada_2-1', 'mada_1-50', 'mada_1-53', 'mada_2-53', 'mada_1-12', 'mada_128', 'mada_1-15', 'N1274', 'N0054', 'QC-3', 'QC-9', 'QC-5', 'N0004', 'mada_1-30', 'R21893', 'R30420', 'R32929', 'R26778', 'R23146', 'R28980', 'R21408', 'R20574', 'R20260', 'R26791', 'R27725', 'R18043', 'R18040', 'R27937', 'R22601', '18_0621851', 'N0155', 'mada_1-11', 'N0145', 'S0085-01', 'S0089-01', 'S0107-01', 'R29598', 'R24100', 'R28581', 'S0256-08', 'R37765', 'M0003941_3', 'mada_115', 'mada_2-42', 'TB2995', 'TB2512', 'TB2981', '706-05', 'TB3113', 'S0070-08', 'R29816', 'R36431', 'R24120', 'R28703', 'R30234', 'R31095', 'R30078', 'R28012', 'R27657', 'R30215', 'R25048', 'TB2780', 'TB3368', '8129-04', 'TB1236', 'TB2659', 'TB1612', 'TB3396', '4549-04', '696-05', '8651-04', 'TB3091', '702-06', '9050-05', '3003-06']	1637279	1637313.5	69	None	130	PE_PGRS28	Rv1452c	Event_144	False	True	False	False	PR_HmRegion_065	1	1	0	0	1	1	1	1
NC_000962.3	1637339	1637348	.	Node_138	mada_1-51	435.671137	4	['mada_1-51']	1637338	1637343.0	10	lineage1	0	PE_PGRS28	Rv1452c	Event_145	False	True	False	False	PR_HmRegion_065	1	1	0	0	1	1	1	1
NC_000962.3	1637575	1637762	.	Node_147	Node_134	565.642809	6	['R27252', 'R23887']	1637574	1637668.0	188	lineage1	2	PE_PGRS28	Rv1452c	Event_146	False	True	False	False	PR_HmRegion_065	2	1	0	0	1	1	1	1
NC_000962.3	1638125	1638152	.	Node_36	Node_35	629.871001	8	['02_R1179', 'TB3162', 'TB2661', 'TB3386', 'M0010874_7', 'QC-7', 'QC-6', 'QC-1']	1638124	1638138.0	28	lineage4	8	PE_PGRS28	Rv1452c	Event_147	False	True	False	False	PR_HmRegion_065	2	1	0	0	0	0	1	1
NC_000962.3	1638125	1638212	.	Node_27	Node_5	1657.926252	10	['mada_2-31', 'mada_1-41']	1638124	1638168.0	88	lineage4	2	PE_PGRS28	Rv1452c	Event_148	False	True	False	False	PR_HmRegion_065	2	1	0	0	0	0	2	1
NC_000962.3	1638125	1638212	.	Node_54	mada_128	663.446695	10	['mada_128']	1638124	1638168.0	88	lineage4	0	PE_PGRS28	Rv1452c	Event_149	False	True	False	False	PR_HmRegion_065	2	1	0	0	0	0	2	1
NC_000962.3	1638125	1638212	.	Node_6	MT_0080	899.261768	10	['MT_0080']	1638124	1638168.0	88	lineage4	0	PE_PGRS28	Rv1452c	Event_150	False	True	False	False	PR_HmRegion_065	2	1	0	0	0	0	2	1
NC_000962.3	1638125	1638212	.	Node_64	TB3251	2258.52593	15	['TB3251']	1638124	1638168.0	88	lineage4	0	PE_PGRS28	Rv1452c	Event_151	False	True	False	False	PR_HmRegion_065	2	1	0	0	0	0	2	1
NC_000962.3	1638182	1638194	.	Node_132	Node_71	1496.06995	5	['N1274', 'N0054', 'QC-3', 'QC-9', 'QC-5', 'N0004', 'mada_1-30']	1638181	1638187.5	13	lineage3	7	PE_PGRS28	Rv1452c	Event_152	False	True	False	False	PR_HmRegion_065	2	1	0	0	0	0	0	0
NC_000962.3	1638182	1638194	.	Node_45	Node_37	427.074221	5	['01_R1430', 'M0011368_9']	1638181	1638187.5	13	lineage4	2	PE_PGRS28	Rv1452c	Event_153	False	True	False	False	PR_HmRegion_065	2	1	0	0	0	0	0	0
NC_000962.3	1638182	1638238	.	Node_143	mada_118	1310.235435	7	['mada_118']	1638181	1638209.5	57	lineage1	0	PE_PGRS28	Rv1452c	Event_154	False	True	False	False	PR_HmRegion_065	2	1	0	0	0	0	1	1
NC_000962.3	1788613	1788664	.	Node_68	N0004	856.749635	4	['N0004']	1788612	1788638.0	52	lineage3	0	Rv1587c	Rv1587c	Event_155	False	False	True	False	PR_HmRegion_074	2	1	0	0	0	0	1	1
NC_000962.3	1788726	1789545	.	Node_135	mada_1-36	386.158624	16	['mada_1-36']	1788725	1789135.0	820	lineage1	0	Rv1587c,Rv1588c	Rv1587c,Rv1588c	Event_156	False	False	True	False	PR_HmRegion_074	2	1	0	0	0	0	1	1
NC_000962.3	1789446	1789654	.	Node_96	Node_95	370.144639	4	['mada_115', 'mada_2-42']	1789445	1789549.5	209	lineage2	2	Rv1588c	Rv1588c	Event_157	False	False	True	False	PR_HmRegion_074	2	1	0	0	0	0	1	1
NC_000962.3	1789446	1789678	.	Node_2	N1202	1648.727133	9	['N1202']	1789445	1789561.5	233	lineage6	0	Rv1588c	Rv1588c	Event_158	False	False	True	False	PR_HmRegion_074	2	1	0	0	0	0	1	1
NC_000962.3	1789446	1789678	.	Node_26	Node_18	496.471515	9	['MT_0080', 'mada_102', 'TB3334', 'mada_105', 'TB3169', 'M0014888_3', 'mada_151', 'mada_129', 'QC-4', 'QC-8', 'QC-10', '02_R1708', '02_R0894', 'mada_139']	1789445	1789561.5	233	lineage4	14	Rv1588c	Rv1588c	Event_159	False	False	True	False	PR_HmRegion_074	2	1	0	0	0	0	1	1
NC_000962.3	1789552	1789798	.	Node_62	Node_45	886.448335	7	['01_R1430', 'M0011368_9', 'mada_103', 'mada_112', 'mada_124', 'S0123-01', 'S0262-02', '02_R1896', 'mada_2-25', 'TB3237']	1789551	1789674.5	247	lineage4	10	Rv1588c	Rv1588c	Event_160	False	False	True	False	PR_HmRegion_074	2	1	0	0	0	0	1	1
NC_000962.3	1789565	1789671	.	Node_48	TB3054	1143.577344	4	['TB3054']	1789564	1789617.5	107	lineage4	0	Rv1588c	Rv1588c	Event_161	False	False	True	False	PR_HmRegion_074	2	1	0	0	0	0	1	1
NC_000962.3	1789573	1789798	.	Node_147	Node_146	277.586211	7	['N0153', 'N0072', 'mada_1-10', 'mada_118', 'mada_1-36', 'mada_117', 'mada_1-39', 'mada_107', 'mada_2-46', 'mada_1-44', 'mada_1-1', 'mada_1-51', 'mada_122']	1789572	1789685.0	226	lineage1	13	Rv1588c	Rv1588c	Event_162	False	False	True	False	PR_HmRegion_074	2	1	0	0	0	0	1	1
NC_000962.3	1789650	1789766	.	Node_59	Node_58	564.377207	6	['mada_1-38', 'TB2968', 'mada_123', 'R23571', 'mada_2-1', 'mada_1-50', 'mada_1-53', 'mada_2-53', 'mada_1-12', 'mada_128', 'mada_1-15']	1789649	1789707.5	117	lineage4	11	Rv1588c	Rv1588c	Event_163	False	False	True	False	PR_HmRegion_074	2	1	0	0	0	0	1	1
NC_000962.3	1789676	1789697	.	Node_27	Node_5	1566.962559	4	['mada_2-31', 'mada_1-41']	1789675	1789686.0	22	lineage4	2	Rv1588c	Rv1588c	Event_164	False	False	True	False	PR_HmRegion_074	2	1	0	0	0	0	1	1
NC_000962.3	2025900	2026033	.	Node_54	mada_1-12	635.877526	8	['mada_1-12']	2025899	2025966.0	134	lineage4	0	PPE25	Rv1787	Event_165	False	True	False	False	PR_HmRegion_085	1	1	0	0	0	0	1	1
NC_000962.3	2025900	2026110	.	Node_63	Node_36	747.080238	9	['M0016395_7', 'R15311', '02_R1179', 'TB3162', 'TB2661', 'TB3386', 'M0010874_7', 'QC-7', 'QC-6', 'QC-1']	2025899	2026004.5	211	lineage4	10	PPE25	Rv1787	Event_166	False	True	False	False	PR_HmRegion_085	1	1	0	0	0	0	1	1
NC_000962.3	2028975	2028993	.	Node_22	Node_21	712.692243	4	['R30396', 'R20896']	2028974	2028983.5	19	lineage4	2	PPE27	Rv1790	Event_167	False	True	False	False	PR_HmRegion_086	1	1	0	0	0	0	1	1
NC_000962.3	2028975	2029189	.	Node_7	mada_151	403.68225	4	['mada_151']	2028974	2029081.5	215	lineage4	0	PPE27	Rv1790	Event_168	False	True	False	False	PR_HmRegion_086	1	1	0	0	0	0	1	1
NC_000962.3	2029087	2029112	.	Node_48	Node_47	1556.188485	6	['mada_126', 'mada_120']	2029086	2029099.0	26	lineage4	2	PPE27	Rv1790	Event_169	False	True	False	False	PR_HmRegion_086	1	1	0	0	0	0	1	1
NC_000962.3	2029087	2029112	.	Node_52	Node_51	324.026584	6	['mada_2-1', 'mada_1-50', 'mada_1-53', 'mada_2-53']	2029086	2029099.0	26	lineage4	4	PPE27	Rv1790	Event_170	False	True	False	False	PR_HmRegion_086	1	1	0	0	0	0	1	1
NC_000962.3	2030487	2030521	.	Node_148	Node_133	1621.156987	4	['mada_2-31', 'mada_1-41', 'MT_0080', 'mada_102', 'TB3334', 'mada_105', 'TB3169', 'M0014888_3', 'mada_151', 'mada_129', 'QC-4', 'QC-8', 'QC-10', '02_R1708', '02_R0894', 'mada_139', 'M0017522_5', 'S0106-01', 'R21770', 'R21839', 'R21363', 'mada_1-32', 'R30396', 'R20896', 'TB3251', 'M0016395_7', 'R15311', '02_R1179', 'TB3162', 'TB2661', 'TB3386', 'M0010874_7', 'QC-7', 'QC-6', 'QC-1', '01_R1430', 'M0011368_9', 'mada_103', 'mada_112', 'mada_124', 'S0123-01', 'S0262-02', '02_R1896', 'mada_2-25', 'TB3237', 'TB4620', 'M0016737_0', 'TB3054', 'mada_126', 'mada_120', '01_R1134', 'mada_1-38', 'TB2968', 'mada_123', 'R23571', 'mada_2-1', 'mada_1-50', 'mada_1-53', 'mada_2-53', 'mada_1-12', 'mada_128', 'mada_1-15', 'N1274', 'N0054', 'QC-3', 'QC-9', 'QC-5', 'N0004', 'mada_1-30', 'R21893', 'R30420', 'R32929', 'R26778', 'R23146', 'R28980', 'R21408', 'R20574', 'R20260', 'R26791', 'R27725', 'R18043', 'R18040', 'R27937', 'R22601', '18_0621851', 'N0155', 'mada_1-11', 'N0145', 'S0085-01', 'S0089-01', 'S0107-01', 'R29598', 'R24100', 'R28581', 'S0256-08', 'R37765', 'M0003941_3', 'mada_115', 'mada_2-42', 'TB2995', 'TB2512', 'TB2981', '706-05', 'TB3113', 'S0070-08', 'R29816', 'R36431', 'R24120', 'R28703', 'R30234', 'R31095', 'R30078', 'R28012', 'R27657', 'R30215', 'R25048', 'TB2780', 'TB3368', '8129-04', 'TB1236', 'TB2659', 'TB1612', 'TB3396', '4549-04', '696-05', '8651-04', 'TB3091', '702-06', '9050-05', '3003-06']	2030486	2030503.5	35	None	130	esxM	Rv1792	Event_171	True	False	False	False	PR_HmRegion_087	4	1	0	0	0	0	1	1
NC_000962.3	2030518	2030765	.	Node_64	TB3251	2065.037007	7	['TB3251']	2030517	2030641.0	248	lineage4	0	esxM,esxN	Rv1792,Rv1793	Event_172	True	False	False	False	PR_HmRegion_087	4	1	0	0	0	0	2	1
NC_000962.3	2030604	2030848	.	Node_24	S0106-01	616.730224	6	['S0106-01']	2030603	2030725.5	245	lineage4	0	esxM,esxN	Rv1792,Rv1793	Event_173	True	False	False	False	PR_HmRegion_087	4	1	0	0	0	0	2	1
NC_000962.3	2030756	2030765	.	Node_46	M0016737_0	1143.143007	4	['M0016737_0']	2030755	2030760.0	10	lineage4	0	esxN	Rv1793	Event_174	True	False	False	False	PR_HmRegion_087	4	1	0	0	0	0	1	1
NC_000962.3	2163400	2163504	.	Node_146	N0153	1965.522075	6	['N0153']	2163399	2163451.5	105	lineage1	0	PPE34	Rv1917c	Event_175	False	True	False	False	LR_HmRegion_021	0	0	2	1	0	0	1	1
NC_000962.3	2163412	2163421	.	Node_113	R25048	69.097423	5	['R25048']	2163411	2163416.0	10	lineage2	0	PPE34	Rv1917c	Event_176	False	True	False	False	LR_HmRegion_021	0	0	2	1	0	0	1	1
NC_000962.3	2163412	2163421	.	Node_28	M0016395_7	661.702271	5	['M0016395_7']	2163411	2163416.0	10	lineage4	0	PPE34	Rv1917c	Event_177	False	True	False	False	LR_HmRegion_021	0	0	2	1	0	0	1	1
NC_000962.3	2163412	2163421	.	Node_46	M0016737_0	1185.648262	5	['M0016737_0']	2163411	2163416.0	10	lineage4	0	PPE34	Rv1917c	Event_178	False	True	False	False	LR_HmRegion_021	0	0	2	1	0	0	1	1
NC_000962.3	2163412	2163421	.	Node_71	N1274	1433.112624	5	['N1274']	2163411	2163416.0	10	lineage3	0	PPE34	Rv1917c	Event_179	False	True	False	False	LR_HmRegion_021	0	0	2	1	0	0	1	1
NC_000962.3	2163412	2163444	.	Node_35	Node_31	164.394631	6	['02_R1179', 'TB3162', 'TB2661', 'TB3386']	2163411	2163427.5	33	lineage4	4	PPE34	Rv1917c	Event_180	False	True	False	False	LR_HmRegion_021	0	0	2	1	0	0	1	1
NC_000962.3	2163481	2163520	.	Node_48	Node_47	1585.308265	12	['mada_126', 'mada_120']	2163480	2163500.0	40	lineage4	2	PPE34	Rv1917c	Event_181	False	True	False	False	LR_HmRegion_021	0	0	2	1	0	0	1	1
NC_000962.3	2165857	2165896	.	Node_116	Node_115	319.761846	16	['TB1236', 'TB2659']	2165856	2165876.0	40	lineage2	2	PPE34	Rv1917c	Event_182	False	True	False	False	LR_HmRegion_021	0	0	1	1	0	0	0	0
NC_000962.3	2196715	2196970	.	Node_147	Node_134	658.305903	30	['R27252', 'R23887']	2196714	2196842.0	256	lineage1	2	Rv1945	Rv1945	Event_183	False	False	True	False	PR_HmRegion_094	1	1	0	0	0	0	2	1
NC_000962.3	2196715	2196970	.	Node_6	mada_102	788.896496	4	['mada_102']	2196714	2196842.0	256	lineage4	0	Rv1945	Rv1945	Event_184	False	False	True	False	PR_HmRegion_094	1	1	0	0	0	0	2	1
NC_000962.3	2196715	2197278	.	Node_36	Node_28	821.260882	26	['M0016395_7', 'R15311']	2196714	2196996.0	564	lineage4	2	Rv1945	Rv1945	Event_185	False	False	True	False	PR_HmRegion_094	1	1	0	0	0	0	2	1
NC_000962.3	2196715	2197332	.	Node_25	M0017522_5	1387.009995	13	['M0017522_5']	2196714	2197023.0	618	lineage4	0	Rv1945	Rv1945	Event_186	False	False	True	False	PR_HmRegion_094	1	1	0	0	0	0	3	1
NC_000962.3	2196768	2196970	.	Node_138	mada_1-1	645.173758	29	['mada_1-1']	2196767	2196868.5	203	lineage1	0	Rv1945	Rv1945	Event_187	False	False	True	False	PR_HmRegion_094	1	1	0	0	0	0	2	1
NC_000962.3	2196768	2197041	.	Node_149	RW-TB008	4899.345988	32	['RW-TB008']	2196767	2196904.0	274	lineage8	0	Rv1945	Rv1945	Event_188	False	False	True	False	PR_HmRegion_094	1	1	0	0	0	0	2	1
NC_000962.3	2196831	2196970	.	Node_112	Node_102	434.715472	15	['TB2995', 'TB2512', 'TB2981', '706-05', 'TB3113']	2196830	2196900.0	140	lineage2	5	Rv1945	Rv1945	Event_189	False	False	True	False	PR_HmRegion_094	1	1	0	0	0	0	1	1
NC_000962.3	2197230	2197260	.	Node_144	mada_1-10	1531.343962	5	['mada_1-10']	2197229	2197244.5	31	lineage1	0	Rv1945	Rv1945	Event_190	False	False	True	False	PR_HmRegion_094	1	1	0	0	0	0	1	1
NC_000962.3	2197230	2197293	.	Node_134	R23887	2200.484084	14	['R23887']	2197229	2197261.0	64	lineage1	0	Rv1945	Rv1945	Event_191	False	False	True	False	PR_HmRegion_094	1	1	0	0	0	0	2	1
NC_000962.3	2197230	2197293	.	Node_4	Node_1	3493.046903	14	['N1272', 'N1176']	2197229	2197261.0	64	lineage5	2	Rv1945	Rv1945	Event_192	False	False	True	False	PR_HmRegion_094	1	1	0	0	0	0	2	1
NC_000962.3	2197287	2197313	.	Node_30	TB3162	347.134245	4	['TB3162']	2197286	2197299.5	27	lineage4	0	Rv1945	Rv1945	Event_193	False	False	True	False	PR_HmRegion_094	1	1	0	0	0	0	1	1
NC_000962.3	2296425	2296457	.	Node_1	N1272	1071.75799	9	['N1272']	2296424	2296440.5	33	lineage5	0	pks12	Rv2048c	Event_194	False	False	False	True	PR_HmRegion_097	1	1	0	0	0	0	1	1
NC_000962.3	2296425	2296473	.	Node_43	TB3237	743.119874	13	['TB3237']	2296424	2296448.5	49	lineage4	0	pks12	Rv2048c	Event_195	False	False	False	True	PR_HmRegion_097	1	1	0	0	0	0	1	1
NC_000962.3	2300403	2300452	.	Node_42	02_R1896	764.59741	11	['02_R1896']	2300402	2300427.0	50	lineage4	0	pks12	Rv2048c	Event_196	False	False	False	True	PR_HmRegion_098	2	1	0	0	0	0	1	1
NC_000962.3	2300403	2300555	.	Node_27	Node_5	1705.517079	14	['mada_2-31', 'mada_1-41']	2300402	2300478.5	153	lineage4	2	pks12	Rv2048c	Event_197	False	False	False	True	PR_HmRegion_098	2	1	0	0	0	0	1	1
NC_000962.3	2301782	2302132	.	Node_1	N1272	995.397454	4	['N1272']	2301781	2301956.5	351	lineage5	0	pks12	Rv2048c	Event_198	False	False	False	True	PR_HmRegion_099	1	1	0	0	0	0	2	1
NC_000962.3	2301782	2302132	.	Node_27	Node_5	1516.243064	5	['mada_2-31', 'mada_1-41']	2301781	2301956.5	351	lineage4	2	pks12	Rv2048c	Event_199	False	False	False	True	PR_HmRegion_099	1	1	0	0	0	0	2	1
NC_000962.3	2301782	2302132	.	Node_45	Node_37	414.061034	4	['01_R1430', 'M0011368_9']	2301781	2301956.5	351	lineage4	2	pks12	Rv2048c	Event_200	False	False	False	True	PR_HmRegion_099	1	1	0	0	0	0	2	1
NC_000962.3	2338768	2338994	.	Node_149	RW-TB008	4468.693807	7	['RW-TB008']	2338767	2338880.5	227	lineage8	0	Rv2082	Rv2082	Event_201	False	False	False	True		0	0	0	0	0	0	0	0
NC_000962.3	2338768	2338994	.	Node_25	Node_24	708.633695	7	['S0106-01', 'R21770', 'R21839', 'R21363', 'mada_1-32', 'R30396', 'R20896']	2338767	2338880.5	227	lineage4	7	Rv2082	Rv2082	Event_202	False	False	False	True		0	0	0	0	0	0	0	0
NC_000962.3	2338768	2338994	.	Node_64	TB3251	2039.370216	6	['TB3251']	2338767	2338880.5	227	lineage4	0	Rv2082	Rv2082	Event_203	False	False	False	True		0	0	0	0	0	0	0	0
NC_000962.3	2338773	2338994	.	Node_4	Node_1	3434.617912	6	['N1272', 'N1176']	2338772	2338883.0	222	lineage5	2	Rv2082	Rv2082	Event_204	False	False	False	True		0	0	0	0	0	0	0	0
NC_000962.3	2339719	2339726	.	Node_148	Node_133	1650.581593	4	['mada_2-31', 'mada_1-41', 'MT_0080', 'mada_102', 'TB3334', 'mada_105', 'TB3169', 'M0014888_3', 'mada_151', 'mada_129', 'QC-4', 'QC-8', 'QC-10', '02_R1708', '02_R0894', 'mada_139', 'M0017522_5', 'S0106-01', 'R21770', 'R21839', 'R21363', 'mada_1-32', 'R30396', 'R20896', 'TB3251', 'M0016395_7', 'R15311', '02_R1179', 'TB3162', 'TB2661', 'TB3386', 'M0010874_7', 'QC-7', 'QC-6', 'QC-1', '01_R1430', 'M0011368_9', 'mada_103', 'mada_112', 'mada_124', 'S0123-01', 'S0262-02', '02_R1896', 'mada_2-25', 'TB3237', 'TB4620', 'M0016737_0', 'TB3054', 'mada_126', 'mada_120', '01_R1134', 'mada_1-38', 'TB2968', 'mada_123', 'R23571', 'mada_2-1', 'mada_1-50', 'mada_1-53', 'mada_2-53', 'mada_1-12', 'mada_128', 'mada_1-15', 'N1274', 'N0054', 'QC-3', 'QC-9', 'QC-5', 'N0004', 'mada_1-30', 'R21893', 'R30420', 'R32929', 'R26778', 'R23146', 'R28980', 'R21408', 'R20574', 'R20260', 'R26791', 'R27725', 'R18043', 'R18040', 'R27937', 'R22601', '18_0621851', 'N0155', 'mada_1-11', 'N0145', 'S0085-01', 'S0089-01', 'S0107-01', 'R29598', 'R24100', 'R28581', 'S0256-08', 'R37765', 'M0003941_3', 'mada_115', 'mada_2-42', 'TB2995', 'TB2512', 'TB2981', '706-05', 'TB3113', 'S0070-08', 'R29816', 'R36431', 'R24120', 'R28703', 'R30234', 'R31095', 'R30078', 'R28012', 'R27657', 'R30215', 'R25048', 'TB2780', 'TB3368', '8129-04', 'TB1236', 'TB2659', 'TB1612', 'TB3396', '4549-04', '696-05', '8651-04', 'TB3091', '702-06', '9050-05', '3003-06']	2339718	2339722.0	8	None	130	Rv2082	Rv2082	Event_205	False	False	False	True		0	0	0	0	0	0	0	0
NC_000962.3	2439204	2439460	.	Node_19	R21839	238.08345	4	['R21839']	2439203	2439331.5	257	lineage4	0	Rv2177c	Rv2177c	Event_206	False	False	False	True	PR_HmRegion_107	1	1	0	0	0	0	1	1
NC_000962.3	2439401	2439519	.	Node_7	mada_151	440.570661	4	['mada_151']	2439400	2439459.5	119	lineage4	0	Rv2177c	Rv2177c	Event_207	False	False	False	True	PR_HmRegion_107	1	1	0	0	0	0	1	1
NC_000962.3	2626004	2626204	.	Node_138	mada_1-1	528.465906	9	['mada_1-1']	2626003	2626103.5	201	lineage1	0	esxO	Rv2346c	Event_208	True	False	False	False	PR_HmRegion_113	4	1	0	0	0	0	1	1
NC_000962.3	2626004	2626600	.	Node_149	RW-TB008	4814.594574	24	['RW-TB008']	2626003	2626301.5	597	lineage8	0	esxO,esxP	Rv2346c,Rv2347c	Event_209	True	False	False	False	PR_HmRegion_113	4	1	0	0	0	0	1	1
NC_000962.3	2626105	2626348	.	Node_148	Node_133	1678.604249	7	['mada_2-31', 'mada_1-41', 'MT_0080', 'mada_102', 'TB3334', 'mada_105', 'TB3169', 'M0014888_3', 'mada_151', 'mada_129', 'QC-4', 'QC-8', 'QC-10', '02_R1708', '02_R0894', 'mada_139', 'M0017522_5', 'S0106-01', 'R21770', 'R21839', 'R21363', 'mada_1-32', 'R30396', 'R20896', 'TB3251', 'M0016395_7', 'R15311', '02_R1179', 'TB3162', 'TB2661', 'TB3386', 'M0010874_7', 'QC-7', 'QC-6', 'QC-1', '01_R1430', 'M0011368_9', 'mada_103', 'mada_112', 'mada_124', 'S0123-01', 'S0262-02', '02_R1896', 'mada_2-25', 'TB3237', 'TB4620', 'M0016737_0', 'TB3054', 'mada_126', 'mada_120', '01_R1134', 'mada_1-38', 'TB2968', 'mada_123', 'R23571', 'mada_2-1', 'mada_1-50', 'mada_1-53', 'mada_2-53', 'mada_1-12', 'mada_128', 'mada_1-15', 'N1274', 'N0054', 'QC-3', 'QC-9', 'QC-5', 'N0004', 'mada_1-30', 'R21893', 'R30420', 'R32929', 'R26778', 'R23146', 'R28980', 'R21408', 'R20574', 'R20260', 'R26791', 'R27725', 'R18043', 'R18040', 'R27937', 'R22601', '18_0621851', 'N0155', 'mada_1-11', 'N0145', 'S0085-01', 'S0089-01', 'S0107-01', 'R29598', 'R24100', 'R28581', 'S0256-08', 'R37765', 'M0003941_3', 'mada_115', 'mada_2-42', 'TB2995', 'TB2512', 'TB2981', '706-05', 'TB3113', 'S0070-08', 'R29816', 'R36431', 'R24120', 'R28703', 'R30234', 'R31095', 'R30078', 'R28012', 'R27657', 'R30215', 'R25048', 'TB2780', 'TB3368', '8129-04', 'TB1236', 'TB2659', 'TB1612', 'TB3396', '4549-04', '696-05', '8651-04', 'TB3091', '702-06', '9050-05', '3003-06']	2626104	2626226.0	244	None	130	esxO,esxP	Rv2346c,Rv2347c	Event_210	True	False	False	False	PR_HmRegion_113	4	1	0	0	0	0	1	1
NC_000962.3	2626138	2626678	.	Node_140	mada_1-39	931.483084	14	['mada_1-39']	2626137	2626407.5	541	lineage1	0	esxO,esxP,Rv2348c	Rv2346c,Rv2347c,Rv2348c	Event_211	True	False	False	False	PR_HmRegion_113	4	1	0	0	0	0	1	1
NC_000962.3	2626149	2626600	.	Node_131	Node_85	1304.587733	5	['R21893', 'R30420', 'R32929', 'R26778', 'R23146', 'R28980', 'R21408', 'R20574', 'R20260', 'R26791', 'R27725', 'R18043', 'R18040', 'R27937', 'R22601']	2626148	2626374.0	452	lineage2	15	esxO,esxP	Rv2346c,Rv2347c	Event_212	True	False	False	False	PR_HmRegion_113	4	1	0	0	0	0	1	1
NC_000962.3	2626511	2626521	.	Node_2	N1202	1577.746833	4	['N1202']	2626510	2626515.5	11	lineage6	0	esxP	Rv2347c	Event_213	True	False	False	False	PR_HmRegion_113	3	1	0	0	0	0	1	1
NC_000962.3	2626511	2626521	.	Node_58	mada_1-38	1122.063122	4	['mada_1-38']	2626510	2626515.5	11	lineage4	0	esxP	Rv2347c	Event_214	True	False	False	False	PR_HmRegion_113	3	1	0	0	0	0	1	1
NC_000962.3	2626511	2626600	.	Node_43	TB3237	647.990776	4	['TB3237']	2626510	2626555.0	90	lineage4	0	esxP	Rv2347c	Event_215	True	False	False	False	PR_HmRegion_113	3	1	0	0	0	0	1	1
NC_000962.3	2626513	2626678	.	Node_12	Node_11	488.115642	4	['QC-4', 'QC-8', 'QC-10']	2626512	2626595.0	166	lineage4	3	esxP,Rv2348c	Rv2347c,Rv2348c	Event_216	True	False	False	False	PR_HmRegion_113	3	1	0	0	0	0	1	1
NC_000962.3	2626513	2626678	.	Node_7	mada_151	422.237197	4	['mada_151']	2626512	2626595.0	166	lineage4	0	esxP,Rv2348c	Rv2347c,Rv2348c	Event_217	True	False	False	False	PR_HmRegion_113	3	1	0	0	0	0	1	1
NC_000962.3	2720895	2721013	.	Node_36	Node_28	616.652639	4	['M0016395_7', 'R15311']	2720894	2720953.5	119	lineage4	2	Rv2424c	Rv2424c	Event_218	False	False	False	True	PR_HmRegion_119	1	1	0	0	0	0	1	1
NC_000962.3	2866551	2866647	.	Node_144	mada_1-10	1555.802567	6	['mada_1-10']	2866550	2866598.5	97	lineage1	0	lppA	Rv2543	Event_219	False	False	False	True	PR_HmRegion_124	1	1	0	0	0	0	1	1
NC_000962.3	2866607	2867756	.	Node_132	Node_131	1451.162781	10	['R21893', 'R30420', 'R32929', 'R26778', 'R23146', 'R28980', 'R21408', 'R20574', 'R20260', 'R26791', 'R27725', 'R18043', 'R18040', 'R27937', 'R22601', '18_0621851', 'N0155', 'mada_1-11', 'N0145', 'S0085-01', 'S0089-01', 'S0107-01', 'R29598', 'R24100', 'R28581', 'S0256-08', 'R37765', 'M0003941_3', 'mada_115', 'mada_2-42', 'TB2995', 'TB2512', 'TB2981', '706-05', 'TB3113', 'S0070-08', 'R29816', 'R36431', 'R24120', 'R28703', 'R30234', 'R31095', 'R30078', 'R28012', 'R27657', 'R30215', 'R25048', 'TB2780', 'TB3368', '8129-04', 'TB1236', 'TB2659', 'TB1612', 'TB3396', '4549-04', '696-05', '8651-04', 'TB3091', '702-06', '9050-05', '3003-06']	2866606	2867181.0	1150	lineage2	61	lppA,lppB	Rv2543,Rv2544	Event_220	False	False	False	True	PR_HmRegion_124,PR_HmRegion_125	2	1	0	0	0	0	5	1
NC_000962.3	2867207	2867263	.	Node_133	Node_132	424.784506	9	['N1274', 'N0054', 'QC-3', 'QC-9', 'QC-5', 'N0004', 'mada_1-30', 'R21893', 'R30420', 'R32929', 'R26778', 'R23146', 'R28980', 'R21408', 'R20574', 'R20260', 'R26791', 'R27725', 'R18043', 'R18040', 'R27937', 'R22601', '18_0621851', 'N0155', 'mada_1-11', 'N0145', 'S0085-01', 'S0089-01', 'S0107-01', 'R29598', 'R24100', 'R28581', 'S0256-08', 'R37765', 'M0003941_3', 'mada_115', 'mada_2-42', 'TB2995', 'TB2512', 'TB2981', '706-05', 'TB3113', 'S0070-08', 'R29816', 'R36431', 'R24120', 'R28703', 'R30234', 'R31095', 'R30078', 'R28012', 'R27657', 'R30215', 'R25048', 'TB2780', 'TB3368', '8129-04', 'TB1236', 'TB2659', 'TB1612', 'TB3396', '4549-04', '696-05', '8651-04', 'TB3091', '702-06', '9050-05', '3003-06']	2867206	2867234.5	57	None	68	lppB	Rv2544	Event_221	False	False	False	True	PR_HmRegion_125	1	1	0	0	0	0	1	1
NC_000962.3	2867207	2867762	.	Node_145	N0072	1448.452075	21	['N0072']	2867206	2867484.0	556	lineage1	0	lppB	Rv2544	Event_222	False	False	False	True	PR_HmRegion_125	1	1	0	0	0	0	3	1
NC_000962.3	2923106	2923119	.	Node_149	RW-TB008	4538.128904	5	['RW-TB008']	2923105	2923112.0	14	lineage8	0	PE_PGRS44	Rv2591	Event_223	False	True	False	False		0	0	0	0	1	1	1	1
NC_000962.3	2944739	2944857	.	Node_130	18_0621851	593.835632	4	['18_0621851']	2944738	2944797.5	119	lineage2	0	PE_PGRS45	Rv2615c	Event_224	False	True	False	False	PR_HmRegion_127	2	1	0	0	0	0	1	1
NC_000962.3	3059791	3059822	.	Node_132	Node_71	1460.480863	4	['N1274', 'N0054', 'QC-3', 'QC-9', 'QC-5', 'N0004', 'mada_1-30']	3059790	3059806.0	32	lineage3	7	_	_	Event_225	False	False	False	True		0	0	0	0	0	0	1	1
NC_000962.3	3119926	3119939	.	Node_33	Node_32	124.786359	7	['QC-6', 'QC-1']	3119925	3119932.0	14	lineage4	2	_	_	Event_226	False	False	False	True	PR_HmRegion_140,LR_HmRegion_032	11	1	5	1	1	1	0	0
NC_000962.3	3132956	3132975	.	Node_148	Node_133	1698.102714	5	['mada_2-31', 'mada_1-41', 'MT_0080', 'mada_102', 'TB3334', 'mada_105', 'TB3169', 'M0014888_3', 'mada_151', 'mada_129', 'QC-4', 'QC-8', 'QC-10', '02_R1708', '02_R0894', 'mada_139', 'M0017522_5', 'S0106-01', 'R21770', 'R21839', 'R21363', 'mada_1-32', 'R30396', 'R20896', 'TB3251', 'M0016395_7', 'R15311', '02_R1179', 'TB3162', 'TB2661', 'TB3386', 'M0010874_7', 'QC-7', 'QC-6', 'QC-1', '01_R1430', 'M0011368_9', 'mada_103', 'mada_112', 'mada_124', 'S0123-01', 'S0262-02', '02_R1896', 'mada_2-25', 'TB3237', 'TB4620', 'M0016737_0', 'TB3054', 'mada_126', 'mada_120', '01_R1134', 'mada_1-38', 'TB2968', 'mada_123', 'R23571', 'mada_2-1', 'mada_1-50', 'mada_1-53', 'mada_2-53', 'mada_1-12', 'mada_128', 'mada_1-15', 'N1274', 'N0054', 'QC-3', 'QC-9', 'QC-5', 'N0004', 'mada_1-30', 'R21893', 'R30420', 'R32929', 'R26778', 'R23146', 'R28980', 'R21408', 'R20574', 'R20260', 'R26791', 'R27725', 'R18043', 'R18040', 'R27937', 'R22601', '18_0621851', 'N0155', 'mada_1-11', 'N0145', 'S0085-01', 'S0089-01', 'S0107-01', 'R29598', 'R24100', 'R28581', 'S0256-08', 'R37765', 'M0003941_3', 'mada_115', 'mada_2-42', 'TB2995', 'TB2512', 'TB2981', '706-05', 'TB3113', 'S0070-08', 'R29816', 'R36431', 'R24120', 'R28703', 'R30234', 'R31095', 'R30078', 'R28012', 'R27657', 'R30215', 'R25048', 'TB2780', 'TB3368', '8129-04', 'TB1236', 'TB2659', 'TB1612', 'TB3396', '4549-04', '696-05', '8651-04', 'TB3091', '702-06', '9050-05', '3003-06']	3132955	3132965.0	20	None	130	Rv2825c	Rv2825c	Event_227	False	False	False	True	PR_HmRegion_141	1	1	0	0	0	0	1	1
NC_000962.3	3133065	3133078	.	Node_50	Node_49	222.969264	6	['mada_1-53', 'mada_2-53']	3133064	3133071.0	14	lineage4	2	Rv2825c	Rv2825c	Event_228	False	False	False	True	PR_HmRegion_141	1	1	0	0	0	0	1	1
NC_000962.3	3135852	3135974	.	Node_148	Node_147	2576.081864	14	['R27252', 'R23887', 'N0153', 'N0072', 'mada_1-10', 'mada_118', 'mada_1-36', 'mada_117', 'mada_1-39', 'mada_107', 'mada_2-46', 'mada_1-44', 'mada_1-1', 'mada_1-51', 'mada_122']	3135851	3135912.5	123	lineage1	15	Rv2828c	Rv2828c	Event_229	False	False	False	True	PR_HmRegion_142	1	1	0	0	0	0	1	1
NC_000962.3	3135950	3135974	.	Node_132	Node_71	1540.399718	8	['N1274', 'N0054', 'QC-3', 'QC-9', 'QC-5', 'N0004', 'mada_1-30']	3135949	3135961.5	25	lineage3	7	Rv2828c	Rv2828c	Event_230	False	False	False	True	PR_HmRegion_142	1	1	0	0	0	0	1	1
NC_000962.3	3135961	3135974	.	Node_48	TB3054	1174.109214	6	['TB3054']	3135960	3135967.0	14	lineage4	0	Rv2828c	Rv2828c	Event_231	False	False	False	True	PR_HmRegion_142	1	1	0	0	0	0	1	1
NC_000962.3	3135961	3135974	.	Node_97	R37765	617.53723	6	['R37765']	3135960	3135967.0	14	lineage2	0	Rv2828c	Rv2828c	Event_232	False	False	False	True	PR_HmRegion_142	1	1	0	0	0	0	1	1
NC_000962.3	3135971	3135974	.	Node_37	01_R1430	999999.0	4	['01_R1430']	3135970	3135972.0	4	lineage4	0	Rv2828c	Rv2828c	Event_233	False	False	False	True	PR_HmRegion_142	1	1	0	0	0	0	1	1
NC_000962.3	3135971	3136335	.	Node_42	02_R1896	742.405923	5	['02_R1896']	3135970	3136152.5	365	lineage4	0	Rv2828c,Rv2828A	Rv2828c,Rv2828A	Event_234	False	False	False	True	PR_HmRegion_142	1	1	0	0	0	0	1	1
NC_000962.3	3194200	3194430	.	Node_48	Node_47	1659.259625	26	['mada_126', 'mada_120']	3194199	3194314.5	231	lineage4	2	Rv2885c	Rv2885c	Event_235	False	False	False	True	PR_HmRegion_147	3	1	0	0	0	0	1	1
NC_000962.3	3247298	3247340	.	Node_132	Node_71	1478.520437	5	['N1274', 'N0054', 'QC-3', 'QC-9', 'QC-5', 'N0004', 'mada_1-30']	3247297	3247318.5	43	lineage3	7	ppsA	Rv2931	Event_236	False	False	False	True	PR_HmRegion_149	1	1	0	0	0	0	2	1
NC_000962.3	3247851	3248075	.	Node_58	mada_1-38	1204.510078	13	['mada_1-38']	3247850	3247962.5	225	lineage4	0	ppsA	Rv2931	Event_237	False	False	False	True	PR_HmRegion_149	1	1	0	0	0	0	1	1
NC_000962.3	3252893	3252905	.	Node_1	N1272	1045.554353	5	['N1272']	3252892	3252898.5	13	lineage5	0	ppsB	Rv2932	Event_238	False	False	False	True	PR_HmRegion_150	1	1	0	0	0	0	0	0
NC_000962.3	3336528	3336705	.	Node_148	Node_147	2367.002814	4	['R27252', 'R23887', 'N0153', 'N0072', 'mada_1-10', 'mada_118', 'mada_1-36', 'mada_117', 'mada_1-39', 'mada_107', 'mada_2-46', 'mada_1-44', 'mada_1-1', 'mada_1-51', 'mada_122']	3336527	3336616.0	178	lineage1	15	_	_	Event_239	False	False	False	True	LR_HmRegion_037	0	0	3	1	1	1	1	1
NC_000962.3	3377271	3377326	.	Node_134	R23887	2151.098749	12	['R23887']	3377270	3377298.0	56	lineage1	0	PPE46	Rv3018c	Event_240	False	True	False	False	PR_HmRegion_155	1	1	0	0	0	0	1	1
NC_000962.3	3377271	3377351	.	Node_33	QC-7	485.573867	7	['QC-7']	3377270	3377310.5	81	lineage4	0	PPE46	Rv3018c	Event_241	False	True	False	False	PR_HmRegion_155	1	1	0	0	0	0	1	1
NC_000962.3	3528169	3528177	.	Node_141	mada_122	737.715382	5	['mada_122']	3528168	3528172.5	9	lineage1	0	PPE53	Rv3159c	Event_242	False	True	False	False	PR_HmRegion_160	1	1	0	0	0	0	0	0
NC_000962.3	3730390	3730741	.	Node_4	Node_1	3413.422113	6	['N1272', 'N1176']	3730389	3730565.0	352	lineage5	2	PPE54	Rv3343c	Event_243	False	True	False	False	PR_HmRegion_166	2	1	0	0	0	0	1	1
NC_000962.3	3730928	3730946	.	Node_134	R23887	2112.252824	8	['R23887']	3730927	3730936.5	19	lineage1	0	PPE54	Rv3343c	Event_244	False	True	False	False	PR_HmRegion_166	2	1	0	0	0	0	1	1
NC_000962.3	3735709	3735967	.	Node_96	M0003941_3	443.69771	5	['M0003941_3']	3735708	3735837.5	259	lineage2	0	PPE54	Rv3343c	Event_245	False	True	False	False	PR_HmRegion_168	1	1	0	0	0	0	1	1
NC_000962.3	3735802	3736179	.	Node_148	Node_147	2387.717026	6	['R27252', 'R23887', 'N0153', 'N0072', 'mada_1-10', 'mada_118', 'mada_1-36', 'mada_117', 'mada_1-39', 'mada_107', 'mada_2-46', 'mada_1-44', 'mada_1-1', 'mada_1-51', 'mada_122']	3735801	3735990.0	378	lineage1	15	PPE54	Rv3343c	Event_246	False	True	False	False	PR_HmRegion_168	1	1	0	0	0	0	1	1
NC_000962.3	3735802	3736229	.	Node_68	N0004	893.510982	13	['N0004']	3735801	3736015.0	428	lineage3	0	PPE54	Rv3343c	Event_247	False	True	False	False	PR_HmRegion_168	1	1	0	0	0	0	1	1
NC_000962.3	3735802	3736276	.	Node_131	Node_85	1329.472113	7	['R21893', 'R30420', 'R32929', 'R26778', 'R23146', 'R28980', 'R21408', 'R20574', 'R20260', 'R26791', 'R27725', 'R18043', 'R18040', 'R27937', 'R22601']	3735801	3736038.5	475	lineage2	15	PPE54	Rv3343c	Event_248	False	True	False	False	PR_HmRegion_168	1	1	0	0	0	0	1	1
NC_000962.3	3735849	3735967	.	Node_94	N0155	618.075079	5	['N0155']	3735848	3735907.5	119	lineage2	0	PPE54	Rv3343c	Event_249	False	True	False	False	PR_HmRegion_168	1	1	0	0	0	0	1	1
NC_000962.3	3735865	3736179	.	Node_59	01_R1134	1675.985338	5	['01_R1134']	3735864	3736021.5	315	lineage4	0	PPE54	Rv3343c	Event_250	False	True	False	False	PR_HmRegion_168	1	1	0	0	0	0	1	1
NC_000962.3	3735925	3736306	.	Node_64	TB3251	2151.259805	13	['TB3251']	3735924	3736115.0	382	lineage4	0	PPE54	Rv3343c	Event_251	False	True	False	False	PR_HmRegion_168	1	1	0	0	0	0	1	1
NC_000962.3	3736211	3736229	.	Node_4	Node_3	3267.266561	8	['N1177', 'N1202', 'N0091']	3736210	3736219.5	19	lineage6	3	PPE54	Rv3343c	Event_252	False	True	False	False	PR_HmRegion_168	1	1	0	0	0	0	1	1
NC_000962.3	3739316	3739360	.	Node_134	R27252	2111.981932	8	['R27252']	3739315	3739337.5	45	lineage1	0	PE_PGRS50	Rv3345c	Event_253	False	True	False	False		0	0	0	0	1	1	0	0
NC_000962.3	3746660	3746875	.	Node_148	Node_147	2533.421039	11	['R27252', 'R23887', 'N0153', 'N0072', 'mada_1-10', 'mada_118', 'mada_1-36', 'mada_117', 'mada_1-39', 'mada_107', 'mada_2-46', 'mada_1-44', 'mada_1-1', 'mada_1-51', 'mada_122']	3746659	3746767.0	216	lineage1	15	PPE55	Rv3347c	Event_254	False	True	False	False	PR_HmRegion_171	7	1	0	0	0	0	1	1
NC_000962.3	3746726	3746933	.	Node_17	Node_16	576.111591	10	['mada_105', 'TB3169', 'M0014888_3', 'mada_151', 'mada_129', 'QC-4', 'QC-8', 'QC-10', '02_R1708', '02_R0894', 'mada_139']	3746725	3746829.0	208	lineage4	11	PPE55	Rv3347c	Event_255	False	True	False	False	PR_HmRegion_171	7	1	0	0	0	0	1	1
NC_000962.3	3750177	3750421	.	Node_133	Node_65	958.952188	12	['mada_2-31', 'mada_1-41', 'MT_0080', 'mada_102', 'TB3334', 'mada_105', 'TB3169', 'M0014888_3', 'mada_151', 'mada_129', 'QC-4', 'QC-8', 'QC-10', '02_R1708', '02_R0894', 'mada_139', 'M0017522_5', 'S0106-01', 'R21770', 'R21839', 'R21363', 'mada_1-32', 'R30396', 'R20896', 'TB3251', 'M0016395_7', 'R15311', '02_R1179', 'TB3162', 'TB2661', 'TB3386', 'M0010874_7', 'QC-7', 'QC-6', 'QC-1', '01_R1430', 'M0011368_9', 'mada_103', 'mada_112', 'mada_124', 'S0123-01', 'S0262-02', '02_R1896', 'mada_2-25', 'TB3237', 'TB4620', 'M0016737_0', 'TB3054', 'mada_126', 'mada_120', '01_R1134', 'mada_1-38', 'TB2968', 'mada_123', 'R23571', 'mada_2-1', 'mada_1-50', 'mada_1-53', 'mada_2-53', 'mada_1-12', 'mada_128', 'mada_1-15']	3750176	3750298.5	245	lineage4	62	PPE55	Rv3347c	Event_256	False	True	False	False	PR_HmRegion_171	4	1	0	0	0	0	1	1
NC_000962.3	3750560	3750701	.	Node_29	TB3386	121.083243	16	['TB3386']	3750559	3750630.0	142	lineage4	0	PPE55	Rv3347c	Event_257	False	True	False	False	PR_HmRegion_171	4	1	0	0	0	0	1	1
NC_000962.3	3750805	3750860	.	Node_134	R27252	2025.649128	4	['R27252']	3750804	3750832.0	56	lineage1	0	PPE55	Rv3347c	Event_258	False	True	False	False	PR_HmRegion_171	4	1	0	0	0	0	0	0
NC_000962.3	3750805	3750860	.	Node_145	N0072	1353.330047	4	['N0072']	3750804	3750832.0	56	lineage1	0	PPE55	Rv3347c	Event_259	False	True	False	False	PR_HmRegion_171	4	1	0	0	0	0	0	0
NC_000962.3	3752003	3752012	.	Node_132	Node_71	1515.849289	5	['N1274', 'N0054', 'QC-3', 'QC-9', 'QC-5', 'N0004', 'mada_1-30']	3752002	3752007.0	10	lineage3	7	PPE55	Rv3347c	Event_260	False	True	False	False	PR_HmRegion_171	2	1	0	0	0	0	1	1
NC_000962.3	3752654	3752842	.	Node_19	R21363	235.664194	14	['R21363']	3752653	3752747.5	189	lineage4	0	PPE55	Rv3347c	Event_261	False	True	False	False	PR_HmRegion_171	1	1	0	0	0	0	2	1
NC_000962.3	3757488	3757768	.	Node_34	M0010874_7	655.090573	10	['M0010874_7']	3757487	3757627.5	281	lineage4	0	PPE56	Rv3350c	Event_262	False	True	False	False	PR_HmRegion_173,LR_HmRegion_042	6	1	1	1	0	0	1	1
NC_000962.3	3758759	3758787	.	Node_41	Node_40	596.522417	5	['S0123-01', 'S0262-02']	3758758	3758772.5	29	lineage4	2	PPE56	Rv3350c	Event_263	False	True	False	False	PR_HmRegion_173,LR_HmRegion_042	4	1	2	1	1	1	1	1
NC_000962.3	3766599	3766860	.	Node_149	RW-TB008	4364.750923	5	['RW-TB008']	3766598	3766729.0	262	lineage8	0	PPE56	Rv3350c	Event_264	False	True	False	False	PR_HmRegion_173	2	1	0	0	0	0	3	1
NC_000962.3	3766852	3766860	.	Node_25	Node_24	652.374006	4	['S0106-01', 'R21770', 'R21839', 'R21363', 'mada_1-32', 'R30396', 'R20896']	3766851	3766855.5	9	lineage4	7	PPE56	Rv3350c	Event_265	False	True	False	False	PR_HmRegion_173	2	1	0	0	0	0	1	1
NC_000962.3	3766852	3766860	.	Node_4	Node_1	3447.44401	4	['N1272', 'N1176']	3766851	3766855.5	9	lineage5	2	PPE56	Rv3350c	Event_266	False	True	False	False	PR_HmRegion_173	2	1	0	0	0	0	1	1
NC_000962.3	3841652	3841663	.	Node_149	RW-TB008	4443.860886	4	['RW-TB008']	3841651	3841657.0	12	lineage8	0	_	_	Event_267	False	False	False	True	PR_HmRegion_177	1	1	0	0	0	0	1	1
NC_000962.3	3841652	3841663	.	Node_43	TB3237	662.145599	4	['TB3237']	3841651	3841657.0	12	lineage4	0	_	_	Event_268	False	False	False	True	PR_HmRegion_177	1	1	0	0	0	0	1	1
NC_000962.3	3841662	3841816	.	Node_36	Node_28	679.048411	6	['M0016395_7', 'R15311']	3841661	3841738.5	155	lineage4	2	Rv3424c	Rv3424c	Event_269	False	False	False	True	PR_HmRegion_177	1	1	0	0	0	0	1	1
NC_000962.3	3847215	3847238	.	Node_132	Node_131	1410.689047	5	['R21893', 'R30420', 'R32929', 'R26778', 'R23146', 'R28980', 'R21408', 'R20574', 'R20260', 'R26791', 'R27725', 'R18043', 'R18040', 'R27937', 'R22601', '18_0621851', 'N0155', 'mada_1-11', 'N0145', 'S0085-01', 'S0089-01', 'S0107-01', 'R29598', 'R24100', 'R28581', 'S0256-08', 'R37765', 'M0003941_3', 'mada_115', 'mada_2-42', 'TB2995', 'TB2512', 'TB2981', '706-05', 'TB3113', 'S0070-08', 'R29816', 'R36431', 'R24120', 'R28703', 'R30234', 'R31095', 'R30078', 'R28012', 'R27657', 'R30215', 'R25048', 'TB2780', 'TB3368', '8129-04', 'TB1236', 'TB2659', 'TB1612', 'TB3396', '4549-04', '696-05', '8651-04', 'TB3091', '702-06', '9050-05', '3003-06']	3847214	3847226.0	24	lineage2	61	PPE59	Rv3429	Event_270	False	True	False	False	PR_HmRegion_179	1	1	0	0	0	0	1	1
NC_000962.3	3847215	3847247	.	Node_15	mada_139	538.356475	7	['mada_139']	3847214	3847230.5	33	lineage4	0	PPE59	Rv3429	Event_271	False	True	False	False	PR_HmRegion_179	1	1	0	0	0	0	1	1
NC_000962.3	3847562	3847581	.	Node_148	Node_147	2499.917763	5	['R27252', 'R23887', 'N0153', 'N0072', 'mada_1-10', 'mada_118', 'mada_1-36', 'mada_117', 'mada_1-39', 'mada_107', 'mada_2-46', 'mada_1-44', 'mada_1-1', 'mada_1-51', 'mada_122']	3847561	3847571.0	20	lineage1	15	PPE59	Rv3429	Event_272	False	True	False	False	PR_HmRegion_179	1	1	0	0	0	0	1	1
NC_000962.3	3883581	3883626	.	Node_12	Node_11	504.451023	4	['QC-4', 'QC-8', 'QC-10']	3883580	3883603.0	46	lineage4	3	Rv3466	Rv3466	Event_273	False	False	True	False	PR_HmRegion_180	2	1	0	0	0	0	1	1
NC_000962.3	3883595	3883711	.	Node_59	01_R1134	1741.43322	7	['01_R1134']	3883594	3883652.5	117	lineage4	0	Rv3466	Rv3466	Event_274	False	False	True	False	PR_HmRegion_180	2	1	0	0	0	0	1	1
NC_000962.3	3883605	3884155	.	Node_136	mada_1-44	600.075852	30	['mada_1-44']	3883604	3883879.5	551	lineage1	0	Rv3466,Rv3467	Rv3466,Rv3467	Event_275	False	False	True	False	PR_HmRegion_180	2	1	0	0	0	0	1	1
NC_000962.3	3883626	3883690	.	Node_96	Node_95	387.233373	4	['mada_115', 'mada_2-42']	3883625	3883657.5	65	lineage2	2	Rv3466	Rv3466	Event_276	False	False	True	False	PR_HmRegion_180	2	1	0	0	0	0	1	1
NC_000962.3	3883626	3883845	.	Node_48	Node_47	1532.171932	8	['mada_126', 'mada_120']	3883625	3883735.0	220	lineage4	2	Rv3466	Rv3466	Event_277	False	False	True	False	PR_HmRegion_180	2	1	0	0	0	0	1	1
NC_000962.3	3883664	3883860	.	Node_27	Node_5	1775.438863	26	['mada_2-31', 'mada_1-41']	3883663	3883761.5	197	lineage4	2	Rv3466	Rv3466	Event_278	False	False	True	False	PR_HmRegion_180	2	1	0	0	0	0	1	1
NC_000962.3	3883664	3883915	.	Node_13	Node_9	66.27458	24	['mada_105', 'TB3169', 'M0014888_3', 'mada_151']	3883663	3883789.0	252	lineage4	4	Rv3466	Rv3466	Event_279	False	False	True	False	PR_HmRegion_180	2	1	0	0	0	0	1	1
NC_000962.3	3883664	3883915	.	Node_41	Node_40	687.657618	11	['S0123-01', 'S0262-02']	3883663	3883789.0	252	lineage4	2	Rv3466	Rv3466	Event_280	False	False	True	False	PR_HmRegion_180	2	1	0	0	0	0	1	1
NC_000962.3	3883683	3883711	.	Node_1	N1272	1026.184464	5	['N1272']	3883682	3883696.5	29	lineage5	0	Rv3466	Rv3466	Event_281	False	False	True	False	PR_HmRegion_180	2	1	0	0	0	0	1	1
NC_000962.3	3883683	3883711	.	Node_22	Node_21	732.178336	5	['R30396', 'R20896']	3883682	3883696.5	29	lineage4	2	Rv3466	Rv3466	Event_282	False	False	True	False	PR_HmRegion_180	2	1	0	0	0	0	1	1
NC_000962.3	3883683	3883797	.	Node_134	R27252	2044.26944	5	['R27252']	3883682	3883739.5	115	lineage1	0	Rv3466	Rv3466	Event_283	False	False	True	False	PR_HmRegion_180	2	1	0	0	0	0	1	1
NC_000962.3	3883683	3883915	.	Node_25	M0017522_5	1344.002861	7	['M0017522_5']	3883682	3883798.5	233	lineage4	0	Rv3466	Rv3466	Event_284	False	False	True	False	PR_HmRegion_180	2	1	0	0	0	0	1	1
NC_000962.3	3883683	3883915	.	Node_69	Node_67	1002.448095	9	['QC-3', 'QC-9', 'QC-5']	3883682	3883798.5	233	lineage3	3	Rv3466	Rv3466	Event_285	False	False	True	False	PR_HmRegion_180	2	1	0	0	0	0	1	1
NC_000962.3	3883683	3884871	.	Node_2	N0091	1801.545976	13	['N0091']	3883682	3884276.5	1189	lineage6	0	Rv3466,Rv3467	Rv3466,Rv3467	Event_286	False	False	True	False	PR_HmRegion_180	2	1	0	0	0	0	1	1
NC_000962.3	3883768	3883860	.	Node_42	02_R1896	822.475902	19	['02_R1896']	3883767	3883813.5	93	lineage4	0	Rv3466	Rv3466	Event_287	False	False	True	False	PR_HmRegion_180	2	1	0	0	0	0	1	1
NC_000962.3	3883793	3883860	.	Node_37	01_R1430	674.489403	15	['01_R1430']	3883792	3883826.0	68	lineage4	0	Rv3466	Rv3466	Event_288	False	False	True	False	PR_HmRegion_180	2	1	0	0	0	0	1	1
NC_000962.3	3884731	3884851	.	Node_25	M0017522_5	1315.571307	6	['M0017522_5']	3884730	3884790.5	121	lineage4	0	Rv3467	Rv3467	Event_289	False	False	True	False	PR_HmRegion_180	2	1	0	0	0	0	1	1
NC_000962.3	3894588	3895342	.	Node_48	TB3054	1246.216765	27	['TB3054']	3894587	3894964.5	755	lineage4	0	PPE60	Rv3478	Event_290	False	True	False	False	PR_HmRegion_182	2	1	0	0	0	0	4	1
NC_000962.3	3895055	3895116	.	Node_41	Node_39	711.840017	20	['mada_103', 'mada_112', 'mada_124']	3895054	3895085.0	62	lineage4	3	PPE60	Rv3478	Event_291	False	True	False	False	PR_HmRegion_182	2	1	0	0	0	0	2	1
NC_000962.3	3895055	3895116	.	Node_50	mada_1-50	235.832795	20	['mada_1-50']	3895054	3895085.0	62	lineage4	0	PPE60	Rv3478	Event_292	False	True	False	False	PR_HmRegion_182	2	1	0	0	0	0	2	1
NC_000962.3	3895055	3895185	.	Node_9	mada_105	631.945972	33	['mada_105']	3895054	3895119.5	131	lineage4	0	PPE60	Rv3478	Event_293	False	True	False	False	PR_HmRegion_182	2	1	0	0	0	0	3	1
NC_000962.3	3895067	3895082	.	Node_18	Node_6	223.573447	7	['MT_0080', 'mada_102']	3895066	3895074.0	16	lineage4	2	PPE60	Rv3478	Event_294	False	True	False	False	PR_HmRegion_182	2	1	0	0	0	0	1	1
NC_000962.3	3895067	3895257	.	Node_31	Node_30	412.863731	25	['TB3162', 'TB2661', 'TB3386']	3895066	3895161.5	191	lineage4	3	PPE60	Rv3478	Event_295	False	True	False	False	PR_HmRegion_182	2	1	0	0	0	0	3	1
NC_000962.3	3895146	3895159	.	Node_71	N1274	1455.059142	7	['N1274']	3895145	3895152.0	14	lineage3	0	PPE60	Rv3478	Event_296	False	True	False	False	PR_HmRegion_182	2	1	0	0	0	0	0	0
NC_000962.3	3895247	3895282	.	Node_148	Node_147	2481.971754	5	['R27252', 'R23887', 'N0153', 'N0072', 'mada_1-10', 'mada_118', 'mada_1-36', 'mada_117', 'mada_1-39', 'mada_107', 'mada_2-46', 'mada_1-44', 'mada_1-1', 'mada_1-51', 'mada_122']	3895246	3895264.0	36	lineage1	15	PPE60	Rv3478	Event_297	False	True	False	False	PR_HmRegion_182	2	1	0	0	0	0	1	1
NC_000962.3	3930384	3930432	.	Node_25	M0017522_5	1480.29682	14	['M0017522_5']	3930383	3930407.5	49	lineage4	0	PE_PGRS53	Rv3507	Event_298	False	True	False	False	LR_HmRegion_043	0	0	1	1	1	1	0	0
NC_000962.3	3932006	3932048	.	Node_15	mada_139	510.719962	6	['mada_139']	3932005	3932026.5	43	lineage4	0	PE_PGRS54	Rv3508	Event_299	False	True	False	False	PR_HmRegion_183,LR_HmRegion_043	1	1	1	1	1	1	1	1
NC_000962.3	3932495	3932601	.	Node_131	Node_85	1361.722839	15	['R21893', 'R30420', 'R32929', 'R26778', 'R23146', 'R28980', 'R21408', 'R20574', 'R20260', 'R26791', 'R27725', 'R18043', 'R18040', 'R27937', 'R22601']	3932494	3932547.5	107	lineage2	15	PE_PGRS54	Rv3508	Event_300	False	True	False	False	PR_HmRegion_183,LR_HmRegion_043	2	1	1	1	1	1	1	1
NC_000962.3	3932780	3932814	.	Node_138	mada_1-1	487.443579	7	['mada_1-1']	3932779	3932796.5	35	lineage1	0	PE_PGRS54	Rv3508	Event_301	False	True	False	False	PR_HmRegion_183,LR_HmRegion_043	2	1	1	1	1	1	1	1
NC_000962.3	3932796	3932876	.	Node_70	N0054	949.42263	4	['N0054']	3932795	3932835.5	81	lineage3	0	PE_PGRS54	Rv3508	Event_302	False	True	False	False	PR_HmRegion_183,LR_HmRegion_043	2	1	1	1	1	1	1	1
NC_000962.3	3932897	3932972	.	Node_7	mada_151	461.928671	7	['mada_151']	3932896	3932934.0	76	lineage4	0	PE_PGRS54	Rv3508	Event_303	False	True	False	False	PR_HmRegion_183,LR_HmRegion_043	2	1	1	1	1	1	1	1
NC_000962.3	3932919	3932929	.	Node_59	01_R1134	1688.148481	4	['01_R1134']	3932918	3932923.5	11	lineage4	0	PE_PGRS54	Rv3508	Event_304	False	True	False	False	PR_HmRegion_183,LR_HmRegion_043	2	1	1	1	1	1	1	1
NC_000962.3	3934001	3934025	.	Node_71	N1274	1401.874781	4	['N1274']	3934000	3934012.5	25	lineage3	0	PE_PGRS54	Rv3508	Event_305	False	True	False	False	PR_HmRegion_183,LR_HmRegion_043	2	1	4	1	1	1	1	1
NC_000962.3	3934001	3934091	.	Node_147	Node_134	593.392627	8	['R27252', 'R23887']	3934000	3934045.5	91	lineage1	2	PE_PGRS54	Rv3508	Event_306	False	True	False	False	PR_HmRegion_183,LR_HmRegion_043	2	1	4	1	1	1	1	1
NC_000962.3	3934001	3934091	.	Node_149	RW-TB008	4585.592503	8	['RW-TB008']	3934000	3934045.5	91	lineage8	0	PE_PGRS54	Rv3508	Event_307	False	True	False	False	PR_HmRegion_183,LR_HmRegion_043	2	1	4	1	1	1	1	1
NC_000962.3	3934001	3934096	.	Node_143	Node_142	681.934805	10	['mada_1-36', 'mada_117', 'mada_1-39', 'mada_107', 'mada_2-46', 'mada_1-44', 'mada_1-1', 'mada_1-51', 'mada_122']	3934000	3934048.0	96	lineage1	9	PE_PGRS54	Rv3508	Event_308	False	True	False	False	PR_HmRegion_183,LR_HmRegion_043	2	1	4	1	1	1	1	1
NC_000962.3	3934812	3934822	.	Node_54	mada_128	630.300057	5	['mada_128']	3934811	3934816.5	11	lineage4	0	PE_PGRS54	Rv3508	Event_309	False	True	False	False	PR_HmRegion_183,LR_HmRegion_043	1	1	4	1	1	1	1	1
NC_000962.3	3935306	3935379	.	Node_141	mada_122	724.252287	4	['mada_122']	3935305	3935342.0	74	lineage1	0	PE_PGRS54	Rv3508	Event_310	False	True	False	False	PR_HmRegion_183,LR_HmRegion_043	2	1	5	1	1	1	1	1
NC_000962.3	3935335	3935459	.	Node_42	mada_2-25	778.744788	4	['mada_2-25']	3935334	3935396.5	125	lineage4	0	PE_PGRS54	Rv3508	Event_311	False	True	False	False	PR_HmRegion_183,LR_HmRegion_043	2	1	5	1	1	1	1	1
NC_000962.3	3935335	3935494	.	Node_57	Node_56	418.966583	5	['mada_123', 'R23571', 'mada_2-1', 'mada_1-50', 'mada_1-53', 'mada_2-53', 'mada_1-12', 'mada_128', 'mada_1-15']	3935334	3935414.0	160	lineage4	9	PE_PGRS54	Rv3508	Event_312	False	True	False	False	PR_HmRegion_183,LR_HmRegion_043	2	1	5	1	1	1	1	1
NC_000962.3	3935447	3935494	.	Node_28	R15311	589.466437	6	['R15311']	3935446	3935470.0	48	lineage4	0	PE_PGRS54	Rv3508	Event_313	False	True	False	False	PR_HmRegion_183,LR_HmRegion_043	2	1	4	1	1	1	1	1
NC_000962.3	3935448	3935494	.	Node_48	TB3054	1159.113434	4	['TB3054']	3935447	3935470.5	47	lineage4	0	PE_PGRS54	Rv3508	Event_314	False	True	False	False	PR_HmRegion_183,LR_HmRegion_043	2	1	4	1	1	1	1	1
NC_000962.3	3941497	3941516	.	Node_136	mada_2-46	488.855419	4	['mada_2-46']	3941496	3941506.0	20	lineage1	0	PE_PGRS55	Rv3511	Event_315	False	True	False	False	PR_HmRegion_184,LR_HmRegion_043	1	1	2	1	1	1	1	1
NC_000962.3	3941497	3941516	.	Node_144	mada_1-10	1492.591429	4	['mada_1-10']	3941496	3941506.0	20	lineage1	0	PE_PGRS55	Rv3511	Event_316	False	True	False	False	PR_HmRegion_184,LR_HmRegion_043	1	1	2	1	1	1	1	1
NC_000962.3	3943145	3943175	.	Node_143	mada_118	1338.700161	10	['mada_118']	3943144	3943159.5	31	lineage1	0	PE_PGRS56	Rv3512	Event_317	False	True	False	False	PR_HmRegion_184,LR_HmRegion_043	1	1	1	1	1	1	1	1
NC_000962.3	3947413	3947425	.	Node_17	TB3334	959.099967	5	['TB3334']	3947412	3947418.5	13	lineage4	0	PE_PGRS57	Rv3514	Event_318	False	True	False	False	PR_HmRegion_185,LR_HmRegion_043	3	1	5	1	1	1	1	1
NC_000962.3	3947413	3947425	.	Node_26	Node_18	460.062051	5	['MT_0080', 'mada_102', 'TB3334', 'mada_105', 'TB3169', 'M0014888_3', 'mada_151', 'mada_129', 'QC-4', 'QC-8', 'QC-10', '02_R1708', '02_R0894', 'mada_139']	3947412	3947418.5	13	lineage4	14	PE_PGRS57	Rv3514	Event_319	False	True	False	False	PR_HmRegion_185,LR_HmRegion_043	3	1	5	1	1	1	1	1
NC_000962.3	3947413	3947425	.	Node_64	TB3251	2106.478821	6	['TB3251']	3947412	3947418.5	13	lineage4	0	PE_PGRS57	Rv3514	Event_320	False	True	False	False	PR_HmRegion_185,LR_HmRegion_043	3	1	5	1	1	1	1	1
NC_000962.3	4032911	4032977	.	Node_149	RW-TB008	4738.701772	13	['RW-TB008']	4032910	4032943.5	67	lineage8	0	PE_PGRS58	Rv3590c	Event_321	False	True	False	False		0	0	0	0	0	0	0	0
NC_000962.3	4060100	4060230	.	Node_59	Node_58	543.43386	4	['mada_1-38', 'TB2968', 'mada_123', 'R23571', 'mada_2-1', 'mada_1-50', 'mada_1-53', 'mada_2-53', 'mada_1-12', 'mada_128', 'mada_1-15']	4060099	4060164.5	131	lineage4	11	esxV	Rv3619c	Event_322	True	False	False	False	PR_HmRegion_189	4	1	0	0	0	0	1	1
NC_000962.3	4221544	4221619	.	Node_112	Node_102	390.83743	7	['TB2995', 'TB2512', 'TB2981', '706-05', 'TB3113']	4221543	4221581.0	76	lineage2	5	Rv3776	Rv3776	Event_323	False	False	False	True	PR_HmRegion_193	1	1	0	0	0	0	2	1
NC_000962.3	4253576	4253583	.	Node_148	Node_133	1634.243225	4	['mada_2-31', 'mada_1-41', 'MT_0080', 'mada_102', 'TB3334', 'mada_105', 'TB3169', 'M0014888_3', 'mada_151', 'mada_129', 'QC-4', 'QC-8', 'QC-10', '02_R1708', '02_R0894', 'mada_139', 'M0017522_5', 'S0106-01', 'R21770', 'R21839', 'R21363', 'mada_1-32', 'R30396', 'R20896', 'TB3251', 'M0016395_7', 'R15311', '02_R1179', 'TB3162', 'TB2661', 'TB3386', 'M0010874_7', 'QC-7', 'QC-6', 'QC-1', '01_R1430', 'M0011368_9', 'mada_103', 'mada_112', 'mada_124', 'S0123-01', 'S0262-02', '02_R1896', 'mada_2-25', 'TB3237', 'TB4620', 'M0016737_0', 'TB3054', 'mada_126', 'mada_120', '01_R1134', 'mada_1-38', 'TB2968', 'mada_123', 'R23571', 'mada_2-1', 'mada_1-50', 'mada_1-53', 'mada_2-53', 'mada_1-12', 'mada_128', 'mada_1-15', 'N1274', 'N0054', 'QC-3', 'QC-9', 'QC-5', 'N0004', 'mada_1-30', 'R21893', 'R30420', 'R32929', 'R26778', 'R23146', 'R28980', 'R21408', 'R20574', 'R20260', 'R26791', 'R27725', 'R18043', 'R18040', 'R27937', 'R22601', '18_0621851', 'N0155', 'mada_1-11', 'N0145', 'S0085-01', 'S0089-01', 'S0107-01', 'R29598', 'R24100', 'R28581', 'S0256-08', 'R37765', 'M0003941_3', 'mada_115', 'mada_2-42', 'TB2995', 'TB2512', 'TB2981', '706-05', 'TB3113', 'S0070-08', 'R29816', 'R36431', 'R24120', 'R28703', 'R30234', 'R31095', 'R30078', 'R28012', 'R27657', 'R30215', 'R25048', 'TB2780', 'TB3368', '8129-04', 'TB1236', 'TB2659', 'TB1612', 'TB3396', '4549-04', '696-05', '8651-04', 'TB3091', '702-06', '9050-05', '3003-06']	4253575	4253579.0	8	None	130	Rv3798	Rv3798	Event_324	False	False	False	True	PR_HmRegion_194	1	1	0	0	0	0	1	1
