HmRegion_Num	Chr	Start	End	Center	Length	Overlap_Genes	NOvrlap_Transposase	num_HmAln_All	num_HmAln_PR_BelowSeqID100	num_HmAln_PR_MinSeqID99	HmRegionNum	HmRegionID	pGCE_Count	CenterOfRegion	Overlap_GC_EventIDs
0	NC_000962.3	333811	335879	334845.0	2068	PE_PGRS3	0	1	1	1	0	LR_HmRegion_000	1	334845.0	Event_036
1	NC_000962.3	366430	375121	370775.5	8691	PPE5,PPE6	0	6	6	6	1	LR_HmRegion_001	0	370775.5	_
2	NC_000962.3	424011	432951	428481.0	8940	hspR,PPE7,PPE8	0	5	4	4	2	LR_HmRegion_002	0	428481.0	_
3	NC_000962.3	566288	580814	573551.0	14526	hbhA,Rv0476,Rv0477,deoC,Rv0479c,Rv0480c,Rv0481c,murB,lprQ,Rv0484c,Rv0485,mshA,Rv0487,Rv0488,gpm1,senX3,regX3	0	4	2	1	3	LR_HmRegion_003	0	573551.0	_
4	NC_000962.3	631298	631436	631367.0	138	Rv0538	0	2	2	2	4	LR_HmRegion_004	0	631367.0	_
5	NC_000962.3	663387	663451	663419.0	64	_	0	1	1	1	5	LR_HmRegion_005	0	663419.0	_
6	NC_000962.3	837191	840336	838763.5	3145	PE_PGRS9,PE_PGRS10	0	2	2	2	6	LR_HmRegion_006	4	838763.5	Event_055,Event_056,Event_057,Event_058
7	NC_000962.3	917610	929903	923756.5	12293	Rv0823c,desA1,Rv0825c,Rv0826,kmtR,Rv0828c,Rv0829,Rv0830,Rv0831c,lysT,gluT,aspT,pheU,PE_PGRS12,PE_PGRS13,PE_PGRS14	1	3	2	2	7	LR_HmRegion_007	3	923756.5	Event_064,Event_065,Event_066
8	NC_000962.3	960166	965086	962626.0	4920	Rv0862c,Rv0863,moaC2,mog,moaE2,rpfA	0	5	4	4	8	LR_HmRegion_008	0	962626.0	_
9	NC_000962.3	1217612	1218128	1217870.0	516	PE_PGRS22	0	2	2	2	9	LR_HmRegion_009	1	1217870.0	Event_082
10	NC_000962.3	1263098	1267244	1265171.0	4146	PPE16,Rv1135A,Rv1136,Rv1137c,Rv1138c,Rv1139c	0	1	1	1	10	LR_HmRegion_010	1	1265171.0	Event_083
11	NC_000962.3	1305494	1305661	1305577.5	167	fbiC	0	2	2	0	11	LR_HmRegion_011	0	1305577.5	_
12	NC_000962.3	1441365	1441791	1441578.0	426	Rv1288	0	1	1	1	12	LR_HmRegion_012	0	1441578.0	_
13	NC_000962.3	1451778	1451995	1451886.5	217	thrC	0	2	0	0	13	LR_HmRegion_013	0	1451886.5	_
14	NC_000962.3	1479277	1484143	1481710.0	4866	Rv1318c,Rv1319c,Rv1320c	0	2	2	2	14	LR_HmRegion_014	1	1481710.0	Event_109
15	NC_000962.3	1779808	1780580	1780194.0	772	Rv1574,Rv1575	0	2	2	2	15	LR_HmRegion_015	0	1780194.0	_
16	NC_000962.3	1895352	1895591	1895471.5	239	_	0	3	0	0	16	LR_HmRegion_016	0	1895471.5	_
17	NC_000962.3	1907459	1907575	1907517.0	116	_	0	1	0	0	17	LR_HmRegion_017	0	1907517.0	_
18	NC_000962.3	1982012	1983329	1982670.5	1317	PPE24	0	4	4	4	18	LR_HmRegion_018	0	1982670.5	_
19	NC_000962.3	2059429	2062170	2060799.5	2741	Rv1817,PE_PGRS33	0	2	1	1	19	LR_HmRegion_019	0	2060799.5	_
20	NC_000962.3	2074435	2074633	2074534.0	198	Rv1829	0	2	2	0	20	LR_HmRegion_020	0	2074534.0	_
21	NC_000962.3	2163327	2169168	2166247.5	5841	PPE34,PPE35	0	4	4	4	21	LR_HmRegion_021	8	2166247.5	Event_175,Event_176,Event_177,Event_178,Event_179,Event_180,Event_181,Event_182
22	NC_000962.3	2347394	2347613	2347503.5	219	Rv2090	0	2	2	0	22	LR_HmRegion_022	0	2347503.5	_
23	NC_000962.3	2372436	2372560	2372498.0	124	dop	0	2	2	2	23	LR_HmRegion_023	0	2372498.0	_
24	NC_000962.3	2461319	2461504	2461411.5	185	qcrB,Rv2197c	0	2	2	0	24	LR_HmRegion_024	0	2461411.5	_
25	NC_000962.3	2522172	2522232	2522202.0	60	_	0	1	1	1	25	LR_HmRegion_025	0	2522202.0	_
26	NC_000962.3	2531892	2536734	2534313.0	4842	Rv2258c,mscR,Rv2260,Rv2261c,Rv2262c,Rv2263,Rv2264c	0	2	2	1	26	LR_HmRegion_026	0	2534313.0	_
27	NC_000962.3	2627992	2632010	2630001.0	4018	plcC,plcB,plcA	0	2	2	2	27	LR_HmRegion_027	0	2630001.0	_
28	NC_000962.3	2801490	2805669	2803579.5	4179	PE_PGRS43	0	1	1	1	28	LR_HmRegion_028	0	2803579.5	_
29	NC_000962.3	2990584	2996168	2993376.0	5584	aftC,msrB,Rv2675c,Rv2676c,hemY,hemE,echA15,Rv2680	0	3	1	0	29	LR_HmRegion_029	0	2993376.0	_
30	NC_000962.3	3007037	3007220	3007128.5	183	Rv2689c	0	2	0	0	30	LR_HmRegion_030	0	3007128.5	_
31	NC_000962.3	3104980	3105036	3105008.0	56	_	0	1	0	0	31	LR_HmRegion_031	0	3105008.0	_
32	NC_000962.3	3119184	3123577	3121380.5	4393	Rv2814c,Rv2815c	2	9	9	9	32	LR_HmRegion_032	1	3121380.5	Event_226
33	NC_000962.3	3155882	3156089	3155985.5	207	_	0	1	0	0	33	LR_HmRegion_033	0	3155985.5	_
34	NC_000962.3	3171467	3171626	3171546.5	159	Rv2859c	0	1	0	0	34	LR_HmRegion_034	0	3171546.5	_
35	NC_000962.3	3189538	3192353	3190945.5	2815	Rv2879c,Rv2880c,cdsA,frr	0	2	2	1	35	LR_HmRegion_035	0	3190945.5	_
36	NC_000962.3	3232650	3239829	3236239.5	7179	ftsY,smc,acyP,Rv2923c,fpg,rnc	0	3	3	2	36	LR_HmRegion_036	0	3236239.5	_
37	NC_000962.3	3336503	3336802	3336652.5	299	Rv2980,ddlA	0	3	3	2	37	LR_HmRegion_037	1	3336652.5	Event_239
38	NC_000962.3	3351090	3351214	3351152.0	124	_	0	1	0	0	38	LR_HmRegion_038	0	3351152.0	_
39	NC_000962.3	3594262	3594458	3594360.0	196	_	0	2	2	2	39	LR_HmRegion_039	0	3594360.0	_
40	NC_000962.3	3663727	3663995	3663861.0	268	accE5	0	4	4	4	40	LR_HmRegion_040	0	3663861.0	_
41	NC_000962.3	3690950	3691093	3691021.5	143	_	0	2	2	2	41	LR_HmRegion_041	0	3691021.5	_
42	NC_000962.3	3756941	3765107	3761024.0	8166	PPE56	0	4	4	4	42	LR_HmRegion_042	2	3761024.0	Event_262,Event_263
43	NC_000962.3	3927090	3950060	3938575.0	22970	PE_PGRS53,PE_PGRS54,ilvX,Rv3510c,PE_PGRS55,PE_PGRS56,fadD18,PE_PGRS57	0	16	16	16	43	LR_HmRegion_043	23	3938575.0	Event_298,Event_299,Event_300,Event_301,Event_302,Event_303,Event_304,Event_305,Event_306,Event_307,Event_308,Event_309,Event_310,Event_311,Event_312,Event_313,Event_314,Event_315,Event_316,Event_317,Event_318,Event_319,Event_320
44	NC_000962.3	4021392	4021454	4021423.0	62	Rv3579c	0	1	0	0	44	LR_HmRegion_044	0	4021423.0	_
45	NC_000962.3	4052970	4053549	4053259.5	579	Rv3611,Rv3612c	0	4	0	0	45	LR_HmRegion_045	0	4053259.5	_
46	NC_000962.3	4087479	4087619	4087549.0	140	Rv3647c	0	2	2	2	46	LR_HmRegion_046	0	4087549.0	_
47	NC_000962.3	4120916	4121053	4120984.5	137	Rv3680	0	2	2	2	47	LR_HmRegion_047	0	4120984.5	_
48	NC_000962.3	4155459	4156967	4156213.0	1508	leuA,dnaQ	0	3	1	1	48	LR_HmRegion_048	0	4156213.0	_
49	NC_000962.3	4348777	4353444	4351110.5	4667	eccCb1,PE35,PPE68,esxB,esxA,espI	0	1	1	1	49	LR_HmRegion_049	0	4351110.5	_
