chrom	start	end	Length	Overlap_Genes
NC_000962.3	23172	23237	65	pstP
NC_000962.3	79498	79573	75	Rv0071
NC_000962.3	80180	80379	199	Rv0071
NC_000962.3	80458	80517	59	_
NC_000962.3	82165	82237	72	Rv0073
NC_000962.3	82371	82486	115	Rv0073
NC_000962.3	103701	104784	1083	Rv0094c
NC_000962.3	104829	104940	111	Rv0095c
NC_000962.3	104941	105136	195	Rv0095c
NC_000962.3	131784	131843	59	PE_PGRS1
NC_000962.3	149633	149759	126	PE_PGRS2
NC_000962.3	149824	149945	121	PE_PGRS2
NC_000962.3	150477	150527	50	PE_PGRS2
NC_000962.3	154108	154244	136	treS,mak
NC_000962.3	157277	157330	53	fbpC
NC_000962.3	157381	157432	51	fbpC
NC_000962.3	161525	161576	51	_
NC_000962.3	177093	177179	86	_
NC_000962.3	177224	177321	97	_
NC_000962.3	177336	177407	71	_
NC_000962.3	197076	197129	53	yrbE1A
NC_000962.3	197190	197310	120	yrbE1A
NC_000962.3	197836	198005	169	yrbE1B
NC_000962.3	198088	198169	81	yrbE1B
NC_000962.3	198476	198536	60	yrbE1B,mce1A
NC_000962.3	198960	199040	80	mce1A
NC_000962.3	199749	199831	82	mce1A
NC_000962.3	201951	202013	62	mce1C
NC_000962.3	253597	253665	68	pckA
NC_000962.3	267756	267811	55	Rv0223c
NC_000962.3	272847	272956	109	_
NC_000962.3	279524	279600	76	nrdB
NC_000962.3	293723	293791	68	_
NC_000962.3	294284	294336	52	fadE5
NC_000962.3	309083	309190	107	PPE2
NC_000962.3	309926	310109	183	Rv0257
NC_000962.3	332698	333140	442	vapC25
NC_000962.3	333156	333222	66	vapB25
NC_000962.3	333291	333405	114	vapB25
NC_000962.3	333507	333558	51	PE_PGRS3
NC_000962.3	333562	333640	78	PE_PGRS3
NC_000962.3	333954	334018	64	PE_PGRS3
NC_000962.3	334057	334118	61	PE_PGRS3
NC_000962.3	334129	334190	61	PE_PGRS3
NC_000962.3	334484	334534	50	PE_PGRS3
NC_000962.3	334554	334764	210	PE_PGRS3
NC_000962.3	334875	334937	62	PE_PGRS3
NC_000962.3	334954	335004	50	PE_PGRS3
NC_000962.3	335161	335216	55	PE_PGRS3
NC_000962.3	335506	335567	61	PE_PGRS3
NC_000962.3	335763	336163	400	PE_PGRS3
NC_000962.3	336176	336233	57	PE_PGRS3
NC_000962.3	336234	336384	150	PE_PGRS3
NC_000962.3	336620	336685	65	PE_PGRS4
NC_000962.3	336903	336967	64	PE_PGRS4
NC_000962.3	337491	337616	125	PE_PGRS4
NC_000962.3	338297	338347	50	PE_PGRS4
NC_000962.3	338390	338442	52	PE_PGRS4
NC_000962.3	338544	338789	245	PE_PGRS4
NC_000962.3	338792	338926	134	PE_PGRS4
NC_000962.3	338939	338996	57	PE_PGRS4
NC_000962.3	338997	339147	150	PE_PGRS4
NC_000962.3	339714	339821	107	PPE3
NC_000962.3	341204	341266	62	Rv0281
NC_000962.3	350295	350359	64	PPE4
NC_000962.3	351569	351658	89	esxG
NC_000962.3	351889	351939	50	esxH
NC_000962.3	361633	361725	92	PE_PGRS5
NC_000962.3	361739	361828	89	PE_PGRS5
NC_000962.3	366574	366704	130	PPE5
NC_000962.3	366715	366871	156	PPE5
NC_000962.3	366886	367007	121	PPE5
NC_000962.3	367014	367071	57	PPE5
NC_000962.3	367298	367369	71	PPE5
NC_000962.3	367878	367988	110	PPE5
NC_000962.3	367991	368041	50	PPE5
NC_000962.3	368154	368421	267	PPE5
NC_000962.3	368675	368798	123	PPE5
NC_000962.3	368859	368930	71	PPE5
NC_000962.3	369235	369329	94	PPE5
NC_000962.3	369358	369419	61	PPE5
NC_000962.3	369426	369647	221	PPE5
NC_000962.3	369660	369752	92	PPE5
NC_000962.3	369753	369823	70	PPE5
NC_000962.3	370557	370611	54	PPE5
NC_000962.3	370623	370673	50	PPE5
NC_000962.3	370677	371011	334	PPE5
NC_000962.3	371364	371480	116	PPE5
NC_000962.3	371910	372109	199	PPE5
NC_000962.3	372111	372299	188	PPE5
NC_000962.3	372326	372450	124	PPE5
NC_000962.3	372650	372740	90	PPE5
NC_000962.3	372776	372833	57	PPE6
NC_000962.3	373193	373248	55	PPE6
NC_000962.3	373279	373371	92	PPE6
NC_000962.3	373393	373470	77	PPE6
NC_000962.3	373526	373656	130	PPE6
NC_000962.3	373971	374025	54	PPE6
NC_000962.3	374050	374184	134	PPE6
NC_000962.3	374463	374982	519	PPE6
NC_000962.3	375258	375328	70	PPE6
NC_000962.3	400146	401705	1559	Rv0336
NC_000962.3	424006	424149	143	hspR
NC_000962.3	424842	425032	190	PPE8
NC_000962.3	425095	425153	58	PPE8
NC_000962.3	425167	425271	104	PPE8
NC_000962.3	425283	425409	126	PPE8
NC_000962.3	425410	425592	182	PPE8
NC_000962.3	426575	426671	96	PPE8
NC_000962.3	426735	426860	125	PPE8
NC_000962.3	426909	426997	88	PPE8
NC_000962.3	427069	427199	130	PPE8
NC_000962.3	427295	427382	87	PPE8
NC_000962.3	428402	428502	100	PPE8
NC_000962.3	428524	428761	237	PPE8
NC_000962.3	429118	429180	62	PPE8
NC_000962.3	429631	429715	84	PPE8
NC_000962.3	429790	430173	383	PPE8
NC_000962.3	431042	431093	51	PPE8
NC_000962.3	431125	431183	58	PPE8
NC_000962.3	431191	431262	71	PPE8
NC_000962.3	431272	431441	169	PPE8
NC_000962.3	431453	431550	97	PPE8
NC_000962.3	431883	431934	51	PPE8
NC_000962.3	432374	432435	61	PPE8
NC_000962.3	432532	432591	59	PPE8
NC_000962.3	432604	432803	199	PPE8
NC_000962.3	433690	433800	110	PPE8
NC_000962.3	433847	433929	82	PPE8
NC_000962.3	433939	434005	66	PPE8
NC_000962.3	434226	434310	84	PPE8
NC_000962.3	459876	459929	53	clpB
NC_000962.3	460996	461068	72	clpB
NC_000962.3	461349	461431	82	clpB
NC_000962.3	472442	472495	53	ndhA
NC_000962.3	473740	474044	304	Rv0393
NC_000962.3	474046	474108	62	Rv0393
NC_000962.3	475806	476110	304	Rv0397
NC_000962.3	476124	476182	58	Rv0397
NC_000962.3	488166	488221	55	pks6
NC_000962.3	531535	531590	55	PPE10
NC_000962.3	538774	538839	65	mmpL4
NC_000962.3	543554	543638	84	PPE11
NC_000962.3	560890	560940	50	pcaA
NC_000962.3	561273	561338	65	pcaA
NC_000962.3	561531	561657	126	pcaA
NC_000962.3	562302	562396	94	Rv0471c
NC_000962.3	566270	566344	74	hbhA
NC_000962.3	569810	569984	174	_
NC_000962.3	577280	577502	222	Rv0487
NC_000962.3	580565	580820	255	senX3,regX3
NC_000962.3	594516	594568	52	cmaA2
NC_000962.3	595329	595452	123	_
NC_000962.3	598878	598931	53	mmpL2
NC_000962.3	606505	608063	1558	Rv0515,Rv0516c
NC_000962.3	622889	622944	55	PE_PGRS6
NC_000962.3	623097	623259	162	PE_PGRS6
NC_000962.3	623406	623466	60	PE_PGRS6
NC_000962.3	623521	623592	71	PE_PGRS6
NC_000962.3	623821	623892	71	PE_PGRS6
NC_000962.3	623938	624009	71	PE_PGRS6
NC_000962.3	624151	624222	71	PE_PGRS6
NC_000962.3	631281	631439	158	Rv0538
NC_000962.3	642734	642817	83	fadD8
NC_000962.3	669262	669313	51	Rv0575c
NC_000962.3	673939	673991	52	PE_PGRS7
NC_000962.3	675485	675547	62	PE_PGRS7
NC_000962.3	675554	675614	60	PE_PGRS7
NC_000962.3	677063	677127	64	Rv0580c
NC_000962.3	685344	685397	53	yrbE2A
NC_000962.3	685458	685578	120	yrbE2A
NC_000962.3	686122	686291	169	yrbE2B
NC_000962.3	686374	686455	81	yrbE2B
NC_000962.3	686762	686822	60	yrbE2B,mce2A
NC_000962.3	687244	687324	80	mce2A
NC_000962.3	687886	687968	82	mce2A
NC_000962.3	690078	690140	62	mce2C
NC_000962.3	701241	701310	69	_
NC_000962.3	701312	701437	125	Rv0605
NC_000962.3	702054	702168	114	Rv0606
NC_000962.3	702278	702357	79	Rv0606
NC_000962.3	702537	702626	89	Rv0606
NC_000962.3	709419	709488	69	Rv0613c,Rv0614
NC_000962.3	709491	709543	52	Rv0613c,Rv0614
NC_000962.3	709580	709665	85	Rv0614
NC_000962.3	711562	711704	142	galTa
NC_000962.3	716626	716677	51	vapB30,vapC30
NC_000962.3	717241	717294	53	Rv0625c
NC_000962.3	717639	717716	77	Rv0625c
NC_000962.3	718308	718365	57	vapC5
NC_000962.3	718810	718862	52	Rv0628c
NC_000962.3	718863	718925	62	Rv0628c
NC_000962.3	719127	719199	72	Rv0628c
NC_000962.3	719382	719464	82	Rv0628c
NC_000962.3	719465	719545	80	Rv0628c
NC_000962.3	719636	719687	51	Rv0628c
NC_000962.3	736225	736297	72	_
NC_000962.3	737307	737389	82	mmaA3
NC_000962.3	737988	738060	72	mmaA3
NC_000962.3	738336	738418	82	mmaA2
NC_000962.3	738722	738787	65	mmaA2
NC_000962.3	738921	738973	52	mmaA2
NC_000962.3	738980	739051	71	mmaA2
NC_000962.3	739052	739143	91	mmaA2
NC_000962.3	742561	742637	76	Rv0647c
NC_000962.3	747948	747999	51	_
NC_000962.3	755258	755330	72	_
NC_000962.3	776714	776767	53	mmpL5
NC_000962.3	786024	786080	56	_
NC_000962.3	795467	795526	59	Rv0695,Rv0696
NC_000962.3	798662	798738	76	_
NC_000962.3	798997	799068	71	Rv0698
NC_000962.3	812847	812897	50	_
NC_000962.3	818307	818357	50	Rv0725c
NC_000962.3	829701	829772	71	Rv0737
NC_000962.3	830628	830684	56	_
NC_000962.3	830711	830764	53	_
NC_000962.3	831187	831262	75	Rv0739
NC_000962.3	832082	832361	279	Rv0740
NC_000962.3	832653	832757	104	Rv0741
NC_000962.3	833148	833199	51	PE_PGRS8
NC_000962.3	833208	833260	52	PE_PGRS8
NC_000962.3	833317	833495	178	PE_PGRS8
NC_000962.3	835079	835202	123	Rv0745
NC_000962.3	835404	835457	53	Rv0745
NC_000962.3	835803	835890	87	PE_PGRS9
NC_000962.3	836060	836121	61	PE_PGRS9
NC_000962.3	836180	836251	71	PE_PGRS9
NC_000962.3	837907	837987	80	PE_PGRS9
NC_000962.3	838694	838762	68	PE_PGRS10
NC_000962.3	838769	838896	127	PE_PGRS10
NC_000962.3	839254	839307	53	PE_PGRS10
NC_000962.3	839353	839422	69	PE_PGRS10
NC_000962.3	839445	839507	62	PE_PGRS10
NC_000962.3	839624	839763	139	PE_PGRS10
NC_000962.3	839791	839841	50	PE_PGRS10
NC_000962.3	839915	839987	72	PE_PGRS10
NC_000962.3	839999	840071	72	PE_PGRS10
NC_000962.3	840134	840196	62	PE_PGRS10
NC_000962.3	840209	840270	61	PE_PGRS10
NC_000962.3	840329	840381	52	PE_PGRS10
NC_000962.3	840690	840759	69	PE_PGRS10
NC_000962.3	840799	840850	51	PE_PGRS10
NC_000962.3	840958	841072	114	vapB31
NC_000962.3	841141	841207	66	vapB31
NC_000962.3	841223	841665	442	vapC31
NC_000962.3	841940	842015	75	_
NC_000962.3	842057	842469	412	Rv0750,mmsB
NC_000962.3	849911	849964	53	PPE12
NC_000962.3	863184	863259	75	Rv0770
NC_000962.3	889012	891465	2453	Rv0795,Rv0796,Rv0797
NC_000962.3	908175	909350	1175	sseC2,cysA2
NC_000962.3	917605	917739	134	Rv0823c,desA1
NC_000962.3	921572	921896	324	Rv0828c,Rv0829
NC_000962.3	925069	925132	63	PE_PGRS12
NC_000962.3	925261	925404	143	PE_PGRS12,PE_PGRS13
NC_000962.3	925730	925801	71	PE_PGRS13
NC_000962.3	925811	925882	71	PE_PGRS13
NC_000962.3	926012	926098	86	PE_PGRS13
NC_000962.3	926117	926203	86	PE_PGRS13
NC_000962.3	926216	926293	77	PE_PGRS13
NC_000962.3	926315	926392	77	PE_PGRS13
NC_000962.3	926514	926595	81	PE_PGRS13
NC_000962.3	926629	926687	58	PE_PGRS13
NC_000962.3	926902	926960	58	PE_PGRS13
NC_000962.3	927379	927458	79	PE_PGRS13
NC_000962.3	927889	927939	50	PE_PGRS14
NC_000962.3	958453	958521	68	fadB
NC_000962.3	960160	960331	171	_
NC_000962.3	964576	965081	505	rpfA
NC_000962.3	968778	968828	50	PE_PGRS15
NC_000962.3	969873	969933	60	PE_PGRS15
NC_000962.3	972604	972656	52	Rv0874c
NC_000962.3	972657	972719	62	Rv0874c
NC_000962.3	972921	972993	72	Rv0874c
NC_000962.3	973176	973258	82	Rv0874c
NC_000962.3	973259	973339	80	Rv0874c
NC_000962.3	973430	973481	51	Rv0874c
NC_000962.3	977516	977569	53	PPE13
NC_000962.3	977978	978030	52	PPE13
NC_000962.3	978086	978142	56	PPE13
NC_000962.3	996026	996088	62	Rv0893c
NC_000962.3	1064046	1064117	71	sucD,Rv0953c
NC_000962.3	1071257	1071317	60	Rv0958,Rv0959
NC_000962.3	1090965	1091020	55	PE_PGRS16
NC_000962.3	1093231	1093319	88	_
NC_000962.3	1093449	1093646	197	PE_PGRS17
NC_000962.3	1093649	1094592	943	PE_PGRS17
NC_000962.3	1094864	1094952	88	rpmF
NC_000962.3	1095202	1095324	122	PE_PGRS18
NC_000962.3	1095330	1095744	414	PE_PGRS18
NC_000962.3	1095842	1096698	856	PE_PGRS18
NC_000962.3	1121039	1121089	50	Rv1004c
NC_000962.3	1121120	1121170	50	Rv1004c
NC_000962.3	1121656	1121730	74	Rv1004c
NC_000962.3	1159194	1159244	50	Rv1034c
NC_000962.3	1160330	1160420	90	Rv1036c
NC_000962.3	1160536	1161158	622	esxI,esxJ
NC_000962.3	1161300	1161364	64	PPE15
NC_000962.3	1162561	1162611	50	PE8
NC_000962.3	1164563	1165554	991	Rv1041c,Rv1042c
NC_000962.3	1169291	1170738	1447	Rv1047
NC_000962.3	1179345	1179396	51	Rv1057
NC_000962.3	1182320	1182381	61	_
NC_000962.3	1188517	1188617	100	PE_PGRS19
NC_000962.3	1188811	1188902	91	PE_PGRS19
NC_000962.3	1188973	1189046	73	PE_PGRS19
NC_000962.3	1189338	1189392	54	PE_PGRS19
NC_000962.3	1189421	1189539	118	PE_PGRS19
NC_000962.3	1189727	1190176	449	PE_PGRS19
NC_000962.3	1190248	1190298	50	PE_PGRS19
NC_000962.3	1190853	1190943	90	PE_PGRS20
NC_000962.3	1191129	1191220	91	PE_PGRS20
NC_000962.3	1191276	1191900	624	PE_PGRS20
NC_000962.3	1211638	1211690	52	PE_PGRS21
NC_000962.3	1211727	1211787	60	PE_PGRS21
NC_000962.3	1211807	1211859	52	PE_PGRS21
NC_000962.3	1211905	1212011	106	PE_PGRS21
NC_000962.3	1212012	1212128	116	PE_PGRS21
NC_000962.3	1212309	1212379	70	PE_PGRS21
NC_000962.3	1216547	1216648	101	PE_PGRS22
NC_000962.3	1216716	1216768	52	PE_PGRS22
NC_000962.3	1216816	1216920	104	PE_PGRS22
NC_000962.3	1216921	1217037	116	PE_PGRS22
NC_000962.3	1217581	1217641	60	PE_PGRS22
NC_000962.3	1217653	1217713	60	PE_PGRS22
NC_000962.3	1218069	1218131	62	PE_PGRS22
NC_000962.3	1230570	1230647	77	_
NC_000962.3	1251677	1251751	74	Rv1128c
NC_000962.3	1262917	1263030	113	PPE16
NC_000962.3	1263083	1263189	106	PPE16
NC_000962.3	1263706	1263759	53	PPE16
NC_000962.3	1267218	1267268	50	_
NC_000962.3	1275554	1275606	52	_
NC_000962.3	1275921	1276055	134	_
NC_000962.3	1276288	1276797	509	Rv1148c
NC_000962.3	1276873	1277747	874	Rv1148c
NC_000962.3	1277796	1278828	1032	Rv1149,Rv1150
NC_000962.3	1281894	1282021	127	_
NC_000962.3	1284406	1284472	66	Rv1158c
NC_000962.3	1284490	1284556	66	Rv1158c
NC_000962.3	1287558	1287626	68	narG
NC_000962.3	1287809	1288094	285	narG
NC_000962.3	1293001	1293069	68	narJ
NC_000962.3	1305489	1305664	175	fbiC
NC_000962.3	1319184	1319261	77	pks4
NC_000962.3	1326282	1326332	50	fadD21
NC_000962.3	1339342	1339838	496	PPE18
NC_000962.3	1339885	1340000	115	PPE18
NC_000962.3	1340005	1340059	54	PPE18
NC_000962.3	1340060	1340396	336	PPE18
NC_000962.3	1340490	1342738	2248	PPE18,esxK,esxL,Rv1199c
NC_000962.3	1351193	1351282	89	folP2
NC_000962.3	1357059	1357128	69	_
NC_000962.3	1357246	1357301	55	PE14
NC_000962.3	1386153	1386213	60	PE_PGRS23
NC_000962.3	1386284	1386358	74	PE_PGRS23
NC_000962.3	1386450	1386500	50	PE_PGRS23
NC_000962.3	1388109	1388169	60	Rv1245c
NC_000962.3	1408677	1408728	51	Rv1260
NC_000962.3	1441363	1441724	361	Rv1288
NC_000962.3	1443432	1443485	53	Rv1290c
NC_000962.3	1451771	1452002	231	thrC,thrB
NC_000962.3	1456571	1456624	53	hemK
NC_000962.3	1457458	1457567	109	hemK,Rv1301
NC_000962.3	1468159	1469622	1463	Rv1313c
NC_000962.3	1479347	1479408	61	Rv1318c
NC_000962.3	1479486	1479537	51	Rv1318c
NC_000962.3	1479715	1479924	209	Rv1318c
NC_000962.3	1481021	1481082	61	Rv1319c
NC_000962.3	1481103	1481158	55	Rv1319c
NC_000962.3	1481160	1481211	51	Rv1319c
NC_000962.3	1481389	1481442	53	Rv1319c
NC_000962.3	1481443	1481598	155	Rv1319c
NC_000962.3	1482822	1482877	55	Rv1320c
NC_000962.3	1483108	1483164	56	Rv1320c
NC_000962.3	1483195	1483253	58	Rv1320c
NC_000962.3	1483263	1483317	54	Rv1320c
NC_000962.3	1488082	1488146	64	_
NC_000962.3	1489372	1489422	50	PE_PGRS24
NC_000962.3	1489536	1489646	110	PE_PGRS24
NC_000962.3	1489737	1489797	60	PE_PGRS24
NC_000962.3	1532534	1532921	387	PPE19
NC_000962.3	1532985	1533657	672	PPE19
NC_000962.3	1541943	1543314	1371	Rv1369c,Rv1370c
NC_000962.3	1568047	1568105	58	_
NC_000962.3	1573396	1573529	133	PE_PGRS25
NC_000962.3	1573554	1573605	51	PE_PGRS25
NC_000962.3	1606513	1606564	51	PE16
NC_000962.3	1612561	1612664	103	Rv1435c
NC_000962.3	1618324	1618378	54	PE_PGRS26
NC_000962.3	1618466	1618526	60	PE_PGRS26
NC_000962.3	1618615	1618676	61	PE_PGRS26
NC_000962.3	1619291	1619361	70	PE_PGRS26
NC_000962.3	1619404	1619456	52	PE_PGRS26
NC_000962.3	1625353	1625421	68	opcA,zwf2
NC_000962.3	1631061	1631116	55	PE_PGRS27
NC_000962.3	1631415	1631466	51	PE_PGRS27
NC_000962.3	1631764	1631832	68	PE_PGRS27
NC_000962.3	1632056	1632127	71	PE_PGRS27
NC_000962.3	1632761	1632823	62	PE_PGRS27
NC_000962.3	1633404	1633466	62	PE_PGRS27
NC_000962.3	1633476	1634540	1064	PE_PGRS27
NC_000962.3	1634592	1634796	204	PE_PGRS27
NC_000962.3	1636798	1636861	63	PE_PGRS28
NC_000962.3	1636871	1636939	68	PE_PGRS28
NC_000962.3	1637126	1638142	1016	PE_PGRS28
NC_000962.3	1638194	1638398	204	PE_PGRS28,Rv1453
NC_000962.3	1644241	1644371	130	Rv1458c,Rv1459c
NC_000962.3	1654153	1654205	52	fadE15
NC_000962.3	1656140	1656199	59	PE_PGRS29
NC_000962.3	1656327	1656409	82	PE_PGRS29
NC_000962.3	1656515	1656595	80	PE_PGRS29
NC_000962.3	1672404	1672465	61	Rv1482c
NC_000962.3	1678949	1679018	69	Rv1489A
NC_000962.3	1685476	1685545	69	mutB
NC_000962.3	1699862	1699919	57	Rv1508c,Rv1508A
NC_000962.3	1702155	1702205	50	Rv1510
NC_000962.3	1702383	1702469	86	Rv1510
NC_000962.3	1702675	1702853	178	_
NC_000962.3	1703070	1703127	57	gmdA
NC_000962.3	1710883	1710944	61	Rv1519
NC_000962.3	1712841	1712891	50	fadD25
NC_000962.3	1713496	1713546	50	fadD25
NC_000962.3	1713672	1713752	80	fadD25
NC_000962.3	1722649	1722699	50	pks5
NC_000962.3	1722808	1722889	81	pks5
NC_000962.3	1723226	1723283	57	pks5
NC_000962.3	1723514	1723594	80	pks5
NC_000962.3	1725515	1725565	50	pks5
NC_000962.3	1730044	1730094	50	fadD24
NC_000962.3	1730875	1730955	80	fadD24
NC_000962.3	1731134	1731202	68	fadD24
NC_000962.3	1735540	1735634	94	_
NC_000962.3	1753011	1753061	50	PPE21
NC_000962.3	1753286	1753336	50	PPE21
NC_000962.3	1773951	1774108	157	Rv1566c
NC_000962.3	1779803	1779883	80	_
NC_000962.3	1779890	1780152	262	Rv1574
NC_000962.3	1780237	1780583	346	Rv1574,Rv1575
NC_000962.3	1780897	1781009	112	Rv1576c
NC_000962.3	1781120	1781192	72	Rv1576c
NC_000962.3	1781257	1781498	241	Rv1576c
NC_000962.3	1781499	1781605	106	Rv1576c
NC_000962.3	1781614	1781759	145	Rv1576c
NC_000962.3	1781760	1781983	223	Rv1576c
NC_000962.3	1782092	1782158	66	Rv1577c
NC_000962.3	1782219	1782290	71	Rv1577c
NC_000962.3	1782294	1782526	232	Rv1577c
NC_000962.3	1782555	1782791	236	Rv1577c,Rv1578c
NC_000962.3	1786159	1786304	145	Rv1583c
NC_000962.3	1788505	1789871	1366	Rv1587c,Rv1588c
NC_000962.3	1814849	1815129	280	_
NC_000962.3	1828799	1828859	60	_
NC_000962.3	1830065	1830124	59	Rv1627c,Rv1628c
NC_000962.3	1865011	1865069	58	PE_PGRS30
NC_000962.3	1875414	1875503	89	pks7
NC_000962.3	1875876	1875966	90	pks7
NC_000962.3	1876149	1876233	84	pks7
NC_000962.3	1876403	1876591	188	pks7
NC_000962.3	1876599	1876673	74	pks7
NC_000962.3	1879286	1879380	94	pks7
NC_000962.3	1879512	1879564	52	pks7
NC_000962.3	1880679	1880747	68	pks7
NC_000962.3	1880755	1880808	53	pks7
NC_000962.3	1880822	1880876	54	pks7
NC_000962.3	1880883	1880942	59	pks7
NC_000962.3	1881811	1881900	89	pks8
NC_000962.3	1882243	1882357	114	pks8
NC_000962.3	1882540	1882624	84	pks8
NC_000962.3	1882693	1882759	66	pks8
NC_000962.3	1882791	1882978	187	pks8
NC_000962.3	1882987	1883061	74	pks8
NC_000962.3	1883353	1883403	50	pks8
NC_000962.3	1885849	1885901	52	pks8
NC_000962.3	1886334	1886386	52	pks8
NC_000962.3	1886689	1886750	61	pks17
NC_000962.3	1886988	1887056	68	pks17
NC_000962.3	1887064	1887117	53	pks17
NC_000962.3	1887131	1887185	54	pks17
NC_000962.3	1887192	1887251	59	pks17
NC_000962.3	1889504	1889554	50	pks9
NC_000962.3	1895346	1895598	252	_
NC_000962.3	1907451	1907582	131	_
NC_000962.3	1933296	1933383	87	PPE23
NC_000962.3	1933711	1933761	50	PPE23
NC_000962.3	1946845	1947026	181	_
NC_000962.3	1955432	1955482	50	Rv1729c
NC_000962.3	1963152	1963220	68	narX
NC_000962.3	1963419	1963704	285	narX
NC_000962.3	1963887	1963955	68	narX
NC_000962.3	1967879	1967930	51	vapB34,vapC34
NC_000962.3	1971232	1971333	101	Rv1744c
NC_000962.3	1981807	1981862	55	PPE24
NC_000962.3	1982011	1982230	219	PPE24
NC_000962.3	1982877	1983331	454	PPE24
NC_000962.3	1983727	1983814	87	PPE24
NC_000962.3	1987172	1987240	68	plcD
NC_000962.3	1987343	1987405	62	plcD
NC_000962.3	1987692	1989067	1375	plcD,Rv1756c,Rv1757c,cut1
NC_000962.3	1989893	1989971	78	wag22
NC_000962.3	1991218	1991281	63	wag22
NC_000962.3	1991426	1991479	53	wag22
NC_000962.3	1991788	1991849	61	wag22
NC_000962.3	1992053	1992110	57	wag22
NC_000962.3	1992281	1992333	52	wag22
NC_000962.3	1996091	1998617	2526	Rv1763,Rv1764,Rv1765c
NC_000962.3	2000923	2000997	74	PE_PGRS31
NC_000962.3	2001008	2001061	53	PE_PGRS31
NC_000962.3	2025295	2025857	562	PPE25
NC_000962.3	2025890	2026166	276	PPE25
NC_000962.3	2028419	2029245	826	PPE27
NC_000962.3	2030327	2030647	320	esxM
NC_000962.3	2030702	2030985	283	esxN
NC_000962.3	2039730	2039780	50	PPE28
NC_000962.3	2043796	2043857	61	PPE30
NC_000962.3	2047626	2047720	94	Rv1805c
NC_000962.3	2048788	2048841	53	PPE31
NC_000962.3	2050286	2050397	111	PPE32
NC_000962.3	2059424	2059607	183	Rv1817
NC_000962.3	2061694	2061744	50	PE_PGRS33
NC_000962.3	2061799	2061865	66	PE_PGRS33
NC_000962.3	2061961	2062039	78	PE_PGRS33
NC_000962.3	2062060	2062128	68	PE_PGRS33
NC_000962.3	2062285	2062368	83	PE_PGRS33
NC_000962.3	2062447	2062514	67	PE_PGRS33
NC_000962.3	2069015	2069068	53	_
NC_000962.3	2074429	2074638	209	Rv1829
NC_000962.3	2089091	2089161	70	PE_PGRS34
NC_000962.3	2089291	2089347	56	PE_PGRS34
NC_000962.3	2102845	2102898	53	ndh
NC_000962.3	2115707	2115757	50	_
NC_000962.3	2133992	2134045	53	rpfC
NC_000962.3	2134921	2134974	53	fbpB
NC_000962.3	2135423	2135492	69	fbpB
NC_000962.3	2135532	2135615	83	fbpB
NC_000962.3	2135664	2135747	83	fbpB
NC_000962.3	2156797	2156877	80	Rv1910c
NC_000962.3	2157476	2157556	80	lppC
NC_000962.3	2163192	2163251	59	PPE34
NC_000962.3	2163321	2163489	168	PPE34
NC_000962.3	2163724	2164094	370	PPE34
NC_000962.3	2164433	2164535	102	PPE34
NC_000962.3	2165160	2165219	59	PPE34
NC_000962.3	2165320	2165585	265	PPE34
NC_000962.3	2166076	2166139	63	PPE34
NC_000962.3	2166373	2166469	96	PPE34
NC_000962.3	2166486	2166561	75	PPE34
NC_000962.3	2166979	2167032	53	PPE34
NC_000962.3	2167845	2167900	55	PPE35
NC_000962.3	2168807	2168871	64	PPE35
NC_000962.3	2168885	2168949	64	PPE35
NC_000962.3	2168981	2169055	74	PPE35
NC_000962.3	2169059	2169133	74	PPE35
NC_000962.3	2169570	2169627	57	PPE35
NC_000962.3	2170280	2170333	53	PPE35
NC_000962.3	2195905	2196779	874	Rv1944c,Rv1945
NC_000962.3	2196855	2197247	392	Rv1945
NC_000962.3	2197278	2197364	86	Rv1945
NC_000962.3	2198684	2198818	134	Rv1948c
NC_000962.3	2230719	2230772	53	_
NC_000962.3	2260252	2260308	56	_
NC_000962.3	2260342	2260438	96	_
NC_000962.3	2261439	2261517	78	Rv2014
NC_000962.3	2262003	2263174	1171	Rv2015c
NC_000962.3	2294814	2294910	96	pks12
NC_000962.3	2295173	2295241	68	pks12
NC_000962.3	2295288	2296014	726	pks12
NC_000962.3	2296028	2296426	398	pks12
NC_000962.3	2296958	2297044	86	pks12
NC_000962.3	2298088	2298159	71	pks12
NC_000962.3	2299185	2300127	942	pks12
NC_000962.3	2300206	2300387	181	pks12
NC_000962.3	2300445	2300579	134	pks12
NC_000962.3	2300910	2301006	96	pks12
NC_000962.3	2301263	2301331	68	pks12
NC_000962.3	2301378	2302104	726	pks12
NC_000962.3	2302118	2302516	398	pks12
NC_000962.3	2303045	2303131	86	pks12
NC_000962.3	2304130	2304201	71	pks12
NC_000962.3	2305254	2306196	942	pks12
NC_000962.3	2306275	2306456	181	pks12
NC_000962.3	2306511	2306645	134	pks12
NC_000962.3	2330142	2330213	71	cobL
NC_000962.3	2337967	2338101	134	Rv2081c
NC_000962.3	2339362	2339431	69	Rv2082
NC_000962.3	2339440	2339509	69	Rv2082
NC_000962.3	2340560	2340694	134	Rv2082
NC_000962.3	2341428	2341478	50	Rv2083
NC_000962.3	2347385	2347619	234	Rv2090
NC_000962.3	2357840	2357900	60	PE_PGRS36
NC_000962.3	2358658	2358714	56	Rv2100
NC_000962.3	2358754	2358831	77	Rv2100
NC_000962.3	2358917	2358990	73	Rv2100
NC_000962.3	2358994	2359056	62	Rv2100
NC_000962.3	2359162	2359212	50	Rv2100
NC_000962.3	2359553	2359612	59	Rv2100
NC_000962.3	2359777	2359851	74	Rv2100
NC_000962.3	2359922	2359981	59	Rv2100
NC_000962.3	2365406	2366777	1371	Rv2105,Rv2106
NC_000962.3	2372429	2372564	135	dop
NC_000962.3	2381445	2381512	67	PPE37
NC_000962.3	2401812	2401935	123	_
NC_000962.3	2423327	2423386	59	PE_PGRS38
NC_000962.3	2424482	2424536	54	PE_PGRS38
NC_000962.3	2430106	2431480	1374	Rv2167c,Rv2168c
NC_000962.3	2439176	2439953	777	Rv2177c
NC_000962.3	2440278	2440333	55	aroG
NC_000962.3	2458390	2458470	80	qcrC,qcrA
NC_000962.3	2461321	2461509	188	qcrB,Rv2197c
NC_000962.3	2482060	2482110	50	dlaT
NC_000962.3	2482417	2482467	50	dlaT
NC_000962.3	2523181	2523238	57	_
NC_000962.3	2531885	2532216	331	Rv2258c
NC_000962.3	2546431	2546496	65	mazF8
NC_000962.3	2550001	2551377	1376	Rv2277c,Rv2278,Rv2279
NC_000962.3	2554863	2554932	69	_
NC_000962.3	2577284	2577361	77	Rv2306A
NC_000962.3	2577678	2577731	53	Rv2306A,Rv2306B
NC_000962.3	2617341	2617406	65	mmpL9
NC_000962.3	2625881	2626687	806	esxO,esxP,Rv2348c
NC_000962.3	2627502	2627555	53	plcC
NC_000962.3	2629273	2629353	80	plcB
NC_000962.3	2629592	2629671	79	plcB
NC_000962.3	2630143	2630238	95	plcB
NC_000962.3	2630867	2630925	58	plcA
NC_000962.3	2631041	2631118	77	plcA
NC_000962.3	2631357	2631436	79	plcA
NC_000962.3	2631899	2631994	95	plcA
NC_000962.3	2633619	2633684	65	PPE38
NC_000962.3	2633738	2633829	91	PPE38
NC_000962.3	2634051	2634108	57	PPE38
NC_000962.3	2635269	2635411	142	PPE39
NC_000962.3	2635464	2635561	97	PPE39
NC_000962.3	2635567	2637036	1469	PPE39,Rv2354,Rv2355
NC_000962.3	2637254	2637533	279	_
NC_000962.3	2638348	2638559	211	PPE40
NC_000962.3	2639034	2639106	72	PPE40
NC_000962.3	2639119	2639184	65	PPE40
NC_000962.3	2639266	2639359	93	PPE40
NC_000962.3	2639484	2639621	137	PPE40
NC_000962.3	2651842	2651909	67	PE_PGRS40
NC_000962.3	2683500	2683553	53	rpfD
NC_000962.3	2687128	2687256	128	cysH,che1
NC_000962.3	2700465	2700530	65	_
NC_000962.3	2703890	2704018	128	Rv2406c
NC_000962.3	2716307	2716391	84	Rv2417c
NC_000962.3	2720670	2721447	777	Rv2424c
NC_000962.3	2721811	2721866	55	Rv2425c
NC_000962.3	2751595	2751657	62	_
NC_000962.3	2784600	2785981	1381	Rv2478c,Rv2479c,Rv2480c
NC_000962.3	2795673	2795723	50	PE_PGRS42
NC_000962.3	2795923	2796010	87	PE_PGRS42
NC_000962.3	2796870	2796922	52	PE_PGRS42
NC_000962.3	2797258	2797354	96	PE_PGRS42
NC_000962.3	2803064	2803161	97	PE_PGRS43
NC_000962.3	2803822	2803875	53	PE_PGRS43
NC_000962.3	2804101	2804163	62	PE_PGRS43
NC_000962.3	2804755	2804817	62	PE_PGRS43
NC_000962.3	2806109	2806205	96	PE_PGRS43
NC_000962.3	2828485	2829937	1452	Rv2512c
NC_000962.3	2836271	2836323	52	PE26
NC_000962.3	2850916	2850998	82	_
NC_000962.3	2866464	2866758	294	lppA
NC_000962.3	2866850	2866997	147	lppA
NC_000962.3	2866998	2867414	416	lppA,lppB
NC_000962.3	2867506	2867653	147	lppB
NC_000962.3	2867654	2867778	124	lppB
NC_000962.3	2877242	2877304	62	Rv2557
NC_000962.3	2878034	2878096	62	Rv2558
NC_000962.3	2883831	2883903	72	glnQ
NC_000962.3	2884037	2884152	115	glnQ
NC_000962.3	2921968	2922025	57	PE_PGRS44
NC_000962.3	2923090	2923142	52	PE_PGRS44
NC_000962.3	2935118	2935171	53	PPE42
NC_000962.3	2944269	2944321	52	PE_PGRS45
NC_000962.3	2944376	2945232	856	PE_PGRS45
NC_000962.3	2953435	2953512	77	Rv2627c
NC_000962.3	2971754	2971867	113	Rv2647
NC_000962.3	2971939	2971989	50	Rv2647
NC_000962.3	2972100	2973472	1372	Rv2648,Rv2649
NC_000962.3	2974049	2974161	112	Rv2650c
NC_000962.3	2974272	2974344	72	Rv2650c
NC_000962.3	2974409	2974650	241	Rv2650c
NC_000962.3	2974651	2974757	106	Rv2650c
NC_000962.3	2974766	2974911	145	Rv2650c
NC_000962.3	2974912	2975135	223	Rv2650c
NC_000962.3	2975262	2975328	66	Rv2651c
NC_000962.3	2975389	2975460	71	Rv2651c
NC_000962.3	2975464	2975696	232	Rv2651c
NC_000962.3	2975725	2975961	236	Rv2651c,Rv2652c
NC_000962.3	2978904	2979049	145	Rv2656c,Rv2657c
NC_000962.3	2982936	2983858	922	Rv2665,Rv2666
NC_000962.3	2990577	2990705	128	aftC
NC_000962.3	2995999	2996172	173	Rv2680
NC_000962.3	3000926	3000996	70	arsA
NC_000962.3	3001075	3001135	60	arsA
NC_000962.3	3001303	3001384	81	arsA
NC_000962.3	3001420	3001479	59	arsA
NC_000962.3	3001759	3001810	51	arsA
NC_000962.3	3002295	3002365	70	arsB1
NC_000962.3	3002444	3002504	60	arsB1
NC_000962.3	3002672	3002753	81	arsB1
NC_000962.3	3002789	3002848	59	arsB1
NC_000962.3	3003128	3003179	51	arsB1
NC_000962.3	3007031	3007226	195	Rv2689c
NC_000962.3	3018716	3018766	50	sigA
NC_000962.3	3018794	3018853	59	sigA
NC_000962.3	3022727	3022777	50	sigB
NC_000962.3	3022805	3022864	59	sigB
NC_000962.3	3054669	3054719	50	PE_PGRS47
NC_000962.3	3059791	3059849	58	_
NC_000962.3	3073061	3073135	74	dfrA
NC_000962.3	3076897	3076961	64	PPE43
NC_000962.3	3078167	3078217	50	PE27
NC_000962.3	3082461	3082660	199	Rv2774c
NC_000962.3	3082703	3082762	59	Rv2774c
NC_000962.3	3097653	3097714	61	fadE21
NC_000962.3	3100169	3100400	231	Rv2791c
NC_000962.3	3100445	3100510	65	Rv2791c
NC_000962.3	3100514	3100570	56	Rv2791c
NC_000962.3	3100693	3100798	105	Rv2791c
NC_000962.3	3100878	3100938	60	Rv2791c
NC_000962.3	3100964	3101131	167	Rv2791c
NC_000962.3	3101234	3101376	142	Rv2791c
NC_000962.3	3101428	3101542	114	Rv2791c
NC_000962.3	3101659	3101730	71	Rv2792c
NC_000962.3	3101860	3101910	50	Rv2792c
NC_000962.3	3102098	3102228	130	Rv2792c
NC_000962.3	3102339	3102389	50	truB
NC_000962.3	3104975	3105043	68	_
NC_000962.3	3113016	3113103	87	Rv2804c,Rv2805
NC_000962.3	3113774	3113861	87	Rv2807
NC_000962.3	3116413	3116521	108	Rv2811
NC_000962.3	3116681	3116765	84	Rv2811
NC_000962.3	3116842	3116988	146	Rv2812
NC_000962.3	3120513	3121887	1374	Rv2814c,Rv2815c
NC_000962.3	3122082	3122134	52	_
NC_000962.3	3122154	3122206	52	_
NC_000962.3	3122294	3122346	52	_
NC_000962.3	3122802	3122854	52	_
NC_000962.3	3132886	3133460	574	Rv2825c
NC_000962.3	3135782	3136356	574	Rv2828c,Rv2828A
NC_000962.3	3138021	3138084	63	_
NC_000962.3	3155874	3156093	219	_
NC_000962.3	3160525	3160586	61	mqo
NC_000962.3	3162642	3162702	60	PE_PGRS48
NC_000962.3	3163469	3163521	52	PE_PGRS48
NC_000962.3	3163680	3163730	50	PE_PGRS48
NC_000962.3	3171458	3171633	175	Rv2859c,glnA4
NC_000962.3	3189478	3189616	138	Rv2879c
NC_000962.3	3192189	3192362	173	frr
NC_000962.3	3194135	3194534	399	Rv2884,Rv2885c
NC_000962.3	3194657	3194762	105	Rv2885c
NC_000962.3	3194934	3195044	110	Rv2885c
NC_000962.3	3195057	3195119	62	Rv2885c
NC_000962.3	3195202	3195282	80	Rv2885c
NC_000962.3	3196070	3196121	51	Rv2886c
NC_000962.3	3201555	3201654	99	PPE45
NC_000962.3	3226324	3226401	77	Rv2917
NC_000962.3	3232646	3232870	224	_
NC_000962.3	3239465	3239793	328	fpg
NC_000962.3	3245097	3245165	68	fadD26
NC_000962.3	3245320	3245388	68	fadD26
NC_000962.3	3247232	3247303	71	ppsA
NC_000962.3	3247312	3247470	158	ppsA
NC_000962.3	3247556	3247738	182	ppsA
NC_000962.3	3247808	3248172	364	ppsA
NC_000962.3	3251410	3251469	59	ppsB
NC_000962.3	3252646	3252717	71	ppsB
NC_000962.3	3252726	3252884	158	ppsB
NC_000962.3	3252970	3253152	182	ppsB
NC_000962.3	3253222	3253586	364	ppsB
NC_000962.3	3257961	3258023	62	ppsC
NC_000962.3	3258180	3258231	51	ppsC
NC_000962.3	3262592	3262651	59	ppsD
NC_000962.3	3276955	3277005	50	mas
NC_000962.3	3277820	3277903	83	mas
NC_000962.3	3281069	3281122	53	mas
NC_000962.3	3284729	3284809	80	fadD28
NC_000962.3	3287949	3288004	55	_
NC_000962.3	3290431	3290481	50	Rv2944
NC_000962.3	3291392	3291509	117	pks1
NC_000962.3	3292982	3293051	69	pks1
NC_000962.3	3293177	3293236	59	pks1
NC_000962.3	3295506	3295561	55	pks1
NC_000962.3	3296593	3296664	71	pks15
NC_000962.3	3297172	3297237	65	pks15
NC_000962.3	3311026	3311089	63	Rv2958c
NC_000962.3	3311307	3311392	85	Rv2958c
NC_000962.3	3311533	3311598	65	Rv2958c
NC_000962.3	3313345	3313395	50	Rv2961
NC_000962.3	3314115	3314178	63	Rv2962c
NC_000962.3	3314396	3314481	85	Rv2962c
NC_000962.3	3314622	3314687	65	Rv2962c
NC_000962.3	3317571	3317742	171	_
NC_000962.3	3319467	3319664	197	pca
NC_000962.3	3333752	3333983	231	thiL,Rv2978c
NC_000962.3	3333989	3334183	194	Rv2978c
NC_000962.3	3334238	3334369	131	Rv2978c
NC_000962.3	3334556	3334608	52	Rv2978c
NC_000962.3	3334645	3334738	93	Rv2978c
NC_000962.3	3334821	3334959	138	Rv2978c
NC_000962.3	3335015	3335083	68	Rv2978c
NC_000962.3	3335245	3335316	71	Rv2979c
NC_000962.3	3335356	3335409	53	Rv2979c
NC_000962.3	3335446	3335496	50	Rv2979c
NC_000962.3	3335503	3335565	62	Rv2979c
NC_000962.3	3335740	3335814	74	Rv2979c
NC_000962.3	3336499	3336802	303	Rv2980,ddlA
NC_000962.3	3343347	3343446	99	hupB
NC_000962.3	3348476	3348543	67	_
NC_000962.3	3351083	3351219	136	_
NC_000962.3	3376745	3376808	63	esxQ
NC_000962.3	3376920	3377367	447	PPE46
NC_000962.3	3377644	3378275	631	PPE46
NC_000962.3	3378328	3378442	114	PE27A
NC_000962.3	3378894	3378959	65	esxR
NC_000962.3	3379195	3379284	89	esxS
NC_000962.3	3379357	3379804	447	PPE47
NC_000962.3	3380084	3380714	630	PPE47,PPE48,PE29
NC_000962.3	3380906	3381020	114	PE29
NC_000962.3	3381306	3382754	1448	Rv3023c
NC_000962.3	3430331	3430387	56	mmr
NC_000962.3	3451378	3451438	60	Rv3085
NC_000962.3	3477288	3477403	115	Rv3108
NC_000962.3	3481317	3482768	1451	Rv3115
NC_000962.3	3483941	3485116	1175	moeB2,cysA3,sseC1
NC_000962.3	3491172	3491237	65	PPE49
NC_000962.3	3491291	3491382	91	PPE49
NC_000962.3	3491604	3491661	57	PPE49
NC_000962.3	3491744	3491859	115	Rv3126c
NC_000962.3	3502154	3502264	110	PPE51
NC_000962.3	3524463	3524526	63	nuoM
NC_000962.3	3528674	3528746	72	PPE53
NC_000962.3	3528759	3528904	145	PPE53
NC_000962.3	3528906	3528997	91	PPE53
NC_000962.3	3529115	3529165	50	PPE53
NC_000962.3	3551222	3552593	1371	Rv3184,Rv3185
NC_000962.3	3552703	3554074	1371	Rv3186,Rv3187
NC_000962.3	3572553	3572609	56	Rv3200c
NC_000962.3	3590629	3590686	57	_
NC_000962.3	3594261	3594464	203	_
NC_000962.3	3598348	3598404	56	rshA,Rv3222c
NC_000962.3	3598435	3598531	96	Rv3222c
NC_000962.3	3598640	3598718	78	Rv3222c
NC_000962.3	3626605	3626666	61	mtrB,mtrA
NC_000962.3	3628083	3628146	63	_
NC_000962.3	3658634	3658711	77	purE,purK
NC_000962.3	3663722	3663999	277	accE5
NC_000962.3	3690943	3691076	133	_
NC_000962.3	3704902	3704990	88	_
NC_000962.3	3707576	3707633	57	_
NC_000962.3	3710373	3712826	2453	Rv3324A,Rv3325,Rv3326,Rv3327
NC_000962.3	3724547	3724617	70	Rv3338,icd1
NC_000962.3	3729447	3729596	149	PPE54
NC_000962.3	3729625	3729675	50	PPE54
NC_000962.3	3730344	3731070	726	PPE54
NC_000962.3	3731331	3731398	67	PPE54
NC_000962.3	3732072	3732798	726	PPE54
NC_000962.3	3734470	3734528	58	PPE54
NC_000962.3	3735633	3736287	654	PPE54
NC_000962.3	3736500	3736554	54	PPE54
NC_000962.3	3736692	3736746	54	PPE54
NC_000962.3	3737999	3738053	54	PE_PGRS49
NC_000962.3	3738321	3738373	52	PE_PGRS49,PE_PGRS50
NC_000962.3	3738609	3738662	53	PE_PGRS50
NC_000962.3	3738729	3738782	53	PE_PGRS50
NC_000962.3	3739838	3739898	60	PE_PGRS50
NC_000962.3	3739959	3740009	50	PE_PGRS50
NC_000962.3	3740073	3740123	50	PE_PGRS50
NC_000962.3	3740888	3740938	50	PE_PGRS50
NC_000962.3	3741532	3741584	52	PE_PGRS50
NC_000962.3	3741624	3741677	53	PE_PGRS50
NC_000962.3	3741965	3742015	50	PE_PGRS50
NC_000962.3	3743210	3743501	291	Rv3346c
NC_000962.3	3743506	3743602	96	_
NC_000962.3	3743798	3743943	145	PPE55
NC_000962.3	3744168	3744238	70	PPE55
NC_000962.3	3744725	3744922	197	PPE55
NC_000962.3	3744962	3745184	222	PPE55
NC_000962.3	3745205	3745332	127	PPE55
NC_000962.3	3745696	3745759	63	PPE55
NC_000962.3	3745760	3745828	68	PPE55
NC_000962.3	3745905	3745981	76	PPE55
NC_000962.3	3746510	3746999	489	PPE55
NC_000962.3	3747444	3747541	97	PPE55
NC_000962.3	3747629	3747712	83	PPE55
NC_000962.3	3748162	3748215	53	PPE55
NC_000962.3	3748223	3748467	244	PPE55
NC_000962.3	3748509	3748821	312	PPE55
NC_000962.3	3748841	3748895	54	PPE55
NC_000962.3	3750137	3750768	631	PPE55
NC_000962.3	3751112	3751168	56	PPE55
NC_000962.3	3751254	3751312	58	PPE55
NC_000962.3	3751882	3752062	180	PPE55
NC_000962.3	3752102	3752248	146	PPE55
NC_000962.3	3752325	3752403	78	PPE55
NC_000962.3	3752516	3752599	83	PPE55
NC_000962.3	3752633	3752794	161	PPE55
NC_000962.3	3752841	3752908	67	PPE55
NC_000962.3	3752910	3753180	270	PPE55
NC_000962.3	3753325	3754367	1042	Rv3348,Rv3349c
NC_000962.3	3756035	3756184	149	PPE56
NC_000962.3	3756409	3756479	70	PPE56
NC_000962.3	3756940	3757477	537	PPE56
NC_000962.3	3757569	3757628	59	PPE56
NC_000962.3	3757772	3757827	55	PPE56
NC_000962.3	3757878	3757970	92	PPE56
NC_000962.3	3757971	3758039	68	PPE56
NC_000962.3	3758116	3758192	76	PPE56
NC_000962.3	3758715	3759098	383	PPE56
NC_000962.3	3759106	3759185	79	PPE56
NC_000962.3	3759330	3759389	59	PPE56
NC_000962.3	3759533	3759588	55	PPE56
NC_000962.3	3759678	3759737	59	PPE56
NC_000962.3	3759825	3759908	83	PPE56
NC_000962.3	3760355	3760408	53	PPE56
NC_000962.3	3760416	3760674	258	PPE56
NC_000962.3	3760752	3760984	232	PPE56
NC_000962.3	3762383	3762654	271	PPE56
NC_000962.3	3762660	3762817	157	PPE56
NC_000962.3	3763047	3763100	53	PPE56
NC_000962.3	3763222	3763274	52	PPE56
NC_000962.3	3763281	3763331	50	PPE56
NC_000962.3	3764058	3764113	55	PPE56
NC_000962.3	3764133	3764236	103	PPE56
NC_000962.3	3764250	3764522	272	PPE56
NC_000962.3	3764808	3764861	53	PPE56
NC_000962.3	3764979	3765075	96	PPE56
NC_000962.3	3765160	3765218	58	PPE56
NC_000962.3	3765797	3765986	189	PPE56
NC_000962.3	3766017	3766178	161	PPE56
NC_000962.3	3766214	3766395	181	PPE56
NC_000962.3	3766434	3766517	83	PPE56
NC_000962.3	3766551	3766721	170	PPE56
NC_000962.3	3766759	3766818	59	PPE56
NC_000962.3	3766828	3767098	270	PPE56
NC_000962.3	3769526	3769723	197	Rv3355c
NC_000962.3	3769748	3769853	105	Rv3355c,folD
NC_000962.3	3770992	3771088	96	relJ,relK
NC_000962.3	3795043	3796421	1378	Rv3380c,Rv3381c
NC_000962.3	3800029	3800119	90	Rv3386
NC_000962.3	3801823	3801873	50	PE_PGRS52
NC_000962.3	3802055	3802112	57	PE_PGRS52
NC_000962.3	3802121	3802232	111	PE_PGRS52
NC_000962.3	3802427	3802497	70	PE_PGRS52
NC_000962.3	3802900	3802958	58	PE_PGRS52
NC_000962.3	3803131	3803189	58	PE_PGRS52
NC_000962.3	3803843	3803918	75	PE_PGRS52
NC_000962.3	3808261	3808420	159	cmaA1
NC_000962.3	3820386	3820597	211	Rv3401
NC_000962.3	3820710	3820771	61	Rv3402c
NC_000962.3	3835201	3835263	62	_
NC_000962.3	3841618	3842311	693	Rv3424c,PPE57
NC_000962.3	3842378	3842453	75	PPE57
NC_000962.3	3842559	3842669	110	PPE57
NC_000962.3	3842724	3842906	182	PPE57
NC_000962.3	3842978	3843116	138	PPE58
NC_000962.3	3843181	3843274	93	PPE58
NC_000962.3	3843316	3843467	151	PPE58
NC_000962.3	3843522	3843704	182	PPE58
NC_000962.3	3846546	3847245	699	PPE59
NC_000962.3	3847304	3847403	99	PPE59
NC_000962.3	3847445	3847580	135	PPE59
NC_000962.3	3847713	3847895	182	Rv3430c
NC_000962.3	3883542	3884925	1383	Rv3466,Rv3467
NC_000962.3	3890770	3892142	1372	Rv3474,Rv3475
NC_000962.3	3894401	3894789	388	PPE60
NC_000962.3	3894862	3895077	215	PPE60
NC_000962.3	3895082	3895136	54	PPE60
NC_000962.3	3895183	3895524	341	PPE60
NC_000962.3	3909752	3909822	70	_
NC_000962.3	3920469	3920548	79	yrbE4A
NC_000962.3	3927172	3927237	65	PE_PGRS53
NC_000962.3	3927268	3927333	65	PE_PGRS53
NC_000962.3	3928254	3928360	106	PE_PGRS53
NC_000962.3	3929238	3929308	70	PE_PGRS53
NC_000962.3	3929468	3929518	50	PE_PGRS53
NC_000962.3	3930984	3932144	1160	PE_PGRS54
NC_000962.3	3932293	3932356	63	PE_PGRS54
NC_000962.3	3932428	3932479	51	PE_PGRS54
NC_000962.3	3932573	3932640	67	PE_PGRS54
NC_000962.3	3932693	3932971	278	PE_PGRS54
NC_000962.3	3933152	3933211	59	PE_PGRS54
NC_000962.3	3933381	3934768	1387	PE_PGRS54
NC_000962.3	3934791	3936362	1571	PE_PGRS54
NC_000962.3	3936544	3936594	50	PE_PGRS54
NC_000962.3	3939707	3939768	61	PE_PGRS55
NC_000962.3	3940273	3940327	54	PE_PGRS55
NC_000962.3	3940507	3940561	54	PE_PGRS55
NC_000962.3	3940807	3940857	50	PE_PGRS55
NC_000962.3	3941218	3941973	755	PE_PGRS55,PE_PGRS56
NC_000962.3	3943104	3943200	96	PE_PGRS56
NC_000962.3	3943768	3943829	61	PE_PGRS56
NC_000962.3	3943839	3943910	71	PE_PGRS56
NC_000962.3	3944251	3944304	53	PE_PGRS56
NC_000962.3	3944389	3944442	53	PE_PGRS56
NC_000962.3	3944455	3944512	57	PE_PGRS56
NC_000962.3	3944542	3944595	53	PE_PGRS56
NC_000962.3	3945088	3945603	515	fadD18
NC_000962.3	3945773	3948659	2886	PE_PGRS57
NC_000962.3	3948671	3948745	74	PE_PGRS57
NC_000962.3	3948747	3950002	1255	PE_PGRS57
NC_000962.3	3950820	3951335	515	fadD19
NC_000962.3	3953331	3953402	71	echA19
NC_000962.3	3971369	3971454	85	PPE62
NC_000962.3	3971457	3971523	66	PPE62
NC_000962.3	3971980	3972033	53	PPE62
NC_000962.3	3972080	3972194	114	PPE62
NC_000962.3	3972210	3972289	79	PPE62
NC_000962.3	3972336	3972392	56	PPE62
NC_000962.3	3991560	3991618	58	_
NC_000962.3	3998149	3998203	54	PPE64
NC_000962.3	3998827	3998941	114	PPE64
NC_000962.3	3998990	3999070	80	PPE64
NC_000962.3	4021387	4021459	72	Rv3579c
NC_000962.3	4031605	4031659	54	PE_PGRS58
NC_000962.3	4032756	4032819	63	PE_PGRS58
NC_000962.3	4037831	4037882	51	PE_PGRS59
NC_000962.3	4038740	4038793	53	clpC1
NC_000962.3	4039674	4039746	72	clpC1
NC_000962.3	4040021	4040103	82	clpC1
NC_000962.3	4052963	4053554	591	Rv3611,Rv3612c
NC_000962.3	4053633	4053851	218	Rv3612c
NC_000962.3	4059976	4060594	618	esxV,esxW
NC_000962.3	4061421	4061525	104	PPE65
NC_000962.3	4070032	4070082	50	Rv3630
NC_000962.3	4070260	4070346	86	Rv3630
NC_000962.3	4077655	4077705	50	Rv3638
NC_000962.3	4077787	4077859	72	_
NC_000962.3	4077889	4077960	71	Rv3639c
NC_000962.3	4077976	4078204	228	Rv3639c
NC_000962.3	4087475	4087625	150	Rv3647c
NC_000962.3	4090856	4090909	53	Rv3649
NC_000962.3	4091335	4091422	87	PE33
NC_000962.3	4094097	4094154	57	PE_PGRS61
NC_000962.3	4101191	4101255	64	_
NC_000962.3	4107449	4107525	76	_
NC_000962.3	4120912	4121059	147	Rv3680
NC_000962.3	4134599	4134729	130	Rv3693
NC_000962.3	4143899	4143955	56	Rv3700c,Rv3701c
NC_000962.3	4155452	4155588	136	leuA
NC_000962.3	4156792	4156974	182	_
NC_000962.3	4189438	4189508	70	PPE66
NC_000962.3	4190055	4190143	88	PPE66
NC_000962.3	4199121	4199188	67	serX
NC_000962.3	4216125	4216271	146	Rv3770B
NC_000962.3	4216346	4216430	84	Rv3771c
NC_000962.3	4216590	4216698	108	Rv3771c
NC_000962.3	4221244	4221300	56	Rv3776
NC_000962.3	4221340	4221417	77	Rv3776
NC_000962.3	4221503	4221576	73	Rv3776
NC_000962.3	4221580	4221642	62	Rv3776
NC_000962.3	4221748	4221798	50	Rv3776
NC_000962.3	4222094	4222153	59	Rv3776
NC_000962.3	4222318	4222392	74	Rv3776
NC_000962.3	4222463	4222522	59	Rv3776
NC_000962.3	4222571	4222638	67	Rv3776,serU
NC_000962.3	4237929	4237997	68	aftA
NC_000962.3	4240441	4240491	50	embC
NC_000962.3	4247056	4247106	50	embB
NC_000962.3	4252875	4254338	1463	Rv3798
NC_000962.3	4265703	4265756	53	fbpA
NC_000962.3	4266205	4266274	69	fbpA
NC_000962.3	4266314	4266397	83	fbpA
NC_000962.3	4266446	4266529	83	fbpA
NC_000962.3	4288131	4288217	86	_
NC_000962.3	4293983	4294055	72	pks2
NC_000962.3	4294401	4294458	57	pks2
NC_000962.3	4294716	4294772	56	pks2
NC_000962.3	4296684	4296734	50	pks2
NC_000962.3	4297902	4297955	53	pks2
NC_000962.3	4301212	4301286	74	fadD23
NC_000962.3	4301539	4301805	266	fadD23,Rv3827c
NC_000962.3	4301860	4302003	143	Rv3827c
NC_000962.3	4302083	4302143	60	Rv3827c
NC_000962.3	4302169	4302247	78	Rv3827c
NC_000962.3	4302439	4302522	83	Rv3827c
NC_000962.3	4302526	4302576	50	Rv3827c
NC_000962.3	4302651	4302714	63	Rv3827c
NC_000962.3	4302867	4302923	56	Rv3828c
NC_000962.3	4302975	4303028	53	Rv3828c
NC_000962.3	4303122	4303184	62	Rv3828c
NC_000962.3	4303303	4303432	129	Rv3828c,Rv3829c
NC_000962.3	4317962	4318063	101	_
NC_000962.3	4318101	4318153	52	_
NC_000962.3	4318335	4319377	1042	Rv3844,Rv3845
NC_000962.3	4320039	4320111	72	_
NC_000962.3	4348718	4348833	115	eccCa1,eccCb1
NC_000962.3	4353276	4353437	161	espI
NC_000962.3	4383308	4383358	50	Rv3897c
