Type,SNV_nonsd,SNV_sd,SNV_sd_recomb,SNV_recomb,SNV_paralog,background_nonsd,background_sd,background_sd_recomb,background_recomb,background_nonsd.normalized,background_sd.normalized,background_sd_recomb.normalized,background_recomb.normalized,background_human.normalized
A[C>A]A,73,21,15,7,173,80413,7224,2638,524,0.006620604915136167,0.006635308770566564,0.006511120490283917,0.00758431031987263,0.013314664309233478
A[C>A]C,225,49,31,9,601,183914,17270,6489,1153,0.015142103047546453,0.015862649843256443,0.016016171668480798,0.016688377478651036,0.007772748635080107
A[C>A]G,230,36,21,13,417,156487,12717,4501,750,0.01288396902683538,0.011680678520943382,0.011109383368752052,0.010855405992184108,0.0017157756499803015
A[C>A]T,54,9,6,3,134,57776,4551,1460,250,0.00475684366429442,0.004180134304381012,0.003603576920323927,0.0036184686640613694,0.010681307567483178
C[C>A]A,109,23,20,16,571,166616,15200,5611,1085,0.013717915119947367,0.013961336283584131,0.01384908910954627,0.015704154002026342,0.012236217978890577
C[C>A]C,134,34,27,17,636,154813,16829,7198,1225,0.012746144388680629,0.0154575873892393,0.01776612785787098,0.01773049645390071,0.008802141888190009
C[C>A]G,406,60,37,15,848,328824,34874,15006,2217,0.027072908492591186,0.03203208168116533,0.03703785977149373,0.032088580112896226,0.001822898914231735
C[C>A]T,71,15,11,6,379,97037,8142,2786,504,0.007989300724386209,0.007478500001377763,0.00687641458905648,0.00729483282674772,0.011883107959691346
G[C>A]A,169,40,22,12,492,164950,14156,5230,850,0.013580749141951062,0.013002412923053748,0.01290870362554393,0.012302793457808655,0.009542987628164707
G[C>A]C,239,57,46,21,992,297653,31815,13603,2203,0.02450652151772755,0.029222362754094025,0.03357497044326464,0.031885945867708786,0.007896463381336807
G[C>A]G,431,64,37,17,782,312834,28341,10537,1781,0.02575641150089796,0.02603146260612223,0.026007458910584397,0.025777970762773196,0.001593142956897835
G[C>A]T,146,22,14,10,449,151369,12506,4191,803,0.01246259119046978,0.011486873129112049,0.010344240324025738,0.011622521348965117,0.009355071060235375
T[C>A]A,89,15,11,4,135,97045,8380,2844,542,0.007989959384544654,0.007697105135291778,0.007019570384521403,0.007844840063685049,0.013065431394762976
T[C>A]C,80,14,10,5,210,110887,9154,3319,454,0.009129606123695224,0.008408031074995338,0.008191966985311721,0.006571139093935446,0.010218910177683943
T[C>A]G,231,33,18,12,275,231492,18040,5874,1004,0.019059319674862293,0.016569901747095904,0.014498226595878594,0.01453177015487046,0.0014524760442444014
T[C>A]T,48,10,3,1,111,58883,4419,1395,219,0.004847985763719335,0.004058891120865676,0.0034431437012684097,0.0031697785497177594,0.014766058300303645
A[C>G]A,46,15,12,8,469,80413,7224,2638,524,0.006620604915136167,0.006635308770566564,0.006511120490283917,0.00758431031987263,0.013314664309233478
A[C>G]C,143,41,28,20,1029,183914,17270,6489,1153,0.015142103047546453,0.015862649843256443,0.016016171668480798,0.016688377478651036,0.007772748635080107
A[C>G]G,112,26,20,16,704,156487,12717,4501,750,0.01288396902683538,0.011680678520943382,0.011109383368752052,0.010855405992184108,0.0017157756499803015
A[C>G]T,53,4,1,2,196,57776,4551,1460,250,0.00475684366429442,0.004180134304381012,0.003603576920323927,0.0036184686640613694,0.010681307567483178
C[C>G]A,189,54,37,28,1539,166616,15200,5611,1085,0.013717915119947367,0.013961336283584131,0.01384908910954627,0.015704154002026342,0.012236217978890577
C[C>G]C,213,68,56,40,1536,154813,16829,7198,1225,0.012746144388680629,0.0154575873892393,0.01776612785787098,0.01773049645390071,0.008802141888190009
C[C>G]G,299,126,90,55,2564,328824,34874,15006,2217,0.027072908492591186,0.03203208168116533,0.03703785977149373,0.032088580112896226,0.001822898914231735
C[C>G]T,118,27,20,12,736,97037,8142,2786,504,0.007989300724386209,0.007478500001377763,0.00687641458905648,0.00729483282674772,0.011883107959691346
G[C>G]A,112,42,29,23,959,164950,14156,5230,850,0.013580749141951062,0.013002412923053748,0.01290870362554393,0.012302793457808655,0.009542987628164707
G[C>G]C,275,100,78,45,1892,297653,31815,13603,2203,0.02450652151772755,0.029222362754094025,0.03357497044326464,0.031885945867708786,0.007896463381336807
G[C>G]G,191,67,47,33,1317,312834,28341,10537,1781,0.02575641150089796,0.02603146260612223,0.026007458910584397,0.025777970762773196,0.001593142956897835
G[C>G]T,122,30,24,22,861,151369,12506,4191,803,0.01246259119046978,0.011486873129112049,0.010344240324025738,0.011622521348965117,0.009355071060235375
T[C>G]A,83,15,12,12,731,97045,8380,2844,542,0.007989959384544654,0.007697105135291778,0.007019570384521403,0.007844840063685049,0.013065431394762976
T[C>G]C,99,33,24,11,839,110887,9154,3319,454,0.009129606123695224,0.008408031074995338,0.008191966985311721,0.006571139093935446,0.010218910177683943
T[C>G]G,165,50,38,28,1350,231492,18040,5874,1004,0.019059319674862293,0.016569901747095904,0.014498226595878594,0.01453177015487046,0.0014524760442444014
T[C>G]T,61,9,7,6,413,58883,4419,1395,219,0.004847985763719335,0.004058891120865676,0.0034431437012684097,0.0031697785497177594,0.014766058300303645
A[C>T]A,346,46,28,19,628,80413,7224,2638,524,0.006620604915136167,0.006635308770566564,0.006511120490283917,0.00758431031987263,0.013314664309233478
A[C>T]C,563,95,56,31,1163,183914,17270,6489,1153,0.015142103047546453,0.015862649843256443,0.016016171668480798,0.016688377478651036,0.007772748635080107
A[C>T]G,752,100,59,37,1197,156487,12717,4501,750,0.01288396902683538,0.011680678520943382,0.011109383368752052,0.010855405992184108,0.0017157756499803015
A[C>T]T,196,27,12,8,458,57776,4551,1460,250,0.00475684366429442,0.004180134304381012,0.003603576920323927,0.0036184686640613694,0.010681307567483178
C[C>T]A,631,76,45,27,493,166616,15200,5611,1085,0.013717915119947367,0.013961336283584131,0.01384908910954627,0.015704154002026342,0.012236217978890577
C[C>T]C,537,98,50,17,684,154813,16829,7198,1225,0.012746144388680629,0.0154575873892393,0.01776612785787098,0.01773049645390071,0.008802141888190009
C[C>T]G,1394,208,122,58,1608,328824,34874,15006,2217,0.027072908492591186,0.03203208168116533,0.03703785977149373,0.032088580112896226,0.001822898914231735
C[C>T]T,418,45,28,19,697,97037,8142,2786,504,0.007989300724386209,0.007478500001377763,0.00687641458905648,0.00729483282674772,0.011883107959691346
G[C>T]A,575,84,42,18,849,164950,14156,5230,850,0.013580749141951062,0.013002412923053748,0.01290870362554393,0.012302793457808655,0.009542987628164707
G[C>T]C,956,191,113,52,1561,297653,31815,13603,2203,0.02450652151772755,0.029222362754094025,0.03357497044326464,0.031885945867708786,0.007896463381336807
G[C>T]G,1219,208,132,67,2233,312834,28341,10537,1781,0.02575641150089796,0.02603146260612223,0.026007458910584397,0.025777970762773196,0.001593142956897835
G[C>T]T,496,107,70,44,1282,151369,12506,4191,803,0.01246259119046978,0.011486873129112049,0.010344240324025738,0.011622521348965117,0.009355071060235375
T[C>T]A,315,34,22,10,351,97045,8380,2844,542,0.007989959384544654,0.007697105135291778,0.007019570384521403,0.007844840063685049,0.013065431394762976
T[C>T]C,295,35,16,7,514,110887,9154,3319,454,0.009129606123695224,0.008408031074995338,0.008191966985311721,0.006571139093935446,0.010218910177683943
T[C>T]G,776,108,50,22,1146,231492,18040,5874,1004,0.019059319674862293,0.016569901747095904,0.014498226595878594,0.01453177015487046,0.0014524760442444014
T[C>T]T,153,28,9,8,275,58883,4419,1395,219,0.004847985763719335,0.004058891120865676,0.0034431437012684097,0.0031697785497177594,0.014766058300303645
A[T>A]A,4,0,0,0,101,29337,2270,846,135,0.0024153891335399716,0.002085015352877367,0.00208810005109181,0.0019539730785931393,0.01375217447602478
A[T>A]C,28,5,4,2,241,133460,10790,3655,619,0.010988098093269408,0.009910711743412683,0.009021283317660242,0.00895932841221595,0.008884738613824942
A[T>A]G,16,7,6,4,242,93686,7467,2640,485,0.007713404450517291,0.006858506449310705,0.006516056897024087,0.007019829208279056,0.012249202616981677
A[T>A]T,9,3,3,1,103,45513,3933,1529,234,0.0037471999739170578,0.003612495763377394,0.003773882952859784,0.0033868866695614414,0.016796350739601416
C[T>A]A,11,6,4,5,108,38300,2979,1001,186,0.0031533355085585067,0.0027362382097892847,0.0024706715734549665,0.002692140686061659,0.008662196344319407
C[T>A]C,35,15,14,12,373,103621,8521,2777,459,0.008531378034786971,0.007826614899501342,0.006854200758725716,0.0066435084672166736,0.011240729058574078
C[T>A]G,37,10,6,5,387,155247,12656,4281,801,0.012781876702276304,0.011624649474015841,0.010566378627333377,0.011593573599652627,0.013522057834299446
C[T>A]T,22,4,3,2,238,67910,5449,1770,328,0.0055912014200054354,0.005004955355871706,0.00436871996505024,0.004747430887248516,0.01328112066083151
G[T>A]A,6,6,4,4,178,53361,4074,1323,244,0.004393345589352232,0.0037420055275869577,0.0032654330586222983,0.0035316254161238962,0.007597456020850439
G[T>A]C,22,14,14,11,363,167946,12771,4236,725,0.013827417371288954,0.011730278005108747,0.010455309475679558,0.010493559125777971,0.006341913654320772
G[T>A]G,21,11,6,6,439,160792,14659,5467,998,0.01323841052459894,0.01346442293296446,0.013493667824254048,0.014444926906932986,0.010073554367942075
G[T>A]T,12,9,6,6,316,96499,10250,4066,718,0.00794500582873074,0.009414716901759037,0.010035714902765128,0.010392242003184253,0.009696639178909209
T[T>A]A,5,5,4,2,36,17303,1584,680,129,0.001424599590198116,0.0014549182021840307,0.0016783782916577194,0.0018671298306556666,0.01376768390485578
T[T>A]C,20,13,13,6,270,93297,7894,2764,422,0.007681377100312872,0.007250709777803496,0.006822114114914612,0.006107975104935591,0.013187703403453979
T[T>A]G,21,10,6,7,201,99312,10165,3929,723,0.008176607206944188,0.009336643639646888,0.0096975710410635,0.010464611376465479,0.012590770735655479
T[T>A]T,10,7,5,3,151,42046,3827,1405,260,0.0034617531277506782,0.0035151338129787153,0.0034678257349692585,0.003763207410623824,0.025569637876477893
A[T>C]A,72,16,13,8,569,29337,2270,846,135,0.0024153891335399716,0.002085015352877367,0.00208810005109181,0.0019539730785931393,0.01375217447602478
A[T>C]C,298,57,37,28,981,133460,10790,3655,619,0.010988098093269408,0.009910711743412683,0.009021283317660242,0.00895932841221595,0.008884738613824942
A[T>C]G,315,64,49,30,1378,93686,7467,2640,485,0.007713404450517291,0.006858506449310705,0.006516056897024087,0.007019829208279056,0.012249202616981677
A[T>C]T,80,11,5,3,549,45513,3933,1529,234,0.0037471999739170578,0.003612495763377394,0.003773882952859784,0.0033868866695614414,0.016796350739601416
C[T>C]A,72,32,23,20,378,38300,2979,1001,186,0.0031533355085585067,0.0027362382097892847,0.0024706715734549665,0.002692140686061659,0.008662196344319407
C[T>C]C,188,50,34,23,522,103621,8521,2777,459,0.008531378034786971,0.007826614899501342,0.006854200758725716,0.0066435084672166736,0.011240729058574078
C[T>C]G,359,85,56,34,1381,155247,12656,4281,801,0.012781876702276304,0.011624649474015841,0.010566378627333377,0.011593573599652627,0.013522057834299446
C[T>C]T,86,41,33,24,724,67910,5449,1770,328,0.0055912014200054354,0.005004955355871706,0.00436871996505024,0.004747430887248516,0.01328112066083151
G[T>C]A,197,38,22,13,616,53361,4074,1323,244,0.004393345589352232,0.0037420055275869577,0.0032654330586222983,0.0035316254161238962,0.007597456020850439
G[T>C]C,431,75,50,31,1194,167946,12771,4236,725,0.013827417371288954,0.011730278005108747,0.010455309475679558,0.010493559125777971,0.006341913654320772
G[T>C]G,546,195,142,81,2592,160792,14659,5467,998,0.01323841052459894,0.01346442293296446,0.013493667824254048,0.014444926906932986,0.010073554367942075
G[T>C]T,237,96,68,48,1516,96499,10250,4066,718,0.00794500582873074,0.009414716901759037,0.010035714902765128,0.010392242003184253,0.009696639178909209
T[T>C]A,48,25,24,20,289,17303,1584,680,129,0.001424599590198116,0.0014549182021840307,0.0016783782916577194,0.0018671298306556666,0.01376768390485578
T[T>C]C,139,28,19,8,616,93297,7894,2764,422,0.007681377100312872,0.007250709777803496,0.006822114114914612,0.006107975104935591,0.013187703403453979
T[T>C]G,226,74,50,34,1444,99312,10165,3929,723,0.008176607206944188,0.009336643639646888,0.0096975710410635,0.010464611376465479,0.012590770735655479
T[T>C]T,66,18,15,10,430,42046,3827,1405,260,0.0034617531277506782,0.0035151338129787153,0.0034678257349692585,0.003763207410623824,0.025569637876477893
A[T>G]A,10,2,1,0,125,29337,2270,846,135,0.0024153891335399716,0.002085015352877367,0.00208810005109181,0.0019539730785931393,0.01375217447602478
A[T>G]C,89,20,11,9,529,133460,10790,3655,619,0.010988098093269408,0.009910711743412683,0.009021283317660242,0.00895932841221595,0.008884738613824942
A[T>G]G,42,13,11,8,391,93686,7467,2640,485,0.007713404450517291,0.006858506449310705,0.006516056897024087,0.007019829208279056,0.012249202616981677
A[T>G]T,32,8,5,3,185,45513,3933,1529,234,0.0037471999739170578,0.003612495763377394,0.003773882952859784,0.0033868866695614414,0.016796350739601416
C[T>G]A,66,6,5,4,239,38300,2979,1001,186,0.0031533355085585067,0.0027362382097892847,0.0024706715734549665,0.002692140686061659,0.008662196344319407
C[T>G]C,200,40,27,13,698,103621,8521,2777,459,0.008531378034786971,0.007826614899501342,0.006854200758725716,0.0066435084672166736,0.011240729058574078
C[T>G]G,258,44,23,10,690,155247,12656,4281,801,0.012781876702276304,0.011624649474015841,0.010566378627333377,0.011593573599652627,0.013522057834299446
C[T>G]T,140,34,25,19,543,67910,5449,1770,328,0.0055912014200054354,0.005004955355871706,0.00436871996505024,0.004747430887248516,0.01328112066083151
G[T>G]A,48,0,0,0,154,53361,4074,1323,244,0.004393345589352232,0.0037420055275869577,0.0032654330586222983,0.0035316254161238962,0.007597456020850439
G[T>G]C,244,47,33,15,753,167946,12771,4236,725,0.013827417371288954,0.011730278005108747,0.010455309475679558,0.010493559125777971,0.006341913654320772
G[T>G]G,202,52,31,15,579,160792,14659,5467,998,0.01323841052459894,0.01346442293296446,0.013493667824254048,0.014444926906932986,0.010073554367942075
G[T>G]T,114,31,19,7,685,96499,10250,4066,718,0.00794500582873074,0.009414716901759037,0.010035714902765128,0.010392242003184253,0.009696639178909209
T[T>G]A,8,5,5,3,136,17303,1584,680,129,0.001424599590198116,0.0014549182021840307,0.0016783782916577194,0.0018671298306556666,0.01376768390485578
T[T>G]C,66,21,13,9,605,93297,7894,2764,422,0.007681377100312872,0.007250709777803496,0.006822114114914612,0.006107975104935591,0.013187703403453979
T[T>G]G,74,25,15,15,608,99312,10165,3929,723,0.008176607206944188,0.009336643639646888,0.0096975710410635,0.010464611376465479,0.012590770735655479
T[T>G]T,44,9,7,2,292,42046,3827,1405,260,0.0034617531277506782,0.0035151338129787153,0.0034678257349692585,0.003763207410623824,0.025569637876477893
