Type,SNV_NonPR,SNV_PR,background_NonPR,background_PR,background_NonPR.normalized,background_PR.normalized
A[C>A]A,73,21,80413,7224,0.006620604915136170,0.006635308770566560
A[C>A]C,225,49,183914,17270,0.015142103047546500,0.015862649843256400
A[C>A]G,230,36,156487,12717,0.01288396902683540,0.011680678520943400
A[C>A]T,54,9,57776,4551,0.00475684366429442,0.004180134304381010
C[C>A]A,109,23,166616,15200,0.013717915119947400,0.013961336283584100
C[C>A]C,134,34,154813,16829,0.012746144388680600,0.0154575873892393
C[C>A]G,406,60,328824,34874,0.027072908492591200,0.03203208168116530
C[C>A]T,71,15,97037,8142,0.007989300724386210,0.007478500001377760
G[C>A]A,169,40,164950,14156,0.013580749141951100,0.013002412923053700
G[C>A]C,239,57,297653,31815,0.02450652151772760,0.029222362754094000
G[C>A]G,431,64,312834,28341,0.02575641150089800,0.02603146260612220
G[C>A]T,146,22,151369,12506,0.01246259119046980,0.011486873129112000
T[C>A]A,89,15,97045,8380,0.007989959384544650,0.007697105135291780
T[C>A]C,80,14,110887,9154,0.009129606123695220,0.008408031074995340
T[C>A]G,231,33,231492,18040,0.019059319674862300,0.016569901747095900
T[C>A]T,48,10,58883,4419,0.004847985763719340,0.004058891120865680
A[C>G]A,46,15,80413,7224,0.006620604915136170,0.006635308770566560
A[C>G]C,143,41,183914,17270,0.015142103047546500,0.015862649843256400
A[C>G]G,112,26,156487,12717,0.01288396902683540,0.011680678520943400
A[C>G]T,53,4,57776,4551,0.00475684366429442,0.004180134304381010
C[C>G]A,189,54,166616,15200,0.013717915119947400,0.013961336283584100
C[C>G]C,213,68,154813,16829,0.012746144388680600,0.0154575873892393
C[C>G]G,299,126,328824,34874,0.027072908492591200,0.03203208168116530
C[C>G]T,118,27,97037,8142,0.007989300724386210,0.007478500001377760
G[C>G]A,112,42,164950,14156,0.013580749141951100,0.013002412923053700
G[C>G]C,275,100,297653,31815,0.02450652151772760,0.029222362754094000
G[C>G]G,191,67,312834,28341,0.02575641150089800,0.02603146260612220
G[C>G]T,122,30,151369,12506,0.01246259119046980,0.011486873129112000
T[C>G]A,83,15,97045,8380,0.007989959384544650,0.007697105135291780
T[C>G]C,99,33,110887,9154,0.009129606123695220,0.008408031074995340
T[C>G]G,165,50,231492,18040,0.019059319674862300,0.016569901747095900
T[C>G]T,61,9,58883,4419,0.004847985763719340,0.004058891120865680
A[C>T]A,346,46,80413,7224,0.006620604915136170,0.006635308770566560
A[C>T]C,563,95,183914,17270,0.015142103047546500,0.015862649843256400
A[C>T]G,752,100,156487,12717,0.01288396902683540,0.011680678520943400
A[C>T]T,196,27,57776,4551,0.00475684366429442,0.004180134304381010
C[C>T]A,631,76,166616,15200,0.013717915119947400,0.013961336283584100
C[C>T]C,537,98,154813,16829,0.012746144388680600,0.0154575873892393
C[C>T]G,1394,208,328824,34874,0.027072908492591200,0.03203208168116530
C[C>T]T,418,45,97037,8142,0.007989300724386210,0.007478500001377760
G[C>T]A,575,84,164950,14156,0.013580749141951100,0.013002412923053700
G[C>T]C,956,191,297653,31815,0.02450652151772760,0.029222362754094000
G[C>T]G,1219,208,312834,28341,0.02575641150089800,0.02603146260612220
G[C>T]T,496,107,151369,12506,0.01246259119046980,0.011486873129112000
T[C>T]A,315,34,97045,8380,0.007989959384544650,0.007697105135291780
T[C>T]C,295,35,110887,9154,0.009129606123695220,0.008408031074995340
T[C>T]G,776,108,231492,18040,0.019059319674862300,0.016569901747095900
T[C>T]T,153,28,58883,4419,0.004847985763719340,0.004058891120865680
A[T>A]A,4,0,29337,2270,0.0024153891335399700,0.002085015352877370
A[T>A]C,28,5,133460,10790,0.010988098093269400,0.009910711743412680
A[T>A]G,16,7,93686,7467,0.007713404450517290,0.006858506449310710
A[T>A]T,9,3,45513,3933,0.0037471999739170600,0.003612495763377390
C[T>A]A,11,6,38300,2979,0.0031533355085585100,0.0027362382097892800
C[T>A]C,35,15,103621,8521,0.008531378034786970,0.007826614899501340
C[T>A]G,37,10,155247,12656,0.012781876702276300,0.011624649474015800
C[T>A]T,22,4,67910,5449,0.0055912014200054400,0.005004955355871710
G[T>A]A,6,6,53361,4074,0.004393345589352230,0.0037420055275869600
G[T>A]C,22,14,167946,12771,0.013827417371289000,0.011730278005108700
G[T>A]G,21,11,160792,14659,0.01323841052459890,0.01346442293296450
G[T>A]T,12,9,96499,10250,0.00794500582873074,0.009414716901759040
T[T>A]A,5,5,17303,1584,0.001424599590198120,0.0014549182021840300
T[T>A]C,20,13,93297,7894,0.007681377100312870,0.007250709777803500
T[T>A]G,21,10,99312,10165,0.008176607206944190,0.009336643639646890
T[T>A]T,10,7,42046,3827,0.0034617531277506800,0.0035151338129787200
A[T>C]A,72,16,29337,2270,0.0024153891335399700,0.002085015352877370
A[T>C]C,298,57,133460,10790,0.010988098093269400,0.009910711743412680
A[T>C]G,315,64,93686,7467,0.007713404450517290,0.006858506449310710
A[T>C]T,80,11,45513,3933,0.0037471999739170600,0.003612495763377390
C[T>C]A,72,32,38300,2979,0.0031533355085585100,0.0027362382097892800
C[T>C]C,188,50,103621,8521,0.008531378034786970,0.007826614899501340
C[T>C]G,359,85,155247,12656,0.012781876702276300,0.011624649474015800
C[T>C]T,86,41,67910,5449,0.0055912014200054400,0.005004955355871710
G[T>C]A,197,38,53361,4074,0.004393345589352230,0.0037420055275869600
G[T>C]C,431,75,167946,12771,0.013827417371289000,0.011730278005108700
G[T>C]G,546,195,160792,14659,0.01323841052459890,0.01346442293296450
G[T>C]T,237,96,96499,10250,0.00794500582873074,0.009414716901759040
T[T>C]A,48,25,17303,1584,0.001424599590198120,0.0014549182021840300
T[T>C]C,139,28,93297,7894,0.007681377100312870,0.007250709777803500
T[T>C]G,226,74,99312,10165,0.008176607206944190,0.009336643639646890
T[T>C]T,66,18,42046,3827,0.0034617531277506800,0.0035151338129787200
A[T>G]A,10,2,29337,2270,0.0024153891335399700,0.002085015352877370
A[T>G]C,89,20,133460,10790,0.010988098093269400,0.009910711743412680
A[T>G]G,42,13,93686,7467,0.007713404450517290,0.006858506449310710
A[T>G]T,32,8,45513,3933,0.0037471999739170600,0.003612495763377390
C[T>G]A,66,6,38300,2979,0.0031533355085585100,0.0027362382097892800
C[T>G]C,200,40,103621,8521,0.008531378034786970,0.007826614899501340
C[T>G]G,258,44,155247,12656,0.012781876702276300,0.011624649474015800
C[T>G]T,140,34,67910,5449,0.0055912014200054400,0.005004955355871710
G[T>G]A,48,0,53361,4074,0.004393345589352230,0.0037420055275869600
G[T>G]C,244,47,167946,12771,0.013827417371289000,0.011730278005108700
G[T>G]G,202,52,160792,14659,0.01323841052459890,0.01346442293296450
G[T>G]T,114,31,96499,10250,0.00794500582873074,0.009414716901759040
T[T>G]A,8,5,17303,1584,0.001424599590198120,0.0014549182021840300
T[T>G]C,66,21,93297,7894,0.007681377100312870,0.007250709777803500
T[T>G]G,74,25,99312,10165,0.008176607206944190,0.009336643639646890
T[T>G]T,44,9,42046,3827,0.0034617531277506800,0.0035151338129787200